-- MySQL dump 10.13  Distrib 5.6.38, for osx10.9 (x86_64)
--
-- Host: localhost    Database: rwdkent
-- ------------------------------------------------------
-- Server version	5.6.38

/*!40101 SET @OLD_CHARACTER_SET_CLIENT=@@CHARACTER_SET_CLIENT */;
/*!40101 SET @OLD_CHARACTER_SET_RESULTS=@@CHARACTER_SET_RESULTS */;
/*!40101 SET @OLD_COLLATION_CONNECTION=@@COLLATION_CONNECTION */;
/*!40101 SET NAMES utf8 */;
/*!40103 SET @OLD_TIME_ZONE=@@TIME_ZONE */;
/*!40103 SET TIME_ZONE='+00:00' */;
/*!40014 SET @OLD_UNIQUE_CHECKS=@@UNIQUE_CHECKS, UNIQUE_CHECKS=0 */;
/*!40014 SET @OLD_FOREIGN_KEY_CHECKS=@@FOREIGN_KEY_CHECKS, FOREIGN_KEY_CHECKS=0 */;
/*!40101 SET @OLD_SQL_MODE=@@SQL_MODE, SQL_MODE='NO_AUTO_VALUE_ON_ZERO' */;
/*!40111 SET @OLD_SQL_NOTES=@@SQL_NOTES, SQL_NOTES=0 */;

--
-- Table structure for table `craft_assetindexdata`
--

DROP TABLE IF EXISTS `craft_assetindexdata`;
/*!40101 SET @saved_cs_client     = @@character_set_client */;
/*!40101 SET character_set_client = utf8 */;
CREATE TABLE `craft_assetindexdata` (
  `id` int(11) NOT NULL AUTO_INCREMENT,
  `sessionId` varchar(36) NOT NULL DEFAULT '',
  `volumeId` int(11) NOT NULL,
  `uri` text,
  `size` bigint(20) unsigned DEFAULT NULL,
  `timestamp` datetime DEFAULT NULL,
  `recordId` int(11) DEFAULT NULL,
  `inProgress` tinyint(1) DEFAULT '0',
  `completed` tinyint(1) DEFAULT '0',
  `dateCreated` datetime NOT NULL,
  `dateUpdated` datetime NOT NULL,
  `uid` char(36) NOT NULL DEFAULT '0',
  PRIMARY KEY (`id`),
  KEY `craft_assetindexdata_sessionId_volumeId_idx` (`sessionId`,`volumeId`),
  KEY `craft_assetindexdata_volumeId_idx` (`volumeId`),
  CONSTRAINT `craft_assetindexdata_volumeId_fk` FOREIGN KEY (`volumeId`) REFERENCES `craft_volumes` (`id`) ON DELETE CASCADE
) ENGINE=InnoDB DEFAULT CHARSET=utf8;
/*!40101 SET character_set_client = @saved_cs_client */;

--
-- Table structure for table `craft_assets`
--

DROP TABLE IF EXISTS `craft_assets`;
/*!40101 SET @saved_cs_client     = @@character_set_client */;
/*!40101 SET character_set_client = utf8 */;
CREATE TABLE `craft_assets` (
  `id` int(11) NOT NULL,
  `volumeId` int(11) DEFAULT NULL,
  `folderId` int(11) NOT NULL,
  `filename` varchar(255) NOT NULL,
  `kind` varchar(50) NOT NULL DEFAULT 'unknown',
  `width` int(11) unsigned DEFAULT NULL,
  `height` int(11) unsigned DEFAULT NULL,
  `size` bigint(20) unsigned DEFAULT NULL,
  `focalPoint` varchar(13) DEFAULT NULL,
  `dateModified` datetime DEFAULT NULL,
  `dateCreated` datetime NOT NULL,
  `dateUpdated` datetime NOT NULL,
  `uid` char(36) NOT NULL DEFAULT '0',
  PRIMARY KEY (`id`),
  UNIQUE KEY `craft_assets_filename_folderId_unq_idx` (`filename`,`folderId`),
  KEY `craft_assets_folderId_idx` (`folderId`),
  KEY `craft_assets_volumeId_idx` (`volumeId`),
  CONSTRAINT `craft_assets_folderId_fk` FOREIGN KEY (`folderId`) REFERENCES `craft_volumefolders` (`id`) ON DELETE CASCADE,
  CONSTRAINT `craft_assets_id_fk` FOREIGN KEY (`id`) REFERENCES `craft_elements` (`id`) ON DELETE CASCADE,
  CONSTRAINT `craft_assets_volumeId_fk` FOREIGN KEY (`volumeId`) REFERENCES `craft_volumes` (`id`) ON DELETE CASCADE
) ENGINE=InnoDB DEFAULT CHARSET=utf8;
/*!40101 SET character_set_client = @saved_cs_client */;

--
-- Table structure for table `craft_assettransformindex`
--

DROP TABLE IF EXISTS `craft_assettransformindex`;
/*!40101 SET @saved_cs_client     = @@character_set_client */;
/*!40101 SET character_set_client = utf8 */;
CREATE TABLE `craft_assettransformindex` (
  `id` int(11) NOT NULL AUTO_INCREMENT,
  `assetId` int(11) NOT NULL,
  `filename` varchar(255) DEFAULT NULL,
  `format` varchar(255) DEFAULT NULL,
  `location` varchar(255) NOT NULL,
  `volumeId` int(11) DEFAULT NULL,
  `fileExists` tinyint(1) NOT NULL DEFAULT '0',
  `inProgress` tinyint(1) NOT NULL DEFAULT '0',
  `dateIndexed` datetime DEFAULT NULL,
  `dateCreated` datetime NOT NULL,
  `dateUpdated` datetime NOT NULL,
  `uid` char(36) NOT NULL DEFAULT '0',
  PRIMARY KEY (`id`),
  KEY `craft_assettransformindex_volumeId_assetId_location_idx` (`volumeId`,`assetId`,`location`)
) ENGINE=InnoDB DEFAULT CHARSET=utf8;
/*!40101 SET character_set_client = @saved_cs_client */;

--
-- Table structure for table `craft_assettransforms`
--

DROP TABLE IF EXISTS `craft_assettransforms`;
/*!40101 SET @saved_cs_client     = @@character_set_client */;
/*!40101 SET character_set_client = utf8 */;
CREATE TABLE `craft_assettransforms` (
  `id` int(11) NOT NULL AUTO_INCREMENT,
  `name` varchar(255) NOT NULL,
  `handle` varchar(255) NOT NULL,
  `mode` enum('stretch','fit','crop') NOT NULL DEFAULT 'crop',
  `position` enum('top-left','top-center','top-right','center-left','center-center','center-right','bottom-left','bottom-center','bottom-right') NOT NULL DEFAULT 'center-center',
  `width` int(11) unsigned DEFAULT NULL,
  `height` int(11) unsigned DEFAULT NULL,
  `format` varchar(255) DEFAULT NULL,
  `quality` int(11) DEFAULT NULL,
  `interlace` enum('none','line','plane','partition') NOT NULL DEFAULT 'none',
  `dimensionChangeTime` datetime DEFAULT NULL,
  `dateCreated` datetime NOT NULL,
  `dateUpdated` datetime NOT NULL,
  `uid` char(36) NOT NULL DEFAULT '0',
  PRIMARY KEY (`id`),
  UNIQUE KEY `craft_assettransforms_name_unq_idx` (`name`),
  UNIQUE KEY `craft_assettransforms_handle_unq_idx` (`handle`)
) ENGINE=InnoDB DEFAULT CHARSET=utf8;
/*!40101 SET character_set_client = @saved_cs_client */;

--
-- Table structure for table `craft_categories`
--

DROP TABLE IF EXISTS `craft_categories`;
/*!40101 SET @saved_cs_client     = @@character_set_client */;
/*!40101 SET character_set_client = utf8 */;
CREATE TABLE `craft_categories` (
  `id` int(11) NOT NULL,
  `groupId` int(11) NOT NULL,
  `dateCreated` datetime NOT NULL,
  `dateUpdated` datetime NOT NULL,
  `uid` char(36) NOT NULL DEFAULT '0',
  PRIMARY KEY (`id`),
  KEY `craft_categories_groupId_idx` (`groupId`),
  CONSTRAINT `craft_categories_groupId_fk` FOREIGN KEY (`groupId`) REFERENCES `craft_categorygroups` (`id`) ON DELETE CASCADE,
  CONSTRAINT `craft_categories_id_fk` FOREIGN KEY (`id`) REFERENCES `craft_elements` (`id`) ON DELETE CASCADE
) ENGINE=InnoDB DEFAULT CHARSET=utf8;
/*!40101 SET character_set_client = @saved_cs_client */;

--
-- Table structure for table `craft_categorygroups`
--

DROP TABLE IF EXISTS `craft_categorygroups`;
/*!40101 SET @saved_cs_client     = @@character_set_client */;
/*!40101 SET character_set_client = utf8 */;
CREATE TABLE `craft_categorygroups` (
  `id` int(11) NOT NULL AUTO_INCREMENT,
  `structureId` int(11) NOT NULL,
  `fieldLayoutId` int(11) DEFAULT NULL,
  `name` varchar(255) NOT NULL,
  `handle` varchar(255) NOT NULL,
  `dateCreated` datetime NOT NULL,
  `dateUpdated` datetime NOT NULL,
  `uid` char(36) NOT NULL DEFAULT '0',
  PRIMARY KEY (`id`),
  UNIQUE KEY `craft_categorygroups_name_unq_idx` (`name`),
  UNIQUE KEY `craft_categorygroups_handle_unq_idx` (`handle`),
  KEY `craft_categorygroups_structureId_idx` (`structureId`),
  KEY `craft_categorygroups_fieldLayoutId_idx` (`fieldLayoutId`),
  CONSTRAINT `craft_categorygroups_fieldLayoutId_fk` FOREIGN KEY (`fieldLayoutId`) REFERENCES `craft_fieldlayouts` (`id`) ON DELETE SET NULL,
  CONSTRAINT `craft_categorygroups_structureId_fk` FOREIGN KEY (`structureId`) REFERENCES `craft_structures` (`id`) ON DELETE CASCADE
) ENGINE=InnoDB AUTO_INCREMENT=6 DEFAULT CHARSET=utf8;
/*!40101 SET character_set_client = @saved_cs_client */;

--
-- Table structure for table `craft_categorygroups_sites`
--

DROP TABLE IF EXISTS `craft_categorygroups_sites`;
/*!40101 SET @saved_cs_client     = @@character_set_client */;
/*!40101 SET character_set_client = utf8 */;
CREATE TABLE `craft_categorygroups_sites` (
  `id` int(11) NOT NULL AUTO_INCREMENT,
  `groupId` int(11) NOT NULL,
  `siteId` int(11) NOT NULL,
  `hasUrls` tinyint(1) NOT NULL DEFAULT '1',
  `uriFormat` text,
  `template` varchar(500) DEFAULT NULL,
  `dateCreated` datetime NOT NULL,
  `dateUpdated` datetime NOT NULL,
  `uid` char(36) NOT NULL DEFAULT '0',
  PRIMARY KEY (`id`),
  UNIQUE KEY `craft_categorygroups_sites_groupId_siteId_unq_idx` (`groupId`,`siteId`),
  KEY `craft_categorygroups_sites_siteId_idx` (`siteId`),
  CONSTRAINT `craft_categorygroups_sites_groupId_fk` FOREIGN KEY (`groupId`) REFERENCES `craft_categorygroups` (`id`) ON DELETE CASCADE,
  CONSTRAINT `craft_categorygroups_sites_siteId_fk` FOREIGN KEY (`siteId`) REFERENCES `craft_sites` (`id`) ON DELETE CASCADE ON UPDATE CASCADE
) ENGINE=InnoDB AUTO_INCREMENT=6 DEFAULT CHARSET=utf8;
/*!40101 SET character_set_client = @saved_cs_client */;

--
-- Table structure for table `craft_content`
--

DROP TABLE IF EXISTS `craft_content`;
/*!40101 SET @saved_cs_client     = @@character_set_client */;
/*!40101 SET character_set_client = utf8 */;
CREATE TABLE `craft_content` (
  `id` int(11) NOT NULL AUTO_INCREMENT,
  `elementId` int(11) NOT NULL,
  `siteId` int(11) NOT NULL,
  `title` varchar(255) DEFAULT NULL,
  `dateCreated` datetime NOT NULL,
  `dateUpdated` datetime NOT NULL,
  `uid` char(36) NOT NULL DEFAULT '0',
  `field_heading` text,
  `field_subheading` text,
  `field_personName` text,
  `field_body` text,
  `field_dayTime` text,
  `field_assignmentPoints` int(10) DEFAULT NULL,
  `field_dueDate` datetime DEFAULT NULL,
  `field_address` text,
  `field_intro` text,
  `field_date` datetime DEFAULT NULL,
  `field_readForToday` text,
  PRIMARY KEY (`id`),
  UNIQUE KEY `craft_content_elementId_siteId_unq_idx` (`elementId`,`siteId`),
  KEY `craft_content_siteId_idx` (`siteId`),
  KEY `craft_content_title_idx` (`title`),
  CONSTRAINT `craft_content_elementId_fk` FOREIGN KEY (`elementId`) REFERENCES `craft_elements` (`id`) ON DELETE CASCADE,
  CONSTRAINT `craft_content_siteId_fk` FOREIGN KEY (`siteId`) REFERENCES `craft_sites` (`id`) ON DELETE CASCADE ON UPDATE CASCADE
) ENGINE=InnoDB AUTO_INCREMENT=68 DEFAULT CHARSET=utf8;
/*!40101 SET character_set_client = @saved_cs_client */;

--
-- Table structure for table `craft_craftidtokens`
--

DROP TABLE IF EXISTS `craft_craftidtokens`;
/*!40101 SET @saved_cs_client     = @@character_set_client */;
/*!40101 SET character_set_client = utf8 */;
CREATE TABLE `craft_craftidtokens` (
  `id` int(11) NOT NULL AUTO_INCREMENT,
  `userId` int(11) NOT NULL,
  `accessToken` text NOT NULL,
  `expiryDate` datetime DEFAULT NULL,
  `dateCreated` datetime NOT NULL,
  `dateUpdated` datetime NOT NULL,
  `uid` char(36) NOT NULL DEFAULT '0',
  PRIMARY KEY (`id`),
  KEY `craft_craftidtokens_userId_fk` (`userId`),
  CONSTRAINT `craft_craftidtokens_userId_fk` FOREIGN KEY (`userId`) REFERENCES `craft_users` (`id`) ON DELETE CASCADE
) ENGINE=InnoDB DEFAULT CHARSET=utf8;
/*!40101 SET character_set_client = @saved_cs_client */;

--
-- Table structure for table `craft_deprecationerrors`
--

DROP TABLE IF EXISTS `craft_deprecationerrors`;
/*!40101 SET @saved_cs_client     = @@character_set_client */;
/*!40101 SET character_set_client = utf8 */;
CREATE TABLE `craft_deprecationerrors` (
  `id` int(11) NOT NULL AUTO_INCREMENT,
  `key` varchar(255) NOT NULL,
  `fingerprint` varchar(255) NOT NULL,
  `lastOccurrence` datetime NOT NULL,
  `file` varchar(255) NOT NULL,
  `line` smallint(6) unsigned DEFAULT NULL,
  `message` varchar(255) DEFAULT NULL,
  `traces` text,
  `dateCreated` datetime NOT NULL,
  `dateUpdated` datetime NOT NULL,
  `uid` char(36) NOT NULL DEFAULT '0',
  PRIMARY KEY (`id`),
  UNIQUE KEY `craft_deprecationerrors_key_fingerprint_unq_idx` (`key`,`fingerprint`)
) ENGINE=InnoDB DEFAULT CHARSET=utf8;
/*!40101 SET character_set_client = @saved_cs_client */;

--
-- Table structure for table `craft_elementindexsettings`
--

DROP TABLE IF EXISTS `craft_elementindexsettings`;
/*!40101 SET @saved_cs_client     = @@character_set_client */;
/*!40101 SET character_set_client = utf8 */;
CREATE TABLE `craft_elementindexsettings` (
  `id` int(11) NOT NULL AUTO_INCREMENT,
  `type` varchar(255) NOT NULL,
  `settings` text,
  `dateCreated` datetime NOT NULL,
  `dateUpdated` datetime NOT NULL,
  `uid` char(36) NOT NULL DEFAULT '0',
  PRIMARY KEY (`id`),
  UNIQUE KEY `craft_elementindexsettings_type_unq_idx` (`type`)
) ENGINE=InnoDB AUTO_INCREMENT=2 DEFAULT CHARSET=utf8;
/*!40101 SET character_set_client = @saved_cs_client */;

--
-- Table structure for table `craft_elements`
--

DROP TABLE IF EXISTS `craft_elements`;
/*!40101 SET @saved_cs_client     = @@character_set_client */;
/*!40101 SET character_set_client = utf8 */;
CREATE TABLE `craft_elements` (
  `id` int(11) NOT NULL AUTO_INCREMENT,
  `fieldLayoutId` int(11) DEFAULT NULL,
  `type` varchar(255) NOT NULL,
  `enabled` tinyint(1) NOT NULL DEFAULT '1',
  `archived` tinyint(1) NOT NULL DEFAULT '0',
  `dateCreated` datetime NOT NULL,
  `dateUpdated` datetime NOT NULL,
  `uid` char(36) NOT NULL DEFAULT '0',
  PRIMARY KEY (`id`),
  KEY `craft_elements_fieldLayoutId_idx` (`fieldLayoutId`),
  KEY `craft_elements_type_idx` (`type`),
  KEY `craft_elements_enabled_idx` (`enabled`),
  KEY `craft_elements_archived_dateCreated_idx` (`archived`,`dateCreated`),
  CONSTRAINT `craft_elements_fieldLayoutId_fk` FOREIGN KEY (`fieldLayoutId`) REFERENCES `craft_fieldlayouts` (`id`) ON DELETE SET NULL
) ENGINE=InnoDB AUTO_INCREMENT=146 DEFAULT CHARSET=utf8;
/*!40101 SET character_set_client = @saved_cs_client */;

--
-- Table structure for table `craft_elements_sites`
--

DROP TABLE IF EXISTS `craft_elements_sites`;
/*!40101 SET @saved_cs_client     = @@character_set_client */;
/*!40101 SET character_set_client = utf8 */;
CREATE TABLE `craft_elements_sites` (
  `id` int(11) NOT NULL AUTO_INCREMENT,
  `elementId` int(11) NOT NULL,
  `siteId` int(11) NOT NULL,
  `slug` varchar(255) DEFAULT NULL,
  `uri` varchar(255) DEFAULT NULL,
  `enabled` tinyint(1) NOT NULL DEFAULT '1',
  `dateCreated` datetime NOT NULL,
  `dateUpdated` datetime NOT NULL,
  `uid` char(36) NOT NULL DEFAULT '0',
  PRIMARY KEY (`id`),
  UNIQUE KEY `craft_elements_sites_elementId_siteId_unq_idx` (`elementId`,`siteId`),
  UNIQUE KEY `craft_elements_sites_uri_siteId_unq_idx` (`uri`,`siteId`),
  KEY `craft_elements_sites_siteId_idx` (`siteId`),
  KEY `craft_elements_sites_slug_siteId_idx` (`slug`,`siteId`),
  KEY `craft_elements_sites_enabled_idx` (`enabled`),
  CONSTRAINT `craft_elements_sites_elementId_fk` FOREIGN KEY (`elementId`) REFERENCES `craft_elements` (`id`) ON DELETE CASCADE,
  CONSTRAINT `craft_elements_sites_siteId_fk` FOREIGN KEY (`siteId`) REFERENCES `craft_sites` (`id`) ON DELETE CASCADE ON UPDATE CASCADE
) ENGINE=InnoDB AUTO_INCREMENT=146 DEFAULT CHARSET=utf8;
/*!40101 SET character_set_client = @saved_cs_client */;

--
-- Table structure for table `craft_entries`
--

DROP TABLE IF EXISTS `craft_entries`;
/*!40101 SET @saved_cs_client     = @@character_set_client */;
/*!40101 SET character_set_client = utf8 */;
CREATE TABLE `craft_entries` (
  `id` int(11) NOT NULL,
  `sectionId` int(11) NOT NULL,
  `typeId` int(11) NOT NULL,
  `authorId` int(11) DEFAULT NULL,
  `postDate` datetime DEFAULT NULL,
  `expiryDate` datetime DEFAULT NULL,
  `dateCreated` datetime NOT NULL,
  `dateUpdated` datetime NOT NULL,
  `uid` char(36) NOT NULL DEFAULT '0',
  PRIMARY KEY (`id`),
  KEY `craft_entries_postDate_idx` (`postDate`),
  KEY `craft_entries_expiryDate_idx` (`expiryDate`),
  KEY `craft_entries_authorId_idx` (`authorId`),
  KEY `craft_entries_sectionId_idx` (`sectionId`),
  KEY `craft_entries_typeId_idx` (`typeId`),
  CONSTRAINT `craft_entries_authorId_fk` FOREIGN KEY (`authorId`) REFERENCES `craft_users` (`id`) ON DELETE CASCADE,
  CONSTRAINT `craft_entries_id_fk` FOREIGN KEY (`id`) REFERENCES `craft_elements` (`id`) ON DELETE CASCADE,
  CONSTRAINT `craft_entries_sectionId_fk` FOREIGN KEY (`sectionId`) REFERENCES `craft_sections` (`id`) ON DELETE CASCADE,
  CONSTRAINT `craft_entries_typeId_fk` FOREIGN KEY (`typeId`) REFERENCES `craft_entrytypes` (`id`) ON DELETE CASCADE
) ENGINE=InnoDB DEFAULT CHARSET=utf8;
/*!40101 SET character_set_client = @saved_cs_client */;

--
-- Table structure for table `craft_entrydrafts`
--

DROP TABLE IF EXISTS `craft_entrydrafts`;
/*!40101 SET @saved_cs_client     = @@character_set_client */;
/*!40101 SET character_set_client = utf8 */;
CREATE TABLE `craft_entrydrafts` (
  `id` int(11) NOT NULL AUTO_INCREMENT,
  `entryId` int(11) NOT NULL,
  `sectionId` int(11) NOT NULL,
  `creatorId` int(11) NOT NULL,
  `siteId` int(11) NOT NULL,
  `name` varchar(255) NOT NULL,
  `notes` text,
  `data` mediumtext NOT NULL,
  `dateCreated` datetime NOT NULL,
  `dateUpdated` datetime NOT NULL,
  `uid` char(36) NOT NULL DEFAULT '0',
  PRIMARY KEY (`id`),
  KEY `craft_entrydrafts_sectionId_idx` (`sectionId`),
  KEY `craft_entrydrafts_entryId_siteId_idx` (`entryId`,`siteId`),
  KEY `craft_entrydrafts_siteId_idx` (`siteId`),
  KEY `craft_entrydrafts_creatorId_idx` (`creatorId`),
  CONSTRAINT `craft_entrydrafts_creatorId_fk` FOREIGN KEY (`creatorId`) REFERENCES `craft_users` (`id`) ON DELETE CASCADE,
  CONSTRAINT `craft_entrydrafts_entryId_fk` FOREIGN KEY (`entryId`) REFERENCES `craft_entries` (`id`) ON DELETE CASCADE,
  CONSTRAINT `craft_entrydrafts_sectionId_fk` FOREIGN KEY (`sectionId`) REFERENCES `craft_sections` (`id`) ON DELETE CASCADE,
  CONSTRAINT `craft_entrydrafts_siteId_fk` FOREIGN KEY (`siteId`) REFERENCES `craft_sites` (`id`) ON DELETE CASCADE ON UPDATE CASCADE
) ENGINE=InnoDB DEFAULT CHARSET=utf8;
/*!40101 SET character_set_client = @saved_cs_client */;

--
-- Table structure for table `craft_entrytypes`
--

DROP TABLE IF EXISTS `craft_entrytypes`;
/*!40101 SET @saved_cs_client     = @@character_set_client */;
/*!40101 SET character_set_client = utf8 */;
CREATE TABLE `craft_entrytypes` (
  `id` int(11) NOT NULL AUTO_INCREMENT,
  `sectionId` int(11) NOT NULL,
  `fieldLayoutId` int(11) DEFAULT NULL,
  `name` varchar(255) NOT NULL,
  `handle` varchar(255) NOT NULL,
  `hasTitleField` tinyint(1) NOT NULL DEFAULT '1',
  `titleLabel` varchar(255) DEFAULT 'Title',
  `titleFormat` varchar(255) DEFAULT NULL,
  `sortOrder` smallint(6) unsigned DEFAULT NULL,
  `dateCreated` datetime NOT NULL,
  `dateUpdated` datetime NOT NULL,
  `uid` char(36) NOT NULL DEFAULT '0',
  PRIMARY KEY (`id`),
  UNIQUE KEY `craft_entrytypes_name_sectionId_unq_idx` (`name`,`sectionId`),
  UNIQUE KEY `craft_entrytypes_handle_sectionId_unq_idx` (`handle`,`sectionId`),
  KEY `craft_entrytypes_sectionId_idx` (`sectionId`),
  KEY `craft_entrytypes_fieldLayoutId_idx` (`fieldLayoutId`),
  CONSTRAINT `craft_entrytypes_fieldLayoutId_fk` FOREIGN KEY (`fieldLayoutId`) REFERENCES `craft_fieldlayouts` (`id`) ON DELETE SET NULL,
  CONSTRAINT `craft_entrytypes_sectionId_fk` FOREIGN KEY (`sectionId`) REFERENCES `craft_sections` (`id`) ON DELETE CASCADE
) ENGINE=InnoDB AUTO_INCREMENT=39 DEFAULT CHARSET=utf8;
/*!40101 SET character_set_client = @saved_cs_client */;

--
-- Table structure for table `craft_entryversions`
--

DROP TABLE IF EXISTS `craft_entryversions`;
/*!40101 SET @saved_cs_client     = @@character_set_client */;
/*!40101 SET character_set_client = utf8 */;
CREATE TABLE `craft_entryversions` (
  `id` int(11) NOT NULL AUTO_INCREMENT,
  `entryId` int(11) NOT NULL,
  `sectionId` int(11) NOT NULL,
  `creatorId` int(11) DEFAULT NULL,
  `siteId` int(11) NOT NULL,
  `num` smallint(6) unsigned NOT NULL,
  `notes` text,
  `data` mediumtext NOT NULL,
  `dateCreated` datetime NOT NULL,
  `dateUpdated` datetime NOT NULL,
  `uid` char(36) NOT NULL DEFAULT '0',
  PRIMARY KEY (`id`),
  KEY `craft_entryversions_sectionId_idx` (`sectionId`),
  KEY `craft_entryversions_entryId_siteId_idx` (`entryId`,`siteId`),
  KEY `craft_entryversions_siteId_idx` (`siteId`),
  KEY `craft_entryversions_creatorId_idx` (`creatorId`),
  CONSTRAINT `craft_entryversions_creatorId_fk` FOREIGN KEY (`creatorId`) REFERENCES `craft_users` (`id`) ON DELETE SET NULL,
  CONSTRAINT `craft_entryversions_entryId_fk` FOREIGN KEY (`entryId`) REFERENCES `craft_entries` (`id`) ON DELETE CASCADE,
  CONSTRAINT `craft_entryversions_sectionId_fk` FOREIGN KEY (`sectionId`) REFERENCES `craft_sections` (`id`) ON DELETE CASCADE,
  CONSTRAINT `craft_entryversions_siteId_fk` FOREIGN KEY (`siteId`) REFERENCES `craft_sites` (`id`) ON DELETE CASCADE ON UPDATE CASCADE
) ENGINE=InnoDB AUTO_INCREMENT=71 DEFAULT CHARSET=utf8;
/*!40101 SET character_set_client = @saved_cs_client */;

--
-- Table structure for table `craft_fieldgroups`
--

DROP TABLE IF EXISTS `craft_fieldgroups`;
/*!40101 SET @saved_cs_client     = @@character_set_client */;
/*!40101 SET character_set_client = utf8 */;
CREATE TABLE `craft_fieldgroups` (
  `id` int(11) NOT NULL AUTO_INCREMENT,
  `name` varchar(255) NOT NULL,
  `dateCreated` datetime NOT NULL,
  `dateUpdated` datetime NOT NULL,
  `uid` char(36) NOT NULL DEFAULT '0',
  PRIMARY KEY (`id`),
  UNIQUE KEY `craft_fieldgroups_name_unq_idx` (`name`)
) ENGINE=InnoDB AUTO_INCREMENT=10 DEFAULT CHARSET=utf8;
/*!40101 SET character_set_client = @saved_cs_client */;

--
-- Table structure for table `craft_fieldlayoutfields`
--

DROP TABLE IF EXISTS `craft_fieldlayoutfields`;
/*!40101 SET @saved_cs_client     = @@character_set_client */;
/*!40101 SET character_set_client = utf8 */;
CREATE TABLE `craft_fieldlayoutfields` (
  `id` int(11) NOT NULL AUTO_INCREMENT,
  `layoutId` int(11) NOT NULL,
  `tabId` int(11) NOT NULL,
  `fieldId` int(11) NOT NULL,
  `required` tinyint(1) NOT NULL DEFAULT '0',
  `sortOrder` smallint(6) unsigned DEFAULT NULL,
  `dateCreated` datetime NOT NULL,
  `dateUpdated` datetime NOT NULL,
  `uid` char(36) NOT NULL DEFAULT '0',
  PRIMARY KEY (`id`),
  UNIQUE KEY `craft_fieldlayoutfields_layoutId_fieldId_unq_idx` (`layoutId`,`fieldId`),
  KEY `craft_fieldlayoutfields_sortOrder_idx` (`sortOrder`),
  KEY `craft_fieldlayoutfields_tabId_idx` (`tabId`),
  KEY `craft_fieldlayoutfields_fieldId_idx` (`fieldId`),
  CONSTRAINT `craft_fieldlayoutfields_fieldId_fk` FOREIGN KEY (`fieldId`) REFERENCES `craft_fields` (`id`) ON DELETE CASCADE,
  CONSTRAINT `craft_fieldlayoutfields_layoutId_fk` FOREIGN KEY (`layoutId`) REFERENCES `craft_fieldlayouts` (`id`) ON DELETE CASCADE,
  CONSTRAINT `craft_fieldlayoutfields_tabId_fk` FOREIGN KEY (`tabId`) REFERENCES `craft_fieldlayouttabs` (`id`) ON DELETE CASCADE
) ENGINE=InnoDB AUTO_INCREMENT=639 DEFAULT CHARSET=utf8;
/*!40101 SET character_set_client = @saved_cs_client */;

--
-- Table structure for table `craft_fieldlayouts`
--

DROP TABLE IF EXISTS `craft_fieldlayouts`;
/*!40101 SET @saved_cs_client     = @@character_set_client */;
/*!40101 SET character_set_client = utf8 */;
CREATE TABLE `craft_fieldlayouts` (
  `id` int(11) NOT NULL AUTO_INCREMENT,
  `type` varchar(255) NOT NULL,
  `dateCreated` datetime NOT NULL,
  `dateUpdated` datetime NOT NULL,
  `uid` char(36) NOT NULL DEFAULT '0',
  PRIMARY KEY (`id`),
  KEY `craft_fieldlayouts_type_idx` (`type`)
) ENGINE=InnoDB AUTO_INCREMENT=90 DEFAULT CHARSET=utf8;
/*!40101 SET character_set_client = @saved_cs_client */;

--
-- Table structure for table `craft_fieldlayouttabs`
--

DROP TABLE IF EXISTS `craft_fieldlayouttabs`;
/*!40101 SET @saved_cs_client     = @@character_set_client */;
/*!40101 SET character_set_client = utf8 */;
CREATE TABLE `craft_fieldlayouttabs` (
  `id` int(11) NOT NULL AUTO_INCREMENT,
  `layoutId` int(11) NOT NULL,
  `name` varchar(255) NOT NULL,
  `sortOrder` smallint(6) unsigned DEFAULT NULL,
  `dateCreated` datetime NOT NULL,
  `dateUpdated` datetime NOT NULL,
  `uid` char(36) NOT NULL DEFAULT '0',
  PRIMARY KEY (`id`),
  KEY `craft_fieldlayouttabs_sortOrder_idx` (`sortOrder`),
  KEY `craft_fieldlayouttabs_layoutId_idx` (`layoutId`),
  CONSTRAINT `craft_fieldlayouttabs_layoutId_fk` FOREIGN KEY (`layoutId`) REFERENCES `craft_fieldlayouts` (`id`) ON DELETE CASCADE
) ENGINE=InnoDB AUTO_INCREMENT=321 DEFAULT CHARSET=utf8;
/*!40101 SET character_set_client = @saved_cs_client */;

--
-- Table structure for table `craft_fields`
--

DROP TABLE IF EXISTS `craft_fields`;
/*!40101 SET @saved_cs_client     = @@character_set_client */;
/*!40101 SET character_set_client = utf8 */;
CREATE TABLE `craft_fields` (
  `id` int(11) NOT NULL AUTO_INCREMENT,
  `groupId` int(11) DEFAULT NULL,
  `name` varchar(255) NOT NULL,
  `handle` varchar(64) NOT NULL,
  `context` varchar(255) NOT NULL DEFAULT 'global',
  `instructions` text,
  `translationMethod` varchar(255) NOT NULL DEFAULT 'none',
  `translationKeyFormat` text,
  `type` varchar(255) NOT NULL,
  `settings` text,
  `dateCreated` datetime NOT NULL,
  `dateUpdated` datetime NOT NULL,
  `uid` char(36) NOT NULL DEFAULT '0',
  PRIMARY KEY (`id`),
  UNIQUE KEY `craft_fields_handle_context_unq_idx` (`handle`,`context`),
  KEY `craft_fields_groupId_idx` (`groupId`),
  KEY `craft_fields_context_idx` (`context`),
  CONSTRAINT `craft_fields_groupId_fk` FOREIGN KEY (`groupId`) REFERENCES `craft_fieldgroups` (`id`) ON DELETE CASCADE
) ENGINE=InnoDB AUTO_INCREMENT=134 DEFAULT CHARSET=utf8;
/*!40101 SET character_set_client = @saved_cs_client */;

--
-- Table structure for table `craft_globalsets`
--

DROP TABLE IF EXISTS `craft_globalsets`;
/*!40101 SET @saved_cs_client     = @@character_set_client */;
/*!40101 SET character_set_client = utf8 */;
CREATE TABLE `craft_globalsets` (
  `id` int(11) NOT NULL AUTO_INCREMENT,
  `name` varchar(255) NOT NULL,
  `handle` varchar(255) NOT NULL,
  `fieldLayoutId` int(11) DEFAULT NULL,
  `dateCreated` datetime NOT NULL,
  `dateUpdated` datetime NOT NULL,
  `uid` char(36) NOT NULL DEFAULT '0',
  PRIMARY KEY (`id`),
  UNIQUE KEY `craft_globalsets_name_unq_idx` (`name`),
  UNIQUE KEY `craft_globalsets_handle_unq_idx` (`handle`),
  KEY `craft_globalsets_fieldLayoutId_idx` (`fieldLayoutId`),
  CONSTRAINT `craft_globalsets_fieldLayoutId_fk` FOREIGN KEY (`fieldLayoutId`) REFERENCES `craft_fieldlayouts` (`id`) ON DELETE SET NULL,
  CONSTRAINT `craft_globalsets_id_fk` FOREIGN KEY (`id`) REFERENCES `craft_elements` (`id`) ON DELETE CASCADE
) ENGINE=InnoDB AUTO_INCREMENT=14 DEFAULT CHARSET=utf8;
/*!40101 SET character_set_client = @saved_cs_client */;

--
-- Table structure for table `craft_info`
--

DROP TABLE IF EXISTS `craft_info`;
/*!40101 SET @saved_cs_client     = @@character_set_client */;
/*!40101 SET character_set_client = utf8 */;
CREATE TABLE `craft_info` (
  `id` int(11) NOT NULL AUTO_INCREMENT,
  `version` varchar(50) NOT NULL,
  `schemaVersion` varchar(15) NOT NULL,
  `edition` tinyint(3) unsigned NOT NULL,
  `timezone` varchar(30) DEFAULT NULL,
  `name` varchar(255) NOT NULL,
  `on` tinyint(1) NOT NULL DEFAULT '0',
  `maintenance` tinyint(1) NOT NULL DEFAULT '0',
  `fieldVersion` char(12) NOT NULL DEFAULT '000000000000',
  `dateCreated` datetime NOT NULL,
  `dateUpdated` datetime NOT NULL,
  `uid` char(36) NOT NULL DEFAULT '0',
  PRIMARY KEY (`id`)
) ENGINE=InnoDB AUTO_INCREMENT=2 DEFAULT CHARSET=utf8;
/*!40101 SET character_set_client = @saved_cs_client */;

--
-- Table structure for table `craft_matrixblocks`
--

DROP TABLE IF EXISTS `craft_matrixblocks`;
/*!40101 SET @saved_cs_client     = @@character_set_client */;
/*!40101 SET character_set_client = utf8 */;
CREATE TABLE `craft_matrixblocks` (
  `id` int(11) NOT NULL,
  `ownerId` int(11) NOT NULL,
  `ownerSiteId` int(11) DEFAULT NULL,
  `fieldId` int(11) NOT NULL,
  `typeId` int(11) NOT NULL,
  `sortOrder` smallint(6) unsigned DEFAULT NULL,
  `dateCreated` datetime NOT NULL,
  `dateUpdated` datetime NOT NULL,
  `uid` char(36) NOT NULL DEFAULT '0',
  PRIMARY KEY (`id`),
  KEY `craft_matrixblocks_ownerId_idx` (`ownerId`),
  KEY `craft_matrixblocks_fieldId_idx` (`fieldId`),
  KEY `craft_matrixblocks_typeId_idx` (`typeId`),
  KEY `craft_matrixblocks_sortOrder_idx` (`sortOrder`),
  KEY `craft_matrixblocks_ownerSiteId_idx` (`ownerSiteId`),
  CONSTRAINT `craft_matrixblocks_fieldId_fk` FOREIGN KEY (`fieldId`) REFERENCES `craft_fields` (`id`) ON DELETE CASCADE,
  CONSTRAINT `craft_matrixblocks_id_fk` FOREIGN KEY (`id`) REFERENCES `craft_elements` (`id`) ON DELETE CASCADE,
  CONSTRAINT `craft_matrixblocks_ownerId_fk` FOREIGN KEY (`ownerId`) REFERENCES `craft_elements` (`id`) ON DELETE CASCADE,
  CONSTRAINT `craft_matrixblocks_ownerSiteId_fk` FOREIGN KEY (`ownerSiteId`) REFERENCES `craft_sites` (`id`) ON DELETE CASCADE ON UPDATE CASCADE,
  CONSTRAINT `craft_matrixblocks_typeId_fk` FOREIGN KEY (`typeId`) REFERENCES `craft_matrixblocktypes` (`id`) ON DELETE CASCADE
) ENGINE=InnoDB DEFAULT CHARSET=utf8;
/*!40101 SET character_set_client = @saved_cs_client */;

--
-- Table structure for table `craft_matrixblocktypes`
--

DROP TABLE IF EXISTS `craft_matrixblocktypes`;
/*!40101 SET @saved_cs_client     = @@character_set_client */;
/*!40101 SET character_set_client = utf8 */;
CREATE TABLE `craft_matrixblocktypes` (
  `id` int(11) NOT NULL AUTO_INCREMENT,
  `fieldId` int(11) NOT NULL,
  `fieldLayoutId` int(11) DEFAULT NULL,
  `name` varchar(255) NOT NULL,
  `handle` varchar(255) NOT NULL,
  `sortOrder` smallint(6) unsigned DEFAULT NULL,
  `dateCreated` datetime NOT NULL,
  `dateUpdated` datetime NOT NULL,
  `uid` char(36) NOT NULL DEFAULT '0',
  PRIMARY KEY (`id`),
  UNIQUE KEY `craft_matrixblocktypes_name_fieldId_unq_idx` (`name`,`fieldId`),
  UNIQUE KEY `craft_matrixblocktypes_handle_fieldId_unq_idx` (`handle`,`fieldId`),
  KEY `craft_matrixblocktypes_fieldId_idx` (`fieldId`),
  KEY `craft_matrixblocktypes_fieldLayoutId_idx` (`fieldLayoutId`),
  CONSTRAINT `craft_matrixblocktypes_fieldId_fk` FOREIGN KEY (`fieldId`) REFERENCES `craft_fields` (`id`) ON DELETE CASCADE,
  CONSTRAINT `craft_matrixblocktypes_fieldLayoutId_fk` FOREIGN KEY (`fieldLayoutId`) REFERENCES `craft_fieldlayouts` (`id`) ON DELETE SET NULL
) ENGINE=InnoDB AUTO_INCREMENT=42 DEFAULT CHARSET=utf8;
/*!40101 SET character_set_client = @saved_cs_client */;

--
-- Table structure for table `craft_matrixcontent_announcement`
--

DROP TABLE IF EXISTS `craft_matrixcontent_announcement`;
/*!40101 SET @saved_cs_client     = @@character_set_client */;
/*!40101 SET character_set_client = utf8 */;
CREATE TABLE `craft_matrixcontent_announcement` (
  `id` int(11) NOT NULL AUTO_INCREMENT,
  `elementId` int(11) NOT NULL,
  `siteId` int(11) NOT NULL,
  `dateCreated` datetime NOT NULL,
  `dateUpdated` datetime NOT NULL,
  `uid` char(36) NOT NULL DEFAULT '0',
  `field_paragraph_paragraph` text,
  `field_button_text` text,
  `field_button_buttonUrl` text,
  `field_excerpt_excerpt` text,
  PRIMARY KEY (`id`),
  UNIQUE KEY `craft_matrixcontent_announcement_elementId_siteId_unq_idx` (`elementId`,`siteId`),
  KEY `craft_matrixcontent_announcement_siteId_fk` (`siteId`),
  CONSTRAINT `craft_matrixcontent_announcement_elementId_fk` FOREIGN KEY (`elementId`) REFERENCES `craft_elements` (`id`) ON DELETE CASCADE,
  CONSTRAINT `craft_matrixcontent_announcement_siteId_fk` FOREIGN KEY (`siteId`) REFERENCES `craft_sites` (`id`) ON DELETE CASCADE ON UPDATE CASCADE
) ENGINE=InnoDB AUTO_INCREMENT=16 DEFAULT CHARSET=utf8;
/*!40101 SET character_set_client = @saved_cs_client */;

--
-- Table structure for table `craft_matrixcontent_body`
--

DROP TABLE IF EXISTS `craft_matrixcontent_body`;
/*!40101 SET @saved_cs_client     = @@character_set_client */;
/*!40101 SET character_set_client = utf8 */;
CREATE TABLE `craft_matrixcontent_body` (
  `id` int(11) NOT NULL AUTO_INCREMENT,
  `elementId` int(11) NOT NULL,
  `siteId` int(11) NOT NULL,
  `dateCreated` datetime NOT NULL,
  `dateUpdated` datetime NOT NULL,
  `uid` char(36) NOT NULL DEFAULT '0',
  `field_paragraph_heading` text,
  `field_paragraph_text` text,
  PRIMARY KEY (`id`),
  UNIQUE KEY `craft_matrixcontent_body_elementId_siteId_unq_idx` (`elementId`,`siteId`),
  KEY `craft_matrixcontent_body_siteId_fk` (`siteId`),
  CONSTRAINT `craft_matrixcontent_body_elementId_fk` FOREIGN KEY (`elementId`) REFERENCES `craft_elements` (`id`) ON DELETE CASCADE,
  CONSTRAINT `craft_matrixcontent_body_siteId_fk` FOREIGN KEY (`siteId`) REFERENCES `craft_sites` (`id`) ON DELETE CASCADE ON UPDATE CASCADE
) ENGINE=InnoDB AUTO_INCREMENT=2 DEFAULT CHARSET=utf8;
/*!40101 SET character_set_client = @saved_cs_client */;

--
-- Table structure for table `craft_matrixcontent_headersvg`
--

DROP TABLE IF EXISTS `craft_matrixcontent_headersvg`;
/*!40101 SET @saved_cs_client     = @@character_set_client */;
/*!40101 SET character_set_client = utf8 */;
CREATE TABLE `craft_matrixcontent_headersvg` (
  `id` int(11) NOT NULL AUTO_INCREMENT,
  `elementId` int(11) NOT NULL,
  `siteId` int(11) NOT NULL,
  `dateCreated` datetime NOT NULL,
  `dateUpdated` datetime NOT NULL,
  `uid` char(36) NOT NULL DEFAULT '0',
  `field_headerSvg_svgTitle` text,
  `field_headerSvg_description` text,
  PRIMARY KEY (`id`),
  UNIQUE KEY `craft_matrixcontent_headersvg_elementId_siteId_unq_idx` (`elementId`,`siteId`),
  KEY `craft_matrixcontent_headersvg_siteId_fk` (`siteId`),
  CONSTRAINT `craft_matrixcontent_headersvg_elementId_fk` FOREIGN KEY (`elementId`) REFERENCES `craft_elements` (`id`) ON DELETE CASCADE,
  CONSTRAINT `craft_matrixcontent_headersvg_siteId_fk` FOREIGN KEY (`siteId`) REFERENCES `craft_sites` (`id`) ON DELETE CASCADE ON UPDATE CASCADE
) ENGINE=InnoDB AUTO_INCREMENT=2 DEFAULT CHARSET=utf8;
/*!40101 SET character_set_client = @saved_cs_client */;

--
-- Table structure for table `craft_matrixcontent_hyperlink`
--

DROP TABLE IF EXISTS `craft_matrixcontent_hyperlink`;
/*!40101 SET @saved_cs_client     = @@character_set_client */;
/*!40101 SET character_set_client = utf8 */;
CREATE TABLE `craft_matrixcontent_hyperlink` (
  `id` int(11) NOT NULL AUTO_INCREMENT,
  `elementId` int(11) NOT NULL,
  `siteId` int(11) NOT NULL,
  `dateCreated` datetime NOT NULL,
  `dateUpdated` datetime NOT NULL,
  `uid` char(36) NOT NULL DEFAULT '0',
  `field_link_linkText` text,
  `field_link_linkUrl` text,
  PRIMARY KEY (`id`),
  UNIQUE KEY `craft_matrixcontent_hyperlink_elementId_siteId_unq_idx` (`elementId`,`siteId`),
  KEY `craft_matrixcontent_hyperlink_siteId_fk` (`siteId`),
  CONSTRAINT `craft_matrixcontent_hyperlink_elementId_fk` FOREIGN KEY (`elementId`) REFERENCES `craft_elements` (`id`) ON DELETE CASCADE,
  CONSTRAINT `craft_matrixcontent_hyperlink_siteId_fk` FOREIGN KEY (`siteId`) REFERENCES `craft_sites` (`id`) ON DELETE CASCADE ON UPDATE CASCADE
) ENGINE=InnoDB AUTO_INCREMENT=4 DEFAULT CHARSET=utf8;
/*!40101 SET character_set_client = @saved_cs_client */;

--
-- Table structure for table `craft_matrixcontent_image`
--

DROP TABLE IF EXISTS `craft_matrixcontent_image`;
/*!40101 SET @saved_cs_client     = @@character_set_client */;
/*!40101 SET character_set_client = utf8 */;
CREATE TABLE `craft_matrixcontent_image` (
  `id` int(11) NOT NULL AUTO_INCREMENT,
  `elementId` int(11) NOT NULL,
  `siteId` int(11) NOT NULL,
  `dateCreated` datetime NOT NULL,
  `dateUpdated` datetime NOT NULL,
  `uid` char(36) NOT NULL DEFAULT '0',
  `field_image_altText` text,
  PRIMARY KEY (`id`),
  UNIQUE KEY `craft_matrixcontent_image_elementId_siteId_unq_idx` (`elementId`,`siteId`),
  KEY `craft_matrixcontent_image_siteId_fk` (`siteId`),
  CONSTRAINT `craft_matrixcontent_image_elementId_fk` FOREIGN KEY (`elementId`) REFERENCES `craft_elements` (`id`) ON DELETE CASCADE,
  CONSTRAINT `craft_matrixcontent_image_siteId_fk` FOREIGN KEY (`siteId`) REFERENCES `craft_sites` (`id`) ON DELETE CASCADE ON UPDATE CASCADE
) ENGINE=InnoDB AUTO_INCREMENT=4 DEFAULT CHARSET=utf8;
/*!40101 SET character_set_client = @saved_cs_client */;

--
-- Table structure for table `craft_matrixcontent_instructorinformation`
--

DROP TABLE IF EXISTS `craft_matrixcontent_instructorinformation`;
/*!40101 SET @saved_cs_client     = @@character_set_client */;
/*!40101 SET character_set_client = utf8 */;
CREATE TABLE `craft_matrixcontent_instructorinformation` (
  `id` int(11) NOT NULL AUTO_INCREMENT,
  `elementId` int(11) NOT NULL,
  `siteId` int(11) NOT NULL,
  `dateCreated` datetime NOT NULL,
  `dateUpdated` datetime NOT NULL,
  `uid` char(36) NOT NULL DEFAULT '0',
  `field_email_emailAddress` varchar(255) DEFAULT NULL,
  `field_phone_phoneNumber` text,
  `field_other_method` text,
  `field_other_account` text,
  `field_other_hyperlink` varchar(255) DEFAULT NULL,
  PRIMARY KEY (`id`),
  UNIQUE KEY `craft_matrixcontent_instructorinformatio_elementId_siteId_unq_id` (`elementId`,`siteId`),
  KEY `craft_matrixcontent_instructorinformation_siteId_fk` (`siteId`),
  CONSTRAINT `craft_matrixcontent_instructorinformation_elementId_fk` FOREIGN KEY (`elementId`) REFERENCES `craft_elements` (`id`) ON DELETE CASCADE,
  CONSTRAINT `craft_matrixcontent_instructorinformation_siteId_fk` FOREIGN KEY (`siteId`) REFERENCES `craft_sites` (`id`) ON DELETE CASCADE ON UPDATE CASCADE
) ENGINE=InnoDB AUTO_INCREMENT=15 DEFAULT CHARSET=utf8;
/*!40101 SET character_set_client = @saved_cs_client */;

--
-- Table structure for table `craft_matrixcontent_navigationitems`
--

DROP TABLE IF EXISTS `craft_matrixcontent_navigationitems`;
/*!40101 SET @saved_cs_client     = @@character_set_client */;
/*!40101 SET character_set_client = utf8 */;
CREATE TABLE `craft_matrixcontent_navigationitems` (
  `id` int(11) NOT NULL AUTO_INCREMENT,
  `elementId` int(11) NOT NULL,
  `siteId` int(11) NOT NULL,
  `dateCreated` datetime NOT NULL,
  `dateUpdated` datetime NOT NULL,
  `uid` char(36) NOT NULL DEFAULT '0',
  `field_item_itemTitle` text,
  `field_item_itemUrl` text,
  PRIMARY KEY (`id`),
  UNIQUE KEY `craft_matrixcontent_navigationitems_elementId_siteId_unq_idx` (`elementId`,`siteId`),
  KEY `craft_matrixcontent_navigationitems_siteId_fk` (`siteId`),
  CONSTRAINT `craft_matrixcontent_navigationitems_elementId_fk` FOREIGN KEY (`elementId`) REFERENCES `craft_elements` (`id`) ON DELETE CASCADE,
  CONSTRAINT `craft_matrixcontent_navigationitems_siteId_fk` FOREIGN KEY (`siteId`) REFERENCES `craft_sites` (`id`) ON DELETE CASCADE ON UPDATE CASCADE
) ENGINE=InnoDB AUTO_INCREMENT=4 DEFAULT CHARSET=utf8;
/*!40101 SET character_set_client = @saved_cs_client */;

--
-- Table structure for table `craft_matrixcontent_syllabusinfo`
--

DROP TABLE IF EXISTS `craft_matrixcontent_syllabusinfo`;
/*!40101 SET @saved_cs_client     = @@character_set_client */;
/*!40101 SET character_set_client = utf8 */;
CREATE TABLE `craft_matrixcontent_syllabusinfo` (
  `id` int(11) NOT NULL AUTO_INCREMENT,
  `elementId` int(11) NOT NULL,
  `siteId` int(11) NOT NULL,
  `dateCreated` datetime NOT NULL,
  `dateUpdated` datetime NOT NULL,
  `uid` char(36) NOT NULL DEFAULT '0',
  `field_about_body` text,
  `field_prerequisites_body` text,
  `field_change_body` text,
  `field_goals_body` text,
  `field_learning_body` text,
  `field_materials_body` text,
  `field_structure_body` text,
  `field_preparing_body` text,
  `field_schedule_body` text,
  `field_attendance_body` text,
  `field_late_body` text,
  `field_group_body` text,
  `field_grading_body` text,
  `field_technology_body` text,
  `field_communicating_body` text,
  `field_university_body` text,
  PRIMARY KEY (`id`),
  UNIQUE KEY `craft_matrixcontent_syllabusinfo_elementId_siteId_unq_idx` (`elementId`,`siteId`),
  KEY `craft_matrixcontent_syllabusinfo_siteId_fk` (`siteId`),
  CONSTRAINT `craft_matrixcontent_syllabusinfo_elementId_fk` FOREIGN KEY (`elementId`) REFERENCES `craft_elements` (`id`) ON DELETE CASCADE,
  CONSTRAINT `craft_matrixcontent_syllabusinfo_siteId_fk` FOREIGN KEY (`siteId`) REFERENCES `craft_sites` (`id`) ON DELETE CASCADE ON UPDATE CASCADE
) ENGINE=InnoDB AUTO_INCREMENT=19 DEFAULT CHARSET=utf8;
/*!40101 SET character_set_client = @saved_cs_client */;

--
-- Table structure for table `craft_migrations`
--

DROP TABLE IF EXISTS `craft_migrations`;
/*!40101 SET @saved_cs_client     = @@character_set_client */;
/*!40101 SET character_set_client = utf8 */;
CREATE TABLE `craft_migrations` (
  `id` int(11) NOT NULL AUTO_INCREMENT,
  `pluginId` int(11) DEFAULT NULL,
  `type` enum('app','plugin','content') NOT NULL DEFAULT 'app',
  `name` varchar(255) NOT NULL,
  `applyTime` datetime NOT NULL,
  `dateCreated` datetime NOT NULL,
  `dateUpdated` datetime NOT NULL,
  `uid` char(36) NOT NULL DEFAULT '0',
  PRIMARY KEY (`id`),
  KEY `craft_migrations_pluginId_idx` (`pluginId`),
  KEY `craft_migrations_type_pluginId_idx` (`type`,`pluginId`),
  CONSTRAINT `craft_migrations_pluginId_fk` FOREIGN KEY (`pluginId`) REFERENCES `craft_plugins` (`id`) ON DELETE CASCADE
) ENGINE=InnoDB AUTO_INCREMENT=98 DEFAULT CHARSET=utf8;
/*!40101 SET character_set_client = @saved_cs_client */;

--
-- Table structure for table `craft_plugins`
--

DROP TABLE IF EXISTS `craft_plugins`;
/*!40101 SET @saved_cs_client     = @@character_set_client */;
/*!40101 SET character_set_client = utf8 */;
CREATE TABLE `craft_plugins` (
  `id` int(11) NOT NULL AUTO_INCREMENT,
  `handle` varchar(255) NOT NULL,
  `version` varchar(255) NOT NULL,
  `schemaVersion` varchar(255) NOT NULL,
  `licenseKey` char(24) DEFAULT NULL,
  `licenseKeyStatus` enum('valid','invalid','mismatched','astray','unknown') NOT NULL DEFAULT 'unknown',
  `enabled` tinyint(1) NOT NULL DEFAULT '0',
  `settings` text,
  `installDate` datetime NOT NULL,
  `dateCreated` datetime NOT NULL,
  `dateUpdated` datetime NOT NULL,
  `uid` char(36) NOT NULL DEFAULT '0',
  PRIMARY KEY (`id`),
  UNIQUE KEY `craft_plugins_handle_unq_idx` (`handle`),
  KEY `craft_plugins_enabled_idx` (`enabled`)
) ENGINE=InnoDB AUTO_INCREMENT=5 DEFAULT CHARSET=utf8;
/*!40101 SET character_set_client = @saved_cs_client */;

--
-- Table structure for table `craft_queue`
--

DROP TABLE IF EXISTS `craft_queue`;
/*!40101 SET @saved_cs_client     = @@character_set_client */;
/*!40101 SET character_set_client = utf8 */;
CREATE TABLE `craft_queue` (
  `id` int(11) NOT NULL AUTO_INCREMENT,
  `job` longblob NOT NULL,
  `description` text,
  `timePushed` int(11) NOT NULL,
  `ttr` int(11) NOT NULL,
  `delay` int(11) NOT NULL DEFAULT '0',
  `priority` int(11) unsigned NOT NULL DEFAULT '1024',
  `dateReserved` datetime DEFAULT NULL,
  `timeUpdated` int(11) DEFAULT NULL,
  `progress` smallint(6) NOT NULL DEFAULT '0',
  `attempt` int(11) DEFAULT NULL,
  `fail` tinyint(1) DEFAULT '0',
  `dateFailed` datetime DEFAULT NULL,
  `error` text,
  PRIMARY KEY (`id`),
  KEY `craft_queue_fail_timeUpdated_timePushed_idx` (`fail`,`timeUpdated`,`timePushed`),
  KEY `craft_queue_fail_timeUpdated_delay_idx` (`fail`,`timeUpdated`,`delay`)
) ENGINE=InnoDB DEFAULT CHARSET=utf8;
/*!40101 SET character_set_client = @saved_cs_client */;

--
-- Table structure for table `craft_relations`
--

DROP TABLE IF EXISTS `craft_relations`;
/*!40101 SET @saved_cs_client     = @@character_set_client */;
/*!40101 SET character_set_client = utf8 */;
CREATE TABLE `craft_relations` (
  `id` int(11) NOT NULL AUTO_INCREMENT,
  `fieldId` int(11) NOT NULL,
  `sourceId` int(11) NOT NULL,
  `sourceSiteId` int(11) DEFAULT NULL,
  `targetId` int(11) NOT NULL,
  `sortOrder` smallint(6) unsigned DEFAULT NULL,
  `dateCreated` datetime NOT NULL,
  `dateUpdated` datetime NOT NULL,
  `uid` char(36) NOT NULL DEFAULT '0',
  PRIMARY KEY (`id`),
  UNIQUE KEY `craft_relations_fieldId_sourceId_sourceSiteId_targetId_unq_idx` (`fieldId`,`sourceId`,`sourceSiteId`,`targetId`),
  KEY `craft_relations_sourceId_idx` (`sourceId`),
  KEY `craft_relations_targetId_idx` (`targetId`),
  KEY `craft_relations_sourceSiteId_idx` (`sourceSiteId`),
  CONSTRAINT `craft_relations_fieldId_fk` FOREIGN KEY (`fieldId`) REFERENCES `craft_fields` (`id`) ON DELETE CASCADE,
  CONSTRAINT `craft_relations_sourceId_fk` FOREIGN KEY (`sourceId`) REFERENCES `craft_elements` (`id`) ON DELETE CASCADE,
  CONSTRAINT `craft_relations_sourceSiteId_fk` FOREIGN KEY (`sourceSiteId`) REFERENCES `craft_sites` (`id`) ON DELETE CASCADE ON UPDATE CASCADE,
  CONSTRAINT `craft_relations_targetId_fk` FOREIGN KEY (`targetId`) REFERENCES `craft_elements` (`id`) ON DELETE CASCADE
) ENGINE=InnoDB AUTO_INCREMENT=50 DEFAULT CHARSET=utf8;
/*!40101 SET character_set_client = @saved_cs_client */;

--
-- Table structure for table `craft_resourcepaths`
--

DROP TABLE IF EXISTS `craft_resourcepaths`;
/*!40101 SET @saved_cs_client     = @@character_set_client */;
/*!40101 SET character_set_client = utf8 */;
CREATE TABLE `craft_resourcepaths` (
  `hash` varchar(255) NOT NULL,
  `path` varchar(255) NOT NULL,
  PRIMARY KEY (`hash`)
) ENGINE=InnoDB DEFAULT CHARSET=utf8;
/*!40101 SET character_set_client = @saved_cs_client */;

--
-- Table structure for table `craft_routes`
--

DROP TABLE IF EXISTS `craft_routes`;
/*!40101 SET @saved_cs_client     = @@character_set_client */;
/*!40101 SET character_set_client = utf8 */;
CREATE TABLE `craft_routes` (
  `id` int(11) NOT NULL AUTO_INCREMENT,
  `siteId` int(11) DEFAULT NULL,
  `uriParts` varchar(255) NOT NULL,
  `uriPattern` varchar(255) NOT NULL,
  `template` varchar(500) NOT NULL,
  `sortOrder` smallint(6) unsigned DEFAULT NULL,
  `dateCreated` datetime NOT NULL,
  `dateUpdated` datetime NOT NULL,
  `uid` char(36) NOT NULL DEFAULT '0',
  PRIMARY KEY (`id`),
  KEY `craft_routes_uriPattern_idx` (`uriPattern`),
  KEY `craft_routes_siteId_idx` (`siteId`),
  CONSTRAINT `craft_routes_siteId_fk` FOREIGN KEY (`siteId`) REFERENCES `craft_sites` (`id`) ON DELETE CASCADE ON UPDATE CASCADE
) ENGINE=InnoDB DEFAULT CHARSET=utf8;
/*!40101 SET character_set_client = @saved_cs_client */;

--
-- Table structure for table `craft_searchindex`
--

DROP TABLE IF EXISTS `craft_searchindex`;
/*!40101 SET @saved_cs_client     = @@character_set_client */;
/*!40101 SET character_set_client = utf8 */;
CREATE TABLE `craft_searchindex` (
  `elementId` int(11) NOT NULL,
  `attribute` varchar(25) NOT NULL,
  `fieldId` int(11) NOT NULL,
  `siteId` int(11) NOT NULL,
  `keywords` text NOT NULL,
  PRIMARY KEY (`elementId`,`attribute`,`fieldId`,`siteId`),
  FULLTEXT KEY `craft_searchindex_keywords_idx` (`keywords`)
) ENGINE=MyISAM DEFAULT CHARSET=utf8;
/*!40101 SET character_set_client = @saved_cs_client */;

--
-- Table structure for table `craft_sections`
--

DROP TABLE IF EXISTS `craft_sections`;
/*!40101 SET @saved_cs_client     = @@character_set_client */;
/*!40101 SET character_set_client = utf8 */;
CREATE TABLE `craft_sections` (
  `id` int(11) NOT NULL AUTO_INCREMENT,
  `structureId` int(11) DEFAULT NULL,
  `name` varchar(255) NOT NULL,
  `handle` varchar(255) NOT NULL,
  `type` enum('single','channel','structure') NOT NULL DEFAULT 'channel',
  `enableVersioning` tinyint(1) NOT NULL DEFAULT '0',
  `propagateEntries` tinyint(1) NOT NULL DEFAULT '1',
  `dateCreated` datetime NOT NULL,
  `dateUpdated` datetime NOT NULL,
  `uid` char(36) NOT NULL DEFAULT '0',
  PRIMARY KEY (`id`),
  UNIQUE KEY `craft_sections_handle_unq_idx` (`handle`),
  UNIQUE KEY `craft_sections_name_unq_idx` (`name`),
  KEY `craft_sections_structureId_idx` (`structureId`),
  CONSTRAINT `craft_sections_structureId_fk` FOREIGN KEY (`structureId`) REFERENCES `craft_structures` (`id`) ON DELETE SET NULL
) ENGINE=InnoDB AUTO_INCREMENT=39 DEFAULT CHARSET=utf8;
/*!40101 SET character_set_client = @saved_cs_client */;

--
-- Table structure for table `craft_sections_sites`
--

DROP TABLE IF EXISTS `craft_sections_sites`;
/*!40101 SET @saved_cs_client     = @@character_set_client */;
/*!40101 SET character_set_client = utf8 */;
CREATE TABLE `craft_sections_sites` (
  `id` int(11) NOT NULL AUTO_INCREMENT,
  `sectionId` int(11) NOT NULL,
  `siteId` int(11) NOT NULL,
  `hasUrls` tinyint(1) NOT NULL DEFAULT '1',
  `uriFormat` text,
  `template` varchar(500) DEFAULT NULL,
  `enabledByDefault` tinyint(1) NOT NULL DEFAULT '1',
  `dateCreated` datetime NOT NULL,
  `dateUpdated` datetime NOT NULL,
  `uid` char(36) NOT NULL DEFAULT '0',
  PRIMARY KEY (`id`),
  UNIQUE KEY `craft_sections_sites_sectionId_siteId_unq_idx` (`sectionId`,`siteId`),
  KEY `craft_sections_sites_siteId_idx` (`siteId`),
  CONSTRAINT `craft_sections_sites_sectionId_fk` FOREIGN KEY (`sectionId`) REFERENCES `craft_sections` (`id`) ON DELETE CASCADE,
  CONSTRAINT `craft_sections_sites_siteId_fk` FOREIGN KEY (`siteId`) REFERENCES `craft_sites` (`id`) ON DELETE CASCADE ON UPDATE CASCADE
) ENGINE=InnoDB AUTO_INCREMENT=39 DEFAULT CHARSET=utf8;
/*!40101 SET character_set_client = @saved_cs_client */;

--
-- Table structure for table `craft_sessions`
--

DROP TABLE IF EXISTS `craft_sessions`;
/*!40101 SET @saved_cs_client     = @@character_set_client */;
/*!40101 SET character_set_client = utf8 */;
CREATE TABLE `craft_sessions` (
  `id` int(11) NOT NULL AUTO_INCREMENT,
  `userId` int(11) NOT NULL,
  `token` char(100) NOT NULL,
  `dateCreated` datetime NOT NULL,
  `dateUpdated` datetime NOT NULL,
  `uid` char(36) NOT NULL DEFAULT '0',
  PRIMARY KEY (`id`),
  KEY `craft_sessions_uid_idx` (`uid`),
  KEY `craft_sessions_token_idx` (`token`),
  KEY `craft_sessions_dateUpdated_idx` (`dateUpdated`),
  KEY `craft_sessions_userId_idx` (`userId`),
  CONSTRAINT `craft_sessions_userId_fk` FOREIGN KEY (`userId`) REFERENCES `craft_users` (`id`) ON DELETE CASCADE
) ENGINE=InnoDB AUTO_INCREMENT=12 DEFAULT CHARSET=utf8;
/*!40101 SET character_set_client = @saved_cs_client */;

--
-- Table structure for table `craft_shunnedmessages`
--

DROP TABLE IF EXISTS `craft_shunnedmessages`;
/*!40101 SET @saved_cs_client     = @@character_set_client */;
/*!40101 SET character_set_client = utf8 */;
CREATE TABLE `craft_shunnedmessages` (
  `id` int(11) NOT NULL AUTO_INCREMENT,
  `userId` int(11) NOT NULL,
  `message` varchar(255) NOT NULL,
  `expiryDate` datetime DEFAULT NULL,
  `dateCreated` datetime NOT NULL,
  `dateUpdated` datetime NOT NULL,
  `uid` char(36) NOT NULL DEFAULT '0',
  PRIMARY KEY (`id`),
  UNIQUE KEY `craft_shunnedmessages_userId_message_unq_idx` (`userId`,`message`),
  CONSTRAINT `craft_shunnedmessages_userId_fk` FOREIGN KEY (`userId`) REFERENCES `craft_users` (`id`) ON DELETE CASCADE
) ENGINE=InnoDB DEFAULT CHARSET=utf8;
/*!40101 SET character_set_client = @saved_cs_client */;

--
-- Table structure for table `craft_sitegroups`
--

DROP TABLE IF EXISTS `craft_sitegroups`;
/*!40101 SET @saved_cs_client     = @@character_set_client */;
/*!40101 SET character_set_client = utf8 */;
CREATE TABLE `craft_sitegroups` (
  `id` int(11) NOT NULL AUTO_INCREMENT,
  `name` varchar(255) NOT NULL,
  `dateCreated` datetime NOT NULL,
  `dateUpdated` datetime NOT NULL,
  `uid` char(36) NOT NULL DEFAULT '0',
  PRIMARY KEY (`id`),
  UNIQUE KEY `craft_sitegroups_name_unq_idx` (`name`)
) ENGINE=InnoDB AUTO_INCREMENT=2 DEFAULT CHARSET=utf8;
/*!40101 SET character_set_client = @saved_cs_client */;

--
-- Table structure for table `craft_sites`
--

DROP TABLE IF EXISTS `craft_sites`;
/*!40101 SET @saved_cs_client     = @@character_set_client */;
/*!40101 SET character_set_client = utf8 */;
CREATE TABLE `craft_sites` (
  `id` int(11) NOT NULL AUTO_INCREMENT,
  `groupId` int(11) NOT NULL,
  `primary` tinyint(1) NOT NULL,
  `name` varchar(255) NOT NULL,
  `handle` varchar(255) NOT NULL,
  `language` varchar(12) NOT NULL,
  `hasUrls` tinyint(1) NOT NULL DEFAULT '0',
  `baseUrl` varchar(255) DEFAULT NULL,
  `sortOrder` smallint(6) unsigned DEFAULT NULL,
  `dateCreated` datetime NOT NULL,
  `dateUpdated` datetime NOT NULL,
  `uid` char(36) NOT NULL DEFAULT '0',
  PRIMARY KEY (`id`),
  UNIQUE KEY `craft_sites_handle_unq_idx` (`handle`),
  KEY `craft_sites_sortOrder_idx` (`sortOrder`),
  KEY `craft_sites_groupId_fk` (`groupId`),
  CONSTRAINT `craft_sites_groupId_fk` FOREIGN KEY (`groupId`) REFERENCES `craft_sitegroups` (`id`) ON DELETE CASCADE
) ENGINE=InnoDB AUTO_INCREMENT=2 DEFAULT CHARSET=utf8;
/*!40101 SET character_set_client = @saved_cs_client */;

--
-- Table structure for table `craft_structureelements`
--

DROP TABLE IF EXISTS `craft_structureelements`;
/*!40101 SET @saved_cs_client     = @@character_set_client */;
/*!40101 SET character_set_client = utf8 */;
CREATE TABLE `craft_structureelements` (
  `id` int(11) NOT NULL AUTO_INCREMENT,
  `structureId` int(11) NOT NULL,
  `elementId` int(11) DEFAULT NULL,
  `root` int(11) unsigned DEFAULT NULL,
  `lft` int(11) unsigned NOT NULL,
  `rgt` int(11) unsigned NOT NULL,
  `level` smallint(6) unsigned NOT NULL,
  `dateCreated` datetime NOT NULL,
  `dateUpdated` datetime NOT NULL,
  `uid` char(36) NOT NULL DEFAULT '0',
  PRIMARY KEY (`id`),
  UNIQUE KEY `craft_structureelements_structureId_elementId_unq_idx` (`structureId`,`elementId`),
  KEY `craft_structureelements_root_idx` (`root`),
  KEY `craft_structureelements_lft_idx` (`lft`),
  KEY `craft_structureelements_rgt_idx` (`rgt`),
  KEY `craft_structureelements_level_idx` (`level`),
  KEY `craft_structureelements_elementId_idx` (`elementId`),
  CONSTRAINT `craft_structureelements_elementId_fk` FOREIGN KEY (`elementId`) REFERENCES `craft_elements` (`id`) ON DELETE CASCADE,
  CONSTRAINT `craft_structureelements_structureId_fk` FOREIGN KEY (`structureId`) REFERENCES `craft_structures` (`id`) ON DELETE CASCADE
) ENGINE=InnoDB AUTO_INCREMENT=17 DEFAULT CHARSET=utf8;
/*!40101 SET character_set_client = @saved_cs_client */;

--
-- Table structure for table `craft_structures`
--

DROP TABLE IF EXISTS `craft_structures`;
/*!40101 SET @saved_cs_client     = @@character_set_client */;
/*!40101 SET character_set_client = utf8 */;
CREATE TABLE `craft_structures` (
  `id` int(11) NOT NULL AUTO_INCREMENT,
  `maxLevels` smallint(6) unsigned DEFAULT NULL,
  `dateCreated` datetime NOT NULL,
  `dateUpdated` datetime NOT NULL,
  `uid` char(36) NOT NULL DEFAULT '0',
  PRIMARY KEY (`id`)
) ENGINE=InnoDB AUTO_INCREMENT=6 DEFAULT CHARSET=utf8;
/*!40101 SET character_set_client = @saved_cs_client */;

--
-- Table structure for table `craft_systemmessages`
--

DROP TABLE IF EXISTS `craft_systemmessages`;
/*!40101 SET @saved_cs_client     = @@character_set_client */;
/*!40101 SET character_set_client = utf8 */;
CREATE TABLE `craft_systemmessages` (
  `id` int(11) NOT NULL AUTO_INCREMENT,
  `language` varchar(255) NOT NULL,
  `key` varchar(255) NOT NULL,
  `subject` text NOT NULL,
  `body` text NOT NULL,
  `dateCreated` datetime NOT NULL,
  `dateUpdated` datetime NOT NULL,
  `uid` char(36) NOT NULL DEFAULT '0',
  PRIMARY KEY (`id`),
  UNIQUE KEY `craft_systemmessages_key_language_unq_idx` (`key`,`language`),
  KEY `craft_systemmessages_language_idx` (`language`)
) ENGINE=InnoDB DEFAULT CHARSET=utf8;
/*!40101 SET character_set_client = @saved_cs_client */;

--
-- Table structure for table `craft_systemsettings`
--

DROP TABLE IF EXISTS `craft_systemsettings`;
/*!40101 SET @saved_cs_client     = @@character_set_client */;
/*!40101 SET character_set_client = utf8 */;
CREATE TABLE `craft_systemsettings` (
  `id` int(11) NOT NULL AUTO_INCREMENT,
  `category` varchar(15) NOT NULL,
  `settings` text,
  `dateCreated` datetime NOT NULL,
  `dateUpdated` datetime NOT NULL,
  `uid` char(36) NOT NULL DEFAULT '0',
  PRIMARY KEY (`id`),
  UNIQUE KEY `craft_systemsettings_category_unq_idx` (`category`)
) ENGINE=InnoDB AUTO_INCREMENT=2 DEFAULT CHARSET=utf8;
/*!40101 SET character_set_client = @saved_cs_client */;

--
-- Table structure for table `craft_taggroups`
--

DROP TABLE IF EXISTS `craft_taggroups`;
/*!40101 SET @saved_cs_client     = @@character_set_client */;
/*!40101 SET character_set_client = utf8 */;
CREATE TABLE `craft_taggroups` (
  `id` int(11) NOT NULL AUTO_INCREMENT,
  `name` varchar(255) NOT NULL,
  `handle` varchar(255) NOT NULL,
  `fieldLayoutId` int(11) DEFAULT NULL,
  `dateCreated` datetime NOT NULL,
  `dateUpdated` datetime NOT NULL,
  `uid` char(36) NOT NULL DEFAULT '0',
  PRIMARY KEY (`id`),
  UNIQUE KEY `craft_taggroups_name_unq_idx` (`name`),
  UNIQUE KEY `craft_taggroups_handle_unq_idx` (`handle`),
  KEY `craft_taggroups_fieldLayoutId_fk` (`fieldLayoutId`),
  CONSTRAINT `craft_taggroups_fieldLayoutId_fk` FOREIGN KEY (`fieldLayoutId`) REFERENCES `craft_fieldlayouts` (`id`) ON DELETE SET NULL
) ENGINE=InnoDB DEFAULT CHARSET=utf8;
/*!40101 SET character_set_client = @saved_cs_client */;

--
-- Table structure for table `craft_tags`
--

DROP TABLE IF EXISTS `craft_tags`;
/*!40101 SET @saved_cs_client     = @@character_set_client */;
/*!40101 SET character_set_client = utf8 */;
CREATE TABLE `craft_tags` (
  `id` int(11) NOT NULL,
  `groupId` int(11) NOT NULL,
  `dateCreated` datetime NOT NULL,
  `dateUpdated` datetime NOT NULL,
  `uid` char(36) NOT NULL DEFAULT '0',
  PRIMARY KEY (`id`),
  KEY `craft_tags_groupId_idx` (`groupId`),
  CONSTRAINT `craft_tags_groupId_fk` FOREIGN KEY (`groupId`) REFERENCES `craft_taggroups` (`id`) ON DELETE CASCADE,
  CONSTRAINT `craft_tags_id_fk` FOREIGN KEY (`id`) REFERENCES `craft_elements` (`id`) ON DELETE CASCADE
) ENGINE=InnoDB DEFAULT CHARSET=utf8;
/*!40101 SET character_set_client = @saved_cs_client */;

--
-- Table structure for table `craft_templatecacheelements`
--

DROP TABLE IF EXISTS `craft_templatecacheelements`;
/*!40101 SET @saved_cs_client     = @@character_set_client */;
/*!40101 SET character_set_client = utf8 */;
CREATE TABLE `craft_templatecacheelements` (
  `cacheId` int(11) NOT NULL,
  `elementId` int(11) NOT NULL,
  KEY `craft_templatecacheelements_cacheId_idx` (`cacheId`),
  KEY `craft_templatecacheelements_elementId_idx` (`elementId`),
  CONSTRAINT `craft_templatecacheelements_cacheId_fk` FOREIGN KEY (`cacheId`) REFERENCES `craft_templatecaches` (`id`) ON DELETE CASCADE,
  CONSTRAINT `craft_templatecacheelements_elementId_fk` FOREIGN KEY (`elementId`) REFERENCES `craft_elements` (`id`) ON DELETE CASCADE
) ENGINE=InnoDB DEFAULT CHARSET=utf8;
/*!40101 SET character_set_client = @saved_cs_client */;

--
-- Table structure for table `craft_templatecachequeries`
--

DROP TABLE IF EXISTS `craft_templatecachequeries`;
/*!40101 SET @saved_cs_client     = @@character_set_client */;
/*!40101 SET character_set_client = utf8 */;
CREATE TABLE `craft_templatecachequeries` (
  `id` int(11) NOT NULL AUTO_INCREMENT,
  `cacheId` int(11) NOT NULL,
  `type` varchar(255) NOT NULL,
  `query` longtext NOT NULL,
  PRIMARY KEY (`id`),
  KEY `craft_templatecachequeries_cacheId_idx` (`cacheId`),
  KEY `craft_templatecachequeries_type_idx` (`type`),
  CONSTRAINT `craft_templatecachequeries_cacheId_fk` FOREIGN KEY (`cacheId`) REFERENCES `craft_templatecaches` (`id`) ON DELETE CASCADE
) ENGINE=InnoDB DEFAULT CHARSET=utf8;
/*!40101 SET character_set_client = @saved_cs_client */;

--
-- Table structure for table `craft_templatecaches`
--

DROP TABLE IF EXISTS `craft_templatecaches`;
/*!40101 SET @saved_cs_client     = @@character_set_client */;
/*!40101 SET character_set_client = utf8 */;
CREATE TABLE `craft_templatecaches` (
  `id` int(11) NOT NULL AUTO_INCREMENT,
  `siteId` int(11) NOT NULL,
  `cacheKey` varchar(255) NOT NULL,
  `path` varchar(255) DEFAULT NULL,
  `expiryDate` datetime NOT NULL,
  `body` mediumtext NOT NULL,
  PRIMARY KEY (`id`),
  KEY `craft_templatecaches_cacheKey_siteId_expiryDate_path_idx` (`cacheKey`,`siteId`,`expiryDate`,`path`),
  KEY `craft_templatecaches_cacheKey_siteId_expiryDate_idx` (`cacheKey`,`siteId`,`expiryDate`),
  KEY `craft_templatecaches_siteId_idx` (`siteId`),
  CONSTRAINT `craft_templatecaches_siteId_fk` FOREIGN KEY (`siteId`) REFERENCES `craft_sites` (`id`) ON DELETE CASCADE ON UPDATE CASCADE
) ENGINE=InnoDB DEFAULT CHARSET=utf8;
/*!40101 SET character_set_client = @saved_cs_client */;

--
-- Table structure for table `craft_tokens`
--

DROP TABLE IF EXISTS `craft_tokens`;
/*!40101 SET @saved_cs_client     = @@character_set_client */;
/*!40101 SET character_set_client = utf8 */;
CREATE TABLE `craft_tokens` (
  `id` int(11) NOT NULL AUTO_INCREMENT,
  `token` char(32) NOT NULL,
  `route` text,
  `usageLimit` tinyint(3) unsigned DEFAULT NULL,
  `usageCount` tinyint(3) unsigned DEFAULT NULL,
  `expiryDate` datetime NOT NULL,
  `dateCreated` datetime NOT NULL,
  `dateUpdated` datetime NOT NULL,
  `uid` char(36) NOT NULL DEFAULT '0',
  PRIMARY KEY (`id`),
  UNIQUE KEY `craft_tokens_token_unq_idx` (`token`),
  KEY `craft_tokens_expiryDate_idx` (`expiryDate`)
) ENGINE=InnoDB DEFAULT CHARSET=utf8;
/*!40101 SET character_set_client = @saved_cs_client */;

--
-- Table structure for table `craft_usergroups`
--

DROP TABLE IF EXISTS `craft_usergroups`;
/*!40101 SET @saved_cs_client     = @@character_set_client */;
/*!40101 SET character_set_client = utf8 */;
CREATE TABLE `craft_usergroups` (
  `id` int(11) NOT NULL AUTO_INCREMENT,
  `name` varchar(255) NOT NULL,
  `handle` varchar(255) NOT NULL,
  `dateCreated` datetime NOT NULL,
  `dateUpdated` datetime NOT NULL,
  `uid` char(36) NOT NULL DEFAULT '0',
  PRIMARY KEY (`id`),
  UNIQUE KEY `craft_usergroups_handle_unq_idx` (`handle`),
  UNIQUE KEY `craft_usergroups_name_unq_idx` (`name`)
) ENGINE=InnoDB DEFAULT CHARSET=utf8;
/*!40101 SET character_set_client = @saved_cs_client */;

--
-- Table structure for table `craft_usergroups_users`
--

DROP TABLE IF EXISTS `craft_usergroups_users`;
/*!40101 SET @saved_cs_client     = @@character_set_client */;
/*!40101 SET character_set_client = utf8 */;
CREATE TABLE `craft_usergroups_users` (
  `id` int(11) NOT NULL AUTO_INCREMENT,
  `groupId` int(11) NOT NULL,
  `userId` int(11) NOT NULL,
  `dateCreated` datetime NOT NULL,
  `dateUpdated` datetime NOT NULL,
  `uid` char(36) NOT NULL DEFAULT '0',
  PRIMARY KEY (`id`),
  UNIQUE KEY `craft_usergroups_users_groupId_userId_unq_idx` (`groupId`,`userId`),
  KEY `craft_usergroups_users_userId_idx` (`userId`),
  CONSTRAINT `craft_usergroups_users_groupId_fk` FOREIGN KEY (`groupId`) REFERENCES `craft_usergroups` (`id`) ON DELETE CASCADE,
  CONSTRAINT `craft_usergroups_users_userId_fk` FOREIGN KEY (`userId`) REFERENCES `craft_users` (`id`) ON DELETE CASCADE
) ENGINE=InnoDB DEFAULT CHARSET=utf8;
/*!40101 SET character_set_client = @saved_cs_client */;

--
-- Table structure for table `craft_userpermissions`
--

DROP TABLE IF EXISTS `craft_userpermissions`;
/*!40101 SET @saved_cs_client     = @@character_set_client */;
/*!40101 SET character_set_client = utf8 */;
CREATE TABLE `craft_userpermissions` (
  `id` int(11) NOT NULL AUTO_INCREMENT,
  `name` varchar(255) NOT NULL,
  `dateCreated` datetime NOT NULL,
  `dateUpdated` datetime NOT NULL,
  `uid` char(36) NOT NULL DEFAULT '0',
  PRIMARY KEY (`id`),
  UNIQUE KEY `craft_userpermissions_name_unq_idx` (`name`)
) ENGINE=InnoDB DEFAULT CHARSET=utf8;
/*!40101 SET character_set_client = @saved_cs_client */;

--
-- Table structure for table `craft_userpermissions_usergroups`
--

DROP TABLE IF EXISTS `craft_userpermissions_usergroups`;
/*!40101 SET @saved_cs_client     = @@character_set_client */;
/*!40101 SET character_set_client = utf8 */;
CREATE TABLE `craft_userpermissions_usergroups` (
  `id` int(11) NOT NULL AUTO_INCREMENT,
  `permissionId` int(11) NOT NULL,
  `groupId` int(11) NOT NULL,
  `dateCreated` datetime NOT NULL,
  `dateUpdated` datetime NOT NULL,
  `uid` char(36) NOT NULL DEFAULT '0',
  PRIMARY KEY (`id`),
  UNIQUE KEY `craft_userpermissions_usergroups_permissionId_groupId_unq_idx` (`permissionId`,`groupId`),
  KEY `craft_userpermissions_usergroups_groupId_idx` (`groupId`),
  CONSTRAINT `craft_userpermissions_usergroups_groupId_fk` FOREIGN KEY (`groupId`) REFERENCES `craft_usergroups` (`id`) ON DELETE CASCADE,
  CONSTRAINT `craft_userpermissions_usergroups_permissionId_fk` FOREIGN KEY (`permissionId`) REFERENCES `craft_userpermissions` (`id`) ON DELETE CASCADE
) ENGINE=InnoDB DEFAULT CHARSET=utf8;
/*!40101 SET character_set_client = @saved_cs_client */;

--
-- Table structure for table `craft_userpermissions_users`
--

DROP TABLE IF EXISTS `craft_userpermissions_users`;
/*!40101 SET @saved_cs_client     = @@character_set_client */;
/*!40101 SET character_set_client = utf8 */;
CREATE TABLE `craft_userpermissions_users` (
  `id` int(11) NOT NULL AUTO_INCREMENT,
  `permissionId` int(11) NOT NULL,
  `userId` int(11) NOT NULL,
  `dateCreated` datetime NOT NULL,
  `dateUpdated` datetime NOT NULL,
  `uid` char(36) NOT NULL DEFAULT '0',
  PRIMARY KEY (`id`),
  UNIQUE KEY `craft_userpermissions_users_permissionId_userId_unq_idx` (`permissionId`,`userId`),
  KEY `craft_userpermissions_users_userId_idx` (`userId`),
  CONSTRAINT `craft_userpermissions_users_permissionId_fk` FOREIGN KEY (`permissionId`) REFERENCES `craft_userpermissions` (`id`) ON DELETE CASCADE,
  CONSTRAINT `craft_userpermissions_users_userId_fk` FOREIGN KEY (`userId`) REFERENCES `craft_users` (`id`) ON DELETE CASCADE
) ENGINE=InnoDB DEFAULT CHARSET=utf8;
/*!40101 SET character_set_client = @saved_cs_client */;

--
-- Table structure for table `craft_userpreferences`
--

DROP TABLE IF EXISTS `craft_userpreferences`;
/*!40101 SET @saved_cs_client     = @@character_set_client */;
/*!40101 SET character_set_client = utf8 */;
CREATE TABLE `craft_userpreferences` (
  `userId` int(11) NOT NULL AUTO_INCREMENT,
  `preferences` text,
  PRIMARY KEY (`userId`),
  CONSTRAINT `craft_userpreferences_userId_fk` FOREIGN KEY (`userId`) REFERENCES `craft_users` (`id`) ON DELETE CASCADE
) ENGINE=InnoDB AUTO_INCREMENT=2 DEFAULT CHARSET=utf8;
/*!40101 SET character_set_client = @saved_cs_client */;

--
-- Table structure for table `craft_users`
--

DROP TABLE IF EXISTS `craft_users`;
/*!40101 SET @saved_cs_client     = @@character_set_client */;
/*!40101 SET character_set_client = utf8 */;
CREATE TABLE `craft_users` (
  `id` int(11) NOT NULL,
  `username` varchar(100) NOT NULL,
  `photoId` int(11) DEFAULT NULL,
  `firstName` varchar(100) DEFAULT NULL,
  `lastName` varchar(100) DEFAULT NULL,
  `email` varchar(255) NOT NULL,
  `password` varchar(255) DEFAULT NULL,
  `admin` tinyint(1) NOT NULL DEFAULT '0',
  `locked` tinyint(1) NOT NULL DEFAULT '0',
  `suspended` tinyint(1) NOT NULL DEFAULT '0',
  `pending` tinyint(1) NOT NULL DEFAULT '0',
  `lastLoginDate` datetime DEFAULT NULL,
  `lastLoginAttemptIp` varchar(45) DEFAULT NULL,
  `invalidLoginWindowStart` datetime DEFAULT NULL,
  `invalidLoginCount` tinyint(3) unsigned DEFAULT NULL,
  `lastInvalidLoginDate` datetime DEFAULT NULL,
  `lockoutDate` datetime DEFAULT NULL,
  `hasDashboard` tinyint(1) NOT NULL DEFAULT '0',
  `verificationCode` varchar(255) DEFAULT NULL,
  `verificationCodeIssuedDate` datetime DEFAULT NULL,
  `unverifiedEmail` varchar(255) DEFAULT NULL,
  `passwordResetRequired` tinyint(1) NOT NULL DEFAULT '0',
  `lastPasswordChangeDate` datetime DEFAULT NULL,
  `dateCreated` datetime NOT NULL,
  `dateUpdated` datetime NOT NULL,
  `uid` char(36) NOT NULL DEFAULT '0',
  PRIMARY KEY (`id`),
  UNIQUE KEY `craft_users_username_unq_idx` (`username`),
  UNIQUE KEY `craft_users_email_unq_idx` (`email`),
  KEY `craft_users_uid_idx` (`uid`),
  KEY `craft_users_verificationCode_idx` (`verificationCode`),
  KEY `craft_users_photoId_fk` (`photoId`),
  CONSTRAINT `craft_users_id_fk` FOREIGN KEY (`id`) REFERENCES `craft_elements` (`id`) ON DELETE CASCADE,
  CONSTRAINT `craft_users_photoId_fk` FOREIGN KEY (`photoId`) REFERENCES `craft_assets` (`id`) ON DELETE SET NULL
) ENGINE=InnoDB DEFAULT CHARSET=utf8;
/*!40101 SET character_set_client = @saved_cs_client */;

--
-- Table structure for table `craft_volumefolders`
--

DROP TABLE IF EXISTS `craft_volumefolders`;
/*!40101 SET @saved_cs_client     = @@character_set_client */;
/*!40101 SET character_set_client = utf8 */;
CREATE TABLE `craft_volumefolders` (
  `id` int(11) NOT NULL AUTO_INCREMENT,
  `parentId` int(11) DEFAULT NULL,
  `volumeId` int(11) DEFAULT NULL,
  `name` varchar(255) NOT NULL,
  `path` varchar(255) DEFAULT NULL,
  `dateCreated` datetime NOT NULL,
  `dateUpdated` datetime NOT NULL,
  `uid` char(36) NOT NULL DEFAULT '0',
  PRIMARY KEY (`id`),
  UNIQUE KEY `craft_volumefolders_name_parentId_volumeId_unq_idx` (`name`,`parentId`,`volumeId`),
  KEY `craft_volumefolders_parentId_idx` (`parentId`),
  KEY `craft_volumefolders_volumeId_idx` (`volumeId`),
  CONSTRAINT `craft_volumefolders_parentId_fk` FOREIGN KEY (`parentId`) REFERENCES `craft_volumefolders` (`id`) ON DELETE CASCADE,
  CONSTRAINT `craft_volumefolders_volumeId_fk` FOREIGN KEY (`volumeId`) REFERENCES `craft_volumes` (`id`) ON DELETE CASCADE
) ENGINE=InnoDB AUTO_INCREMENT=4 DEFAULT CHARSET=utf8;
/*!40101 SET character_set_client = @saved_cs_client */;

--
-- Table structure for table `craft_volumes`
--

DROP TABLE IF EXISTS `craft_volumes`;
/*!40101 SET @saved_cs_client     = @@character_set_client */;
/*!40101 SET character_set_client = utf8 */;
CREATE TABLE `craft_volumes` (
  `id` int(11) NOT NULL AUTO_INCREMENT,
  `fieldLayoutId` int(11) DEFAULT NULL,
  `name` varchar(255) NOT NULL,
  `handle` varchar(255) NOT NULL,
  `type` varchar(255) NOT NULL,
  `hasUrls` tinyint(1) NOT NULL DEFAULT '1',
  `url` varchar(255) DEFAULT NULL,
  `settings` text,
  `sortOrder` smallint(6) unsigned DEFAULT NULL,
  `dateCreated` datetime NOT NULL,
  `dateUpdated` datetime NOT NULL,
  `uid` char(36) NOT NULL DEFAULT '0',
  PRIMARY KEY (`id`),
  UNIQUE KEY `craft_volumes_name_unq_idx` (`name`),
  UNIQUE KEY `craft_volumes_handle_unq_idx` (`handle`),
  KEY `craft_volumes_fieldLayoutId_idx` (`fieldLayoutId`),
  CONSTRAINT `craft_volumes_fieldLayoutId_fk` FOREIGN KEY (`fieldLayoutId`) REFERENCES `craft_fieldlayouts` (`id`) ON DELETE SET NULL
) ENGINE=InnoDB AUTO_INCREMENT=2 DEFAULT CHARSET=utf8;
/*!40101 SET character_set_client = @saved_cs_client */;

--
-- Table structure for table `craft_widgets`
--

DROP TABLE IF EXISTS `craft_widgets`;
/*!40101 SET @saved_cs_client     = @@character_set_client */;
/*!40101 SET character_set_client = utf8 */;
CREATE TABLE `craft_widgets` (
  `id` int(11) NOT NULL AUTO_INCREMENT,
  `userId` int(11) NOT NULL,
  `type` varchar(255) NOT NULL,
  `sortOrder` smallint(6) unsigned DEFAULT NULL,
  `colspan` tinyint(1) NOT NULL DEFAULT '0',
  `settings` text,
  `enabled` tinyint(1) NOT NULL DEFAULT '1',
  `dateCreated` datetime NOT NULL,
  `dateUpdated` datetime NOT NULL,
  `uid` char(36) NOT NULL DEFAULT '0',
  PRIMARY KEY (`id`),
  KEY `craft_widgets_userId_idx` (`userId`),
  CONSTRAINT `craft_widgets_userId_fk` FOREIGN KEY (`userId`) REFERENCES `craft_users` (`id`) ON DELETE CASCADE
) ENGINE=InnoDB AUTO_INCREMENT=4 DEFAULT CHARSET=utf8;
/*!40101 SET character_set_client = @saved_cs_client */;

--
-- Dumping routines for database 'rwdkent'
--
/*!40103 SET TIME_ZONE=@OLD_TIME_ZONE */;

/*!40101 SET SQL_MODE=@OLD_SQL_MODE */;
/*!40014 SET FOREIGN_KEY_CHECKS=@OLD_FOREIGN_KEY_CHECKS */;
/*!40014 SET UNIQUE_CHECKS=@OLD_UNIQUE_CHECKS */;
/*!40101 SET CHARACTER_SET_CLIENT=@OLD_CHARACTER_SET_CLIENT */;
/*!40101 SET CHARACTER_SET_RESULTS=@OLD_CHARACTER_SET_RESULTS */;
/*!40101 SET COLLATION_CONNECTION=@OLD_COLLATION_CONNECTION */;
/*!40111 SET SQL_NOTES=@OLD_SQL_NOTES */;

-- Dump completed on 2018-08-24 14:12:42
-- MySQL dump 10.13  Distrib 5.6.38, for osx10.9 (x86_64)
--
-- Host: localhost    Database: rwdkent
-- ------------------------------------------------------
-- Server version	5.6.38

/*!40101 SET @OLD_CHARACTER_SET_CLIENT=@@CHARACTER_SET_CLIENT */;
/*!40101 SET @OLD_CHARACTER_SET_RESULTS=@@CHARACTER_SET_RESULTS */;
/*!40101 SET @OLD_COLLATION_CONNECTION=@@COLLATION_CONNECTION */;
/*!40101 SET NAMES utf8 */;
/*!40103 SET @OLD_TIME_ZONE=@@TIME_ZONE */;
/*!40103 SET TIME_ZONE='+00:00' */;
/*!40014 SET @OLD_UNIQUE_CHECKS=@@UNIQUE_CHECKS, UNIQUE_CHECKS=0 */;
/*!40014 SET @OLD_FOREIGN_KEY_CHECKS=@@FOREIGN_KEY_CHECKS, FOREIGN_KEY_CHECKS=0 */;
/*!40101 SET @OLD_SQL_MODE=@@SQL_MODE, SQL_MODE='NO_AUTO_VALUE_ON_ZERO' */;
/*!40111 SET @OLD_SQL_NOTES=@@SQL_NOTES, SQL_NOTES=0 */;

--
-- Dumping data for table `craft_assets`
--

LOCK TABLES `craft_assets` WRITE;
/*!40000 ALTER TABLE `craft_assets` DISABLE KEYS */;
set autocommit=0;
INSERT INTO `craft_assets` VALUES (19,1,1,'logo.png','image',1000,272,14929,NULL,'2018-08-06 15:22:30','2018-05-09 19:23:46','2018-08-08 15:11:00','ff16b12f-550c-45dc-abcf-19face1a6723'),(60,1,1,'Kent-State-Logo-White.svg','image',162,48,18364,NULL,'2018-08-06 18:51:49','2018-08-06 18:51:49','2018-08-08 15:11:00','47940c9f-9e79-4864-b471-c2fd7c016a04'),(61,1,1,'shapes.svg','image',1200,265,3291,NULL,'2018-08-06 19:41:08','2018-08-06 19:41:08','2018-08-08 15:11:00','8c6374c4-4d8c-438d-ba4f-649c06d148ba'),(62,1,1,'assignments.svg','image',119,262,9265,NULL,'2018-08-06 19:43:53','2018-08-06 19:43:53','2018-08-08 15:10:59','d54c72fe-5249-4458-bc4f-d7b3ae8f627a'),(63,1,1,'calendar.svg','image',119,262,13189,NULL,'2018-08-06 19:43:54','2018-08-06 19:43:54','2018-08-08 15:10:59','11073b4a-b937-49f4-838a-799213d1d7f2'),(64,1,1,'down-arrow.svg','image',97,71,670,NULL,'2018-08-06 19:43:54','2018-08-06 19:43:54','2018-08-08 15:10:59','8b13e3c2-47c5-46c0-a7d4-0d64ea923a3b'),(65,1,1,'groups.svg','image',119,262,14517,NULL,'2018-08-06 19:43:54','2018-08-06 19:43:54','2018-08-08 15:10:59','ecaebf7f-c85f-43e2-b153-6444c6751a1e'),(66,1,1,'syllabus.svg','image',119,262,6468,NULL,'2018-08-06 19:43:55','2018-08-06 19:43:55','2018-08-08 15:11:01','80cb5897-fcc5-4cf7-9e91-9caa0510e97d'),(74,1,1,'hallahan-headshot.jpg','image',700,1050,121669,NULL,'2018-08-07 16:38:15','2018-08-07 16:38:15','2018-08-08 15:11:00','b075ce5f-b99e-40e5-bbd6-15179149682f');
/*!40000 ALTER TABLE `craft_assets` ENABLE KEYS */;
UNLOCK TABLES;
commit;

--
-- Dumping data for table `craft_assettransforms`
--

LOCK TABLES `craft_assettransforms` WRITE;
/*!40000 ALTER TABLE `craft_assettransforms` DISABLE KEYS */;
set autocommit=0;
/*!40000 ALTER TABLE `craft_assettransforms` ENABLE KEYS */;
UNLOCK TABLES;
commit;

--
-- Dumping data for table `craft_categories`
--

LOCK TABLES `craft_categories` WRITE;
/*!40000 ALTER TABLE `craft_categories` DISABLE KEYS */;
set autocommit=0;
INSERT INTO `craft_categories` VALUES (26,4,'2018-07-19 17:43:54','2018-08-13 16:56:58','99af4370-6690-42c3-a88a-c089fba78441'),(27,4,'2018-07-19 17:44:07','2018-08-13 16:57:01','b3eb62ae-5adc-4297-832b-a69e94248f37'),(28,4,'2018-07-19 17:44:29','2018-08-13 16:57:21','4ad61f0b-1dea-426b-8047-4d9f8904d6a1'),(30,1,'2018-07-19 17:45:12','2018-08-13 16:57:28','4c87bb95-d92b-4fdb-8bec-858821042a47'),(31,1,'2018-07-19 17:45:22','2018-07-19 17:45:22','927ccd17-df82-45d9-b85b-eb52f08942be'),(32,2,'2018-07-19 17:45:41','2018-08-20 14:36:19','d370a6d8-1220-43ff-8840-ac88a0f4dff2'),(96,3,'2018-08-13 16:54:41','2018-08-13 16:57:37','c52c06ca-8364-4bb2-b9ed-b1ab36c6fa93'),(142,5,'2018-08-23 13:36:04','2018-08-23 14:15:24','2ce4fd6c-9148-47ee-ba23-4108faea0585'),(143,5,'2018-08-23 13:36:50','2018-08-23 14:15:32','6cfad428-ec5d-4698-bade-3e76c2709604'),(144,5,'2018-08-23 13:37:07','2018-08-23 14:15:41','54ec6710-f290-4966-873f-07914621af5d');
/*!40000 ALTER TABLE `craft_categories` ENABLE KEYS */;
UNLOCK TABLES;
commit;

--
-- Dumping data for table `craft_categorygroups`
--

LOCK TABLES `craft_categorygroups` WRITE;
/*!40000 ALTER TABLE `craft_categorygroups` DISABLE KEYS */;
set autocommit=0;
INSERT INTO `craft_categorygroups` VALUES (1,1,19,'Course Type','courseType','2018-07-19 17:41:24','2018-07-19 17:42:43','a61234b6-3328-4609-b6b2-ee4707072544'),(2,2,20,'Locations','locations','2018-07-19 17:43:06','2018-08-13 20:10:40','b033c29a-3e38-42ec-a50c-703c20bd3344'),(3,3,21,'Terms','terms','2018-07-19 17:43:15','2018-07-19 17:43:15','989e5e39-24a1-48a6-82fc-4a7318248974'),(4,4,22,'Assignment Type','assignmentType','2018-07-19 17:43:26','2018-07-19 17:43:26','395bc11c-eb57-4fc9-b42e-5c3839833421'),(5,5,89,'Calendar Sections','calendarSections','2018-08-23 13:35:40','2018-08-23 14:15:15','15631e13-8bb9-4ee5-bc75-327ba2d90f0a');
/*!40000 ALTER TABLE `craft_categorygroups` ENABLE KEYS */;
UNLOCK TABLES;
commit;

--
-- Dumping data for table `craft_categorygroups_sites`
--

LOCK TABLES `craft_categorygroups_sites` WRITE;
/*!40000 ALTER TABLE `craft_categorygroups_sites` DISABLE KEYS */;
set autocommit=0;
INSERT INTO `craft_categorygroups_sites` VALUES (1,1,1,1,'course-type/{slug}','course-type/_category','2018-07-19 17:41:24','2018-07-19 17:42:43','0349272a-4051-43f8-bedd-5674dfe244ce'),(2,2,1,1,'locations/{slug}','locations/_category','2018-07-19 17:43:06','2018-08-13 20:10:40','6bf4b1dd-9f8f-4c56-967e-b58fe2546622'),(3,3,1,1,'terms/{slug}','terms/_category','2018-07-19 17:43:15','2018-07-19 17:43:15','6efe2e65-c24b-4901-aef0-8ad8b39b7b19'),(4,4,1,1,'assignment-type/{slug}','assignment-type/_category','2018-07-19 17:43:26','2018-07-19 17:43:26','f136a40b-82b3-4f30-b405-8c5d2bbf941f'),(5,5,1,1,'calendar-sections/{slug}','calendar-sections/_category','2018-08-23 13:35:40','2018-08-23 14:15:15','f0fe165e-d8ef-4104-8262-a02090b95258');
/*!40000 ALTER TABLE `craft_categorygroups_sites` ENABLE KEYS */;
UNLOCK TABLES;
commit;

--
-- Dumping data for table `craft_content`
--

LOCK TABLES `craft_content` WRITE;
/*!40000 ALTER TABLE `craft_content` DISABLE KEYS */;
set autocommit=0;
INSERT INTO `craft_content` VALUES (1,1,1,NULL,'2018-05-02 20:31:26','2018-05-02 20:31:26','d570f867-dd68-4f6b-92b7-f9c8ad96ec9b',NULL,NULL,NULL,NULL,NULL,NULL,NULL,NULL,NULL,NULL,NULL),(2,2,1,'Homepage','2018-05-02 20:42:28','2018-08-07 16:24:38','116d8c53-f4f7-45d6-a016-8bae0396ed04','Responsive Web Design','Classes & Workshops',NULL,'<p class=\"introduction-home introduction\">In Kent State University\'s Responsive Web Design <a href=\"class/\">basic class</a>, RWD <a href=\"advanced/\">advanced class</a> and RWD <a href=\"/workshop\">professional workshop</a>, students from the College of Communication and Information and other colleges learn the process of creating responsive websites with HTML and CSS, from sketching and prototyping to usability testing and content strategy.</p>',NULL,NULL,NULL,NULL,NULL,NULL,NULL),(5,12,1,NULL,'2018-05-07 20:19:03','2018-08-14 19:21:08','1c95dca9-3b88-4dcd-b35b-92d8cb6d384a',NULL,NULL,NULL,NULL,NULL,NULL,NULL,NULL,NULL,NULL,NULL),(6,13,1,NULL,'2018-05-07 20:19:06','2018-08-07 20:27:53','fb58221a-0b49-43d3-ba3c-09da76b8e7c8',NULL,NULL,NULL,'<p><a href=\"http://www.kent.edu/cci\">College of Communication &amp; Information</a></p>\n<p><a href=\"http://www.ideabasekent.com\">IdeaBase: Powered by Kent State Students</a></p>',NULL,NULL,NULL,NULL,NULL,NULL,NULL),(10,19,1,'Logo','2018-05-09 19:23:45','2018-08-08 15:11:00','0adb87ad-2c3d-45bf-af34-e251cc4abd43',NULL,NULL,NULL,NULL,NULL,NULL,NULL,NULL,NULL,NULL,NULL),(16,26,1,'CodePen Challenge','2018-07-19 17:43:54','2018-08-13 16:56:58','df7713b9-923b-44d9-b871-2764835a657c',NULL,NULL,NULL,NULL,NULL,NULL,NULL,NULL,NULL,NULL,NULL),(17,27,1,'Project','2018-07-19 17:44:07','2018-08-13 16:57:01','15d5b313-c783-4f9a-9a2e-b1f99d9f51ef',NULL,NULL,NULL,NULL,NULL,NULL,NULL,NULL,NULL,NULL,NULL),(18,28,1,'In-Class Assignment/Quiz','2018-07-19 17:44:29','2018-08-13 16:57:21','9acf03a7-c4ae-4006-b1d1-8e15c7cf24ff',NULL,NULL,NULL,NULL,NULL,NULL,NULL,NULL,NULL,NULL,NULL),(20,30,1,'Basic Class','2018-07-19 17:45:12','2018-08-13 16:57:28','cdb1109f-5be0-4870-8916-1761477ff5e8',NULL,NULL,NULL,NULL,NULL,NULL,NULL,NULL,NULL,NULL,NULL),(21,31,1,'Advanced Class','2018-07-19 17:45:22','2018-07-19 17:45:22','1997b60c-25f7-4607-9588-55f841442174',NULL,NULL,NULL,NULL,NULL,NULL,NULL,NULL,NULL,NULL,NULL),(22,32,1,'IdeaBase','2018-07-19 17:45:41','2018-08-20 14:36:18','8009e57b-85d1-4e84-b16f-c698ce03759e',NULL,NULL,NULL,NULL,NULL,NULL,NULL,'IdeaBase, East Main Street, Kent, OH',NULL,NULL,NULL),(41,60,1,'Kent State Logo White','2018-08-06 18:51:49','2018-08-08 15:11:00','c65cd87c-ef4b-47ed-8039-5c0c679c144b',NULL,NULL,NULL,NULL,NULL,NULL,NULL,NULL,NULL,NULL,NULL),(42,61,1,'Shapes','2018-08-06 19:41:08','2018-08-08 15:11:00','dc0125c2-eebf-409f-8c0b-992fab9f5eb9',NULL,NULL,NULL,NULL,NULL,NULL,NULL,NULL,NULL,NULL,NULL),(43,62,1,'Assignments','2018-08-06 19:43:53','2018-08-08 15:10:59','e04cf366-111f-461a-b679-151f40ac7b00',NULL,NULL,NULL,NULL,NULL,NULL,NULL,NULL,NULL,NULL,NULL),(44,63,1,'Calendar','2018-08-06 19:43:54','2018-08-08 15:10:59','00f76ffc-dae4-44bb-beec-28c7c1e23745',NULL,NULL,NULL,NULL,NULL,NULL,NULL,NULL,NULL,NULL,NULL),(45,64,1,'Down Arrow','2018-08-06 19:43:54','2018-08-08 15:10:59','85c45ba4-9dbc-4b90-9bae-62b7713f6119',NULL,NULL,NULL,NULL,NULL,NULL,NULL,NULL,NULL,NULL,NULL),(46,65,1,'Groups','2018-08-06 19:43:54','2018-08-08 15:10:59','0ea9e12f-fa9c-4f0f-9254-346e3c4d4c07',NULL,NULL,NULL,NULL,NULL,NULL,NULL,NULL,NULL,NULL,NULL),(47,66,1,'Syllabus','2018-08-06 19:43:55','2018-08-08 15:11:01','610f9dc3-f95f-4ff7-b1c7-209d5d2692a0',NULL,NULL,NULL,NULL,NULL,NULL,NULL,NULL,NULL,NULL,NULL),(49,69,1,'About','2018-08-07 15:54:41','2018-08-14 17:35:22','ac5d1038-d93b-4735-8004-d0afb8f69d15',NULL,NULL,NULL,'<p class=\"section-introduction\">In 2010, Ethan Marcotte published his famous article on A List Apart called <a href=\"http://alistapart.com/article/responsive-web-design\">Responsive Web Design</a>. The article was quickly followed by the <a href=\"http://abookapart.com/products/responsive-web-design\">Responsive Web Design Book</a>, published by A Book Apart in 2011. In this book, Marcotte popularized the idea of using flexible grids and CSS media queries to build a single website that scales across mobile phones, tablets, desktop computers, televisions and everything in between.</p>\n<p>Since then, Responsive Web Design has become not just a technical solution for web design - its an entire process that brings multiple disciplines together to form one product that works across multiple devices. The responsive design process includes user experience, content strategy, information architecture, visual design, HTML/CSS/JavaScript development, usability testing and technical testing.</p>\n<h2>RWD at Kent State</h2>\n<p>Kent State University\'s Responsive Web Design classes were designed with the goal of bringing together students from multiple disciplines from within the <a href=\"http://www.kent.edu/cci\">College of Communication and Information</a> and giving them the skills they need to work with and become web designers. The classes are hands-on and encourage active learning. The class is constantly evolving, always integrating the latest advancements in design, development and user experience design.</p>\n<p>I\'m making this information public with the hope that others will find it helpful when creating similar programs at their educational institutions.</p>',NULL,NULL,NULL,NULL,NULL,NULL,NULL),(50,74,1,'Hallahan Headshot','2018-08-07 16:38:15','2018-08-08 15:11:00','d6e2394d-85aa-4a56-b2e5-756917037d43',NULL,NULL,NULL,NULL,NULL,NULL,NULL,NULL,NULL,NULL,NULL),(55,96,1,'Fall 2018','2018-08-13 16:54:41','2018-08-13 16:57:37','65f247df-79f1-4dc1-b131-177b31b3bc96',NULL,NULL,NULL,NULL,NULL,NULL,NULL,NULL,NULL,NULL,NULL),(56,97,1,'Chris Hallahan','2018-08-13 18:35:35','2018-08-13 18:35:35','fd91388d-04ec-4616-948c-1c1e4670c39c',NULL,NULL,NULL,'<p>I work full time for Kent State\'s <a href=\"http://www.kent.edu/cci\">College of Communication &amp; Information (CCI)</a> as a User Experience Designer at the college and <a href=\"http://www.ideabasekent.com\">IdeaBase</a>, a collaborative, student-run agency located in Downtown Kent, where we conduct research, design and development work for real-world clients, both inside and outside the university.</p>\n<p>My degrees are both from Kent State University - a bachelor\'s degree (2008) in Electronic Media (School of Journalism and Mass Communication) and master\'s degree (2010) in User Experience Design (School of Library &amp; Information Science).</p>\n<p>You can learn more about me at my personal website, <a href=\"http://www.chrishallahan.com\">www.chrishallahan.com</a>.</p>',NULL,NULL,NULL,NULL,NULL,NULL,NULL),(57,102,1,'Test Course','2018-08-13 18:42:32','2018-08-13 18:42:32','d8ba3cba-db94-4262-bc12-672b16f9c17b',NULL,NULL,NULL,'<p>In Kent State University\'s basic Responsive Web Design course, you will learn the fundamental principles for developing standards-based web sites from a mobile-first and content-first perspective and ensure its functionality for users in terms of both usability and performance.</p>','Tuesday/Thursday, 11 a.m. - 12:25 p.m.',NULL,NULL,NULL,NULL,NULL,NULL),(58,103,1,'Syllabus - Test Course','2018-08-13 18:51:41','2018-08-20 16:14:12','5a45a59e-4384-4737-9a31-e214102ceab5',NULL,NULL,NULL,'<h3>About This Course<br /></h3>\n<p>Responsive web design isnt just a technical solution for web design - its an entire process that brings multiple disciplines together to form one product that works across multiple devices. The responsive design process includes user experience, content strategy, information architecture, visual design, development, usability testing and technical testing. Students who will succeed in this field will need to be familiar with not just one, but all of these processes, while working in a team-based environment.</p>\n<p>In this course you will learn the fundamental principles for developing standards-based web sites from a mobile-first and content-first perspective. We will explore each aspect of an agile-inspired process, during which youll learn each step of what it takes to build a website and ensure its functionality for its users in terms of both usability and performance.</p>\n<h4>Topics</h4>\n<p>Just a few of the topics planned to be covered in the Responsive Web Design course include:</p>\n<ul><li>Atomic Design</li>\n<li>Pattern Libraries and Style Guides</li>\n<li>Sketching</li>\n<li>User Research Techniques</li>\n<li>Rapid Prototyping</li>\n<li>HTML/CSS/JavaScript</li>\n<li>Modern Web Design Workflows</li>\n<li>Mobile Content Strategy</li>\n<li>Browser Testing</li>\n<li>Version Control</li>\n<li>Paired and Team Coding</li>\n<li>Mobile-First Design</li>\n<li>Style Tiles and Web Design Techniques</li>\n<li>Modern Web Layout Tools</li>\n</ul><h3>Prerequisites</h3>\n<p>Sophomore standing. This course has no other prerequisites, however you must be proficient in basic web and computer applications. You will be expected to write HTML, CSS and light JavaScript code (familiarity with these will be helpful, but is not necessary). You will also be working in vector-based editing tools to help prototype visual designs. Success in this course will depend on your willingness to try learn new skills and collaborate with others from different backgrounds to solve complex problems.</p>\n<h3>Subject to Change Statement</h3>\n<p>The syllabus and course schedule may be subject to change. Changes will be communicated via email. It is the responsibility of students to check email messages and course announcements to stay current in the course.</p>\n<h3>Course Goals</h3>\n<p>In this course, students will:</p>\n<ul><li>Apply a modern workflow to a responsive web design, including competitive research techniques, content development, information architecture, design and development.</li>\n<li>Gather and architect content for the web, with a focus on prioritizing content for use on multiple devices.</li>\n<li>Rapidly prototype web design modules, developing style tiles and reusable patterns for colors, typography, layout and user interface elements.</li>\n<li>Create interactive prototypes and wireframes in HTML/CSS, using standards-compliant HTML and CSS, media queries and responsive layouts.</li>\n<li>Test prototypes for common performance, usability and web browser issues.</li>\n<li>Use version control to create a staging server on which websites will be hosted and updated.</li>\n<li>Work in a team environment, collaborating with students from a variety of disciplines.</li>\n<li>Solve common web design problems both independently and as a group, through the use of online resources, books, videos and fellow students.</li>\n</ul><h3>Learning outcomes</h3>\n<p>Most importantly, by the end of this course, students will be able to:</p>\n<ul><li>Identify and write the most common HTML/CSS properties, with proper indentation and comments, and understand how to use these properties efficiently.</li>\n<li>Organize and prioritize website content to fit information architecture best practices, including a mobile-first methodology.</li>\n<li>Use media queries to create a responsive HTML/CSS/JavaScript prototype that accommodates multiple screen sizes and device types.</li>\n<li>Speak intelligently about responsive web design and describe why its important to future clients, colleagues or employers.</li>\n<li>Analyze predefined requirements and constraints that a client or employer may ask of a web designer, and creatively apply these to the solution.</li>\n<li>Critique and speak intelligently about web design in terms of content, colors, typography, user interface elements and layout.</li>\n<li>Coordinate a web design project and work with other team members to build deliverables along the way.</li>\n<li>Understand the various roles that are essential to the web design process and appreciate the skills required for each discipline.</li>\n<li>See themselves as capable and confident when working in code, even if they are not primarily developers. Be willing to cross organizational lines and take chances.</li>\n<li>Be motivated to expand their knowledge of web design by following influential web designers and businesses that are currently implementing responsive design.</li>\n<li>Understand how the student and their current area of study fits into a web design role (and their role as a communicator) and expand on their current background to be able to take on future roles in interactive media.</li>\n<li>Understand how HTML/CSS prototypes integrate into large, dynamic content management systems and complex organizations.</li>\n<li>Develop test plans and iterate on future design and content systems after identifying usability or technical issues.</li>\n<li>Identify solutions to complex design/development problems and use online resources to expand knowledge of HTML/CSS processes.</li>\n</ul><h3>Course Textbook and Materials</h3>\n<p>There are 2 required textbooks for the course. One provides detailed examples and instructions for HTML/CSS, and the other provides more practical knowledge on web design topics:</p>\n<ul><li><em><a href=\"https://www.amazon.com/HTML-CSS-Design-Build-Websites/dp/1118008189\">HTML and CSS: Design and Build Websites</a></em> by Jon Duckett, November 2011, Wiley. ($18.51 on Amazon)</li>\n<li><em><a href=\"https://abookapart.com/products/responsive-web-design\">Responsive Web Design</a></em> by Ethan Marcotte, Second Edition, December 2014, A Book Apart. ($9.00/Ebook or $18.00/Paperback + Shipping)</li>\n</ul><p>This course will also make use of video tutorials from Lynda.com (available at no charge to students taking this course), as well as free online readings and videos.</p>\n<h3>Class Structure</h3>\n<p>This class will be held once a week and will have both a lecture/discussion and studio/lab component. Students will be assigned readings from a variety disciplines, authors and topics, which will be discussed during the first half of class. All students will have the opportunity to pair with a student from a different background to work on hands-on examples in class each week, as well as a long-term project that will span the semester. Short homework assignments will be given throughout the semester in order to master key topics.</p>\n<h3>Preparing for Class</h3>\n<p>Students are expected to come to class prepared. This means:</p>\n<ul><li>Familiarization with the required readings or videos.</li>\n<li>Readiness to participate in class discussions and activities.</li>\n<li>Participating in class discussions and hands-on activities.</li>\n<li>Completing assignments on time and submitting them properly to GitHub each week.</li>\n</ul><h3>Course Schedule</h3>\n<p>This course will be divided into two parts. Readings, lecture notes and information on preparing for class will be posted to the <a href=\"http://www.rwdkent.com\">class website</a>.</p>\n<p>Please see the <a href=\"http://www.rwdkent.com/class/schedule\">Detailed Course Schedule</a> for specific dates, times and assignments.</p>\n<h4>Part 1: Principles of Responsive Web Design</h4>\n<p>Students explore the concept of responsive web design, learn why it matters and will begin implementing simple HTML, CSS and JavaScript in the browser. Students will read Responsive Web Design by Ethan Marcotte as part of this section and will refer to the HTML + CSS textbook frequently.</p>\n<h4>Part 2: Responsive Design in Practice</h4>\n<p>Students will apply competitive research findings to a content prototype, collecting, organizing and prioritizing the most important information. Students will begin an iterative design process using CSS, where theyll begin by mocking up design components in digital style tiles and then turning those components into reusable HTML/CSS pattern libraries. Students will learn the importance of designing a visual language for their websites using web typography, colors, user interface elements and layouts. Finally, the content and design will begin to come together in the form of prototypes. Students will learn how prototypes are tested with usability, technical and accessibility testing. Part 2 will end with the presentation and class critique of a website prototype and pattern library.</p>\n<div class=\"page-break\"></div>\n<h3>Assignments</h3>\n<p>Student learning will be assessed through three types of work: in-class participation, in-class quizzes, short assignments and a multi-stage small group/individual project.</p>\n<dl><dt>Graduate Students</dt>\n<dd>Graduate student assignments may include a more challenging component than undergraduate assignments to support advanced mastery of the subject. When working in collaboration with an undergraduate student, only the graduate student is required to complete this component of the assignment.</dd>\n</dl><p>There are <strong>100</strong> total possible points for the semester.</p>\n<div class=\"table-float\">\n<h4>In-Class Assignments/Quizzes</h4>\n<table><thead><tr><th style=\"text-align:left;\">Assignment</th>\n<th style=\"text-align:left;\">Points</th>\n</tr></thead><tbody><tr><td>\n<a href=\"/class/assignments/casestudy/\">Explore RWD</a>\n</td>\n<td>\n4\n</td>\n</tr><tr><td>\n<a href=\"/class/assignments/test/\">HTML/CSS Mini Exam</a>\n</td>\n<td>\n10\n</td>\n</tr><tr><td>\n<a href=\"/class/assignments/participation/\">In-Class Participation / Attendance</a>\n</td>\n<td>\n4\n</td>\n</tr><tr><td>\n<a href=\"/class/assignments/quizzes/\">In-Class Quizzes</a>\n</td>\n<td>\n4\n</td>\n</tr><tr><td><strong>TOTAL</strong></td>\n<td><strong>22</strong></td>\n</tr></tbody></table></div>\n<div class=\"table-float\">\n<h4>CodePen Challenges</h4>\n<table><thead><tr><th style=\"text-align:left;\">Assignment</th>\n<th style=\"text-align:left;\">Points</th>\n</tr></thead><tbody><tr><td>\n<a href=\"/class/assignments/html/\">HTML Basics 1</a>\n</td>\n<td>\n4\n</td>\n</tr><tr><td>\n<a href=\"/class/assignments/html2/\">HTML Basics 2</a>\n</td>\n<td>\n4\n</td>\n</tr><tr><td>\n<a href=\"/class/assignments/css/\">CSS Basics 1</a>\n</td>\n<td>\n4\n</td>\n</tr><tr><td>\n<a href=\"/class/assignments/css2/\">CSS Basics 2</a>\n</td>\n<td>\n4\n</td>\n</tr><tr><td>\n<a href=\"/class/assignments/layout/\">Fonts and Media Queries</a>\n</td>\n<td>\n5\n</td>\n</tr><tr><td>\n<a href=\"/class/assignments/layout2/\">Flexible Boxes and Layout</a>\n</td>\n<td>\n6\n</td>\n</tr><tr><td>\n<a href=\"/class/assignments/layout3/\">CSS Grids</a>\n</td>\n<td>\n6\n</td>\n</tr><tr><td><strong>TOTAL</strong></td>\n<td><strong>33</strong></td>\n</tr></tbody></table></div>\n<div class=\"table-float\">\n<h4>Semester Project Assignments</h4>\n<table><thead><tr><th style=\"text-align:left;\">Assignment</th>\n<th style=\"text-align:left;\">Points</th>\n</tr></thead><tbody><tr><td>\n<a href=\"/class/assignments/research/\">Research and Competitive Analysis</a>\n</td>\n<td>\n5\n</td>\n</tr><tr><td>\n<a href=\"/class/assignments/content/\">Content, Architecture and Sketching</a>\n</td>\n<td>\n5\n</td>\n</tr><tr><td>\n<a href=\"/class/assignments/style/\">Style Prototype and Mockups</a>\n</td>\n<td>\n6\n</td>\n</tr><tr><td>\n<a href=\"/class/assignments/testing/\">Usability and Technical Testing</a>\n</td>\n<td>\n5\n</td>\n</tr><tr><td>\n<a href=\"/class/assignments/templates/\">HTML/CSS Templates/Patterns</a>\n</td>\n<td>\n15\n</td>\n</tr><tr><td>\n<a href=\"/class/assignments/timeline-presentation/\">Project Hub, Pattern Library &amp; Review Session</a>\n</td>\n<td>\n5\n</td>\n</tr><tr><td>\n<a href=\"/class/assignments/assessment/\">Group and Self Assessment</a>\n</td>\n<td>\n4\n</td>\n</tr><tr><td><strong>TOTAL</strong></td>\n<td><strong>45</strong></td>\n</tr></tbody></table></div>\n<h3>Attendance Policy</h3>\n<p>Well be covering many topics during class, as well as working in groups on exercises to help you master web design techniques. Therefore, attending each of the 15 classes is crucial. I will allow <strong>two missed classes</strong> for the semester. All subsequent absences will only be accepted for the following reasons: sickness (with medical note only), athletic event (with coachs note), religious observation, military responsibility (with documentation) and death in the family (with documentation).</p>\n<p>Students who miss more than two classes without proper documentation will receive a 0 for their class participation grade for the semester.</p>\n<p>If you miss class, you are still responsible for contacting the instructor to see what was assigned that day, as well as meeting all assignment deadlines.</p>\n<p>Some assignments, such as in-class presentations, testing and quizzes, require attendance in order to receive full credit for the assignment.</p>\n<h3>Late Submissions</h3>\n<p>The assignments deadlines are to help you manage the workload and stay on track with the course. If an assignment will be late, students must contact the instructor and explain. Kent State accepts the following reasons for late assignments: sickness with medical note, athletic event (with coachs note), religious observation, military responsibility (with documentation), death in the family (with documentation).</p>\n<p>My policy for late assignments has 3 rules:</p>\n<ul><li>Late assignments will be accepted so long as you contact the instructor to indicate that it will be late and provide an explanation.</li>\n<li>Late assignments must be submitted within 1 week of the original due date, without penalty, so long as the student meets the first rule. After 1 week the assignment will be marked as 0.</li>\n<li>An additional extension may be possible in exceptional circumstances, with documentation. This requires a face-to-face conversation between the student and the instructor.</li>\n</ul><h3>Group Work</h3>\n<p>This class uses team-based learning for part or all of the semester. Students must agree to follow the <a href=\"../groups/policies\">Group Rules &amp; Expectations</a> throughout the course of the project.</p>\n<h3>Grading</h3>\n<p>Final letter grades will be assigned on the basis of the following table. Graduate student assignments will take into account additional advanced components (described within the assignment), differing from undergraduate assignments.</p>\n<table><thead><tr><th style=\"text-align:left;\">Letter</th>\n<th style=\"text-align:left;\">Percentage</th>\n</tr></thead><tbody><tr><td style=\"text-align:left;\">A</td>\n<td style=\"text-align:left;\">93% or higher</td>\n</tr><tr><td style=\"text-align:left;\">A-</td>\n<td style=\"text-align:left;\">90-92%</td>\n</tr><tr><td style=\"text-align:left;\">B+</td>\n<td style=\"text-align:left;\">87-89%</td>\n</tr><tr><td style=\"text-align:left;\">B</td>\n<td style=\"text-align:left;\">83-86%</td>\n</tr><tr><td style=\"text-align:left;\">B-</td>\n<td style=\"text-align:left;\">80-82%</td>\n</tr><tr><td style=\"text-align:left;\">C</td>\n<td style=\"text-align:left;\">70-79%</td>\n</tr><tr><td style=\"text-align:left;\">D</td>\n<td style=\"text-align:left;\">60-69%</td>\n</tr><tr><td style=\"text-align:left;\">F</td>\n<td style=\"text-align:left;\">&lt; 60%</td>\n</tr></tbody></table><h3>Hardware &amp; Software</h3>\n<ul><li>Although a laptop is not required, if you have a laptop you are encouraged to bring it to class, as it may be helpful for following along in class. Youll also be viewing and testing your work on multiple devices, so phones and tablets are encouraged.</li>\n<li>Computers will be provided for in-class work, but you may be asked to share with another student. Students will also be permitted to work on these computers outside of class, when needed.</li>\n<li>We will be using a variety of free and paid software programs and tools.</li>\n<li>Paid software may only be used on university-owned computers and will be provided at no charge. If you would like to use paid software on your personal computer, you will need to purchase a license.</li>\n<li>Software programs and tools to be used in the course include: Sketch, Illustrator, Atom, GitHub, web browsers and Google Drive.</li>\n</ul><div class=\"page-break\"></div>\n<h3>Communicating with the Instructor</h3>\n<p>My office hours for this semester are:</p>\n<ul><li>Tuesdays: 4:30 - 5:30 p.m.</li>\n<li>Thursdays: 4:00 - 5:00 p.m.</li>\n</ul><h4>Email</h4>\n<p>My email address is <a href=\"/cdn-cgi/l/email-protection#3f5c575e53535e575e517f565b5a5e5d5e4c5a545a514b115c5052\"><span class=\"__cf_email__\">[email protected]</span></a>. Here is my email policy:</p>\n<ul><li>I will usually respond within 24 hours during the week (Mon-Fri). Do not expect an immediate response.</li>\n<li>I typically check email in the afternoons or evenings, not in the mornings.</li>\n<li>I may not respond to email on weekends.</li>\n</ul><h3>University Policies and Procedures</h3>\n<p>The following policies and procedures apply to students enrolled at Kent State University. For a complete listing of university policies, please visit the Policy Register page on the Kent State University website.</p>\n<h4>Course enrollment and withdrawal</h4>\n<p>University policy requires all students to be officially registered in each class they are attending. Students who are not officially registered for a course by published deadlines should not be attending classes and will not receive credit or a grade for the course. Each student must confirm enrollment by checking his/her class schedule (using Student Tools in FlashFast) prior to the deadline indicated. Registration errors must be corrected prior to the deadline.</p>\n<p>Every class has its own schedule of deadlines and considerations. To view the add/drop schedule and other important dates for this class, click the CRN link next to each course on View or Print Course Schedule and Purchase Textbooks or click the green clock from Add or Drop a Course from the Student Category/Resources Page/Courses and Registration Section in FlashLine to access course deadlines.</p>\n<h4>Incomplete grades</h4>\n<p>The administrative mark of IN (Incomplete) may be given to students who are unable to complete the work due to extenuating circumstances. To be eligible, undergraduate students must be currently passing and have completed at least 12 weeks of the semester. Graduate students must be currently earning a C or better grade and are unable to complete the required work between the course withdrawal deadline and the end of classes. The time line shall be adjusted appropriate for summer sessions and flexibly scheduled courses. Appropriate documentation is generally required to support the extenuating circumstance. The student must initiate the request for the Incomplete mark from the instructor, and it is the responsibility of the student to arrange to make up the incomplete work. Incomplete grades must be made up within one semester (not including summer sessions) for undergraduate students and one calendar year for graduate students. Unless the course is completed or an extension is granted, incomplete grades will automatically lapse to the grade designated on the Incomplete Mark Form at the end of one semester for undergraduate students and at the end of one year for graduate students.</p>\n<h4>University use of electronic mail</h4>\n<p>A university-assigned student email account shall be an official university means of communication with all students at Kent State University. Students are responsible for all information sent to them via their university-assigned email account. If a student chooses to forward information in their university email account, he or she is responsible for all information, including attachments, sent to any other email account. To stay current with university information, students are expected to check their official university email account and other electronic communications on a frequent and consistent basis. Recognizing that some communications may be time-critical, the university recommends that electronic communications be checked minimally twice a week.</p>\n<h4>Plagiarism and academic integrity</h4>\n<p>Students enrolled in the university, at all its campuses, are to perform their academic work according to standards set by faculty members, departments, schools and colleges of the university; and cheating and plagiarism constitute fraudulent misrepresentation for which no credit can be given and for which appropriate sanctions are warranted and will be applied. For more information: http://www.kent.edu/plagiarism.</p>\n<h4>Students with disabilities</h4>\n<p>University Policy 3342-3-01.3 requires that students with disabilities be provided reasonable accommodations to ensure their equal access to course content. If you have a documented disability and require accommodations, please contact the instructor at the beginning of the semester to make arrangements for necessary classroom adjustments. Please note, you must first verify your eligibility for these through Student Accessibility Services (contact 330-672-3391 or visit www.kent.edu/sas for more information on registration procedures).</p>\n<h4>Student survey of instruction evaluation</h4>\n<p>It is a standard practice of Kent State University to distribute and administer to the learners a confidential and anonymous questionnaire at the completion of the course. The results will be forwarded to the Instructor only at the completion of the class and the submission of all grades. The Instructor will then incorporate the feedback received in future course offerings and in his continual improvement of the course. Please candidly and honestly describe your opinions of the strengths and weakness you experienced as a learner in the course.</p>\n<h4>Notice of my copyright and intellectual property rights</h4>\n<p>Any intellectual property displayed or distributed to students during this course (including but not limited to powerpoints, notes, quizzes, examinations) by the professor/lecturer/instructor remains the intellectual property of the professor/lecturer/instructor. This means that the student may not distribute, publish or provide such intellectual property to any other person or entity for any reason, commercial or otherwise, without the express written permission of the professor/lecturer/instructor.</p>',NULL,NULL,NULL,NULL,NULL,NULL,NULL),(59,122,1,'Test Announcement','2018-08-14 19:42:54','2018-08-20 14:50:48','e129eee2-cc2d-41ae-bd63-a93fb66a3e35',NULL,NULL,NULL,NULL,NULL,NULL,NULL,NULL,'<p>All - hope you all had a great weekend. I wanted to remind you that Im offering 1-1 help and open office hours today, Monday from 3 p.m. - 5 p.m. at IdeaBase.</p>',NULL,NULL),(60,138,1,'Announcements Homepage','2018-08-14 20:02:58','2018-08-14 20:50:47','0a465174-dc94-4810-8a52-8f16f8da7913','Announcements','Latest Posts',NULL,'<p>In our announcements we talk about the process of creating a new responsive web design course. Announcements will also contain recaps of our individual class sessions. You can get more updates by <a href=\"https://www.twitter.com/rwdkent\">following @RWDKent on Twitter</a>.</p>',NULL,NULL,NULL,NULL,NULL,NULL,NULL),(61,139,1,'Courses Homepage','2018-08-14 20:06:32','2018-08-14 20:07:04','6365cb8f-3b02-49e6-b97f-3f05a2f6576f','Courses',NULL,NULL,NULL,NULL,NULL,NULL,NULL,NULL,NULL,NULL),(62,140,1,'Calendar - Test Course','2018-08-20 16:13:43','2018-08-20 18:44:34','a6bc23ad-3257-4bbd-bb06-40334c1bacb8',NULL,NULL,NULL,NULL,NULL,NULL,NULL,NULL,NULL,NULL,NULL),(63,141,1,'Calendars Homepage','2018-08-20 16:26:54','2018-08-20 17:51:42','d05a04cf-bff3-4a4f-8707-57764228b4aa','Calendars','Course calendars are listed below. The dates and plans are subject to change. I\'ll notify you of any modifications during class or via email.',NULL,NULL,NULL,NULL,NULL,NULL,NULL,NULL,NULL),(64,142,1,'Part 1: Principles of Responsive Web Design','2018-08-23 13:36:04','2018-08-23 14:15:24','cab57048-4685-4d78-85bf-8cb426d3a4f2',NULL,NULL,NULL,NULL,NULL,NULL,NULL,NULL,NULL,NULL,NULL),(65,143,1,'Part 2: Responsive Design in Practice','2018-08-23 13:36:50','2018-08-23 14:15:32','129f8ba9-2eb7-4d9a-b2ef-a0e548337a25',NULL,NULL,NULL,NULL,NULL,NULL,NULL,NULL,NULL,NULL,NULL),(66,144,1,'Final Projects','2018-08-23 13:37:07','2018-08-23 14:15:41','c7365cf5-60aa-4ba0-8579-d5407659738e',NULL,NULL,NULL,NULL,NULL,NULL,NULL,NULL,NULL,NULL,NULL),(67,145,1,'Class 1: Introduction and RWD Principles','2018-08-23 13:42:39','2018-08-23 14:16:02','6e26f742-41d1-42be-b6e1-6747b20dd9d5',NULL,NULL,NULL,'<p><a href=\"http://www.lynda.com/Web-Documentaries-tutorials/Jeffrey-Zeldman-20-years-Web-Design-Community/167374/188504-4.html\">Brief history of web design video</a>, web standards and why responsive design is important, Mac boot camp, <a href=\"https://kent.qualtrics.com/jfe/form/SV_5mDc8VFpLTnsrSB\">Introductory Class Survey</a>.</p>',NULL,NULL,NULL,NULL,NULL,'2018-08-23 04:00:00',NULL);
/*!40000 ALTER TABLE `craft_content` ENABLE KEYS */;
UNLOCK TABLES;
commit;

--
-- Dumping data for table `craft_craftidtokens`
--

LOCK TABLES `craft_craftidtokens` WRITE;
/*!40000 ALTER TABLE `craft_craftidtokens` DISABLE KEYS */;
set autocommit=0;
/*!40000 ALTER TABLE `craft_craftidtokens` ENABLE KEYS */;
UNLOCK TABLES;
commit;

--
-- Dumping data for table `craft_deprecationerrors`
--

LOCK TABLES `craft_deprecationerrors` WRITE;
/*!40000 ALTER TABLE `craft_deprecationerrors` DISABLE KEYS */;
set autocommit=0;
/*!40000 ALTER TABLE `craft_deprecationerrors` ENABLE KEYS */;
UNLOCK TABLES;
commit;

--
-- Dumping data for table `craft_elementindexsettings`
--

LOCK TABLES `craft_elementindexsettings` WRITE;
/*!40000 ALTER TABLE `craft_elementindexsettings` DISABLE KEYS */;
set autocommit=0;
INSERT INTO `craft_elementindexsettings` VALUES (1,'craft\\elements\\Entry','{\"sources\":{\"singles\":{\"tableAttributes\":{\"1\":\"link\"}},\"*\":{\"tableAttributes\":{\"1\":\"section\",\"2\":\"postDate\",\"3\":\"expiryDate\",\"4\":\"link\"}},\"section:5\":{\"tableAttributes\":{\"1\":\"postDate\",\"2\":\"expiryDate\",\"3\":\"link\"}},\"section:9\":{\"tableAttributes\":{\"1\":\"postDate\",\"2\":\"expiryDate\",\"3\":\"link\"}},\"section:20\":{\"tableAttributes\":{\"1\":\"postDate\",\"2\":\"expiryDate\",\"3\":\"link\"}}}}','2018-07-25 19:13:26','2018-07-25 19:13:26','d4008175-b062-4152-902b-577a64c17c24');
/*!40000 ALTER TABLE `craft_elementindexsettings` ENABLE KEYS */;
UNLOCK TABLES;
commit;

--
-- Dumping data for table `craft_elements`
--

LOCK TABLES `craft_elements` WRITE;
/*!40000 ALTER TABLE `craft_elements` DISABLE KEYS */;
set autocommit=0;
INSERT INTO `craft_elements` VALUES (1,NULL,'craft\\elements\\User',1,0,'2018-05-02 20:31:26','2018-05-02 20:31:26','89f45b03-5cb5-4ffb-b8ff-9762a1d787ea'),(2,1,'craft\\elements\\Entry',1,0,'2018-05-02 20:42:28','2018-08-07 16:24:38','2f926fa0-3b77-4b8d-8a23-03a5069d3ef3'),(12,11,'craft\\elements\\GlobalSet',1,0,'2018-05-07 20:19:03','2018-08-14 19:21:08','c2246d3f-7d05-4a74-9996-ddd0cfef84b7'),(13,12,'craft\\elements\\GlobalSet',1,0,'2018-05-07 20:19:06','2018-08-07 20:27:53','68fe8888-5195-4685-9e90-131f2a5ba43e'),(19,9,'craft\\elements\\Asset',1,0,'2018-05-09 19:23:45','2018-08-08 15:11:00','52aabfd4-1230-4b38-9c8d-125a4bcb463f'),(26,22,'craft\\elements\\Category',1,0,'2018-07-19 17:43:54','2018-08-13 16:56:58','480ddb6f-455c-4998-b7b4-34de3a28adb1'),(27,22,'craft\\elements\\Category',1,0,'2018-07-19 17:44:07','2018-08-13 16:57:01','8e20a045-9a72-4d0d-8c19-13de3bafdd6b'),(28,22,'craft\\elements\\Category',1,0,'2018-07-19 17:44:29','2018-08-13 16:57:21','ac922371-e53f-4b22-880f-69e65164d0a2'),(30,19,'craft\\elements\\Category',1,0,'2018-07-19 17:45:12','2018-08-13 16:57:28','db8968dd-98ac-4751-939c-b49434234d1b'),(31,19,'craft\\elements\\Category',1,0,'2018-07-19 17:45:22','2018-07-19 17:45:22','aaac2c3d-15c2-4ec0-90ec-ca27c3cf6e81'),(32,20,'craft\\elements\\Category',1,0,'2018-07-19 17:45:41','2018-08-20 14:36:18','6016e244-c558-4eca-bb34-0af73bb1af65'),(34,NULL,'craft\\elements\\MatrixBlock',1,0,'2018-07-19 19:46:48','2018-07-24 18:39:15','2709d39c-f7c1-46b9-97ce-a693430ca8f8'),(36,NULL,'craft\\elements\\MatrixBlock',1,0,'2018-07-19 20:09:19','2018-07-24 14:51:50','66aa0bfc-52df-4e1c-8926-26fdfce0aace'),(37,NULL,'craft\\elements\\MatrixBlock',1,0,'2018-07-19 20:13:34','2018-07-24 18:39:15','0a91372a-4727-4262-9972-6669787c3b22'),(39,NULL,'craft\\elements\\MatrixBlock',1,0,'2018-07-24 15:11:18','2018-07-24 18:39:15','a93bace4-51f5-432b-bae2-dd906b414bbb'),(41,NULL,'craft\\elements\\MatrixBlock',1,0,'2018-07-24 15:29:16','2018-07-24 18:39:15','05e5dbc9-dbed-40e3-b92f-0bada0f53dea'),(43,NULL,'craft\\elements\\MatrixBlock',1,0,'2018-07-24 16:21:16','2018-07-24 18:39:31','695a5476-c678-4ce7-be12-a0da27126e39'),(45,NULL,'craft\\elements\\MatrixBlock',1,0,'2018-07-24 16:26:27','2018-07-24 18:39:31','7285adce-66f8-43ba-992d-195e5ba4cb4d'),(48,NULL,'craft\\elements\\MatrixBlock',1,0,'2018-07-24 16:31:34','2018-07-24 18:39:31','66603d75-5401-44de-992b-4a5b26bd5ebe'),(49,NULL,'craft\\elements\\MatrixBlock',1,0,'2018-07-24 16:31:34','2018-07-24 18:39:31','7a1ef8c6-924b-4a09-b0fb-aa57928f32d1'),(60,9,'craft\\elements\\Asset',1,0,'2018-08-06 18:51:49','2018-08-08 15:11:00','0eadcebf-dcab-4cb4-861a-a3c7ac2f0fc9'),(61,9,'craft\\elements\\Asset',1,0,'2018-08-06 19:41:08','2018-08-08 15:11:00','b50cfd8f-9803-4abe-aa8c-ccf1f1d922a0'),(62,9,'craft\\elements\\Asset',1,0,'2018-08-06 19:43:53','2018-08-08 15:10:59','9b988427-01cd-4a41-94b5-b86f75847d56'),(63,9,'craft\\elements\\Asset',1,0,'2018-08-06 19:43:54','2018-08-08 15:10:59','c8a7b797-3255-4bb1-9571-918f540ad60b'),(64,9,'craft\\elements\\Asset',1,0,'2018-08-06 19:43:54','2018-08-08 15:10:59','2118635a-d624-4b6d-b551-c00b2fd5f992'),(65,9,'craft\\elements\\Asset',1,0,'2018-08-06 19:43:54','2018-08-08 15:10:59','c6ad9943-2fe4-4431-883e-51f5d6945b40'),(66,9,'craft\\elements\\Asset',1,0,'2018-08-06 19:43:55','2018-08-08 15:11:01','a3135bed-fa21-4fb5-bf5e-97ac414aff4c'),(67,40,'craft\\elements\\MatrixBlock',1,0,'2018-08-07 15:40:00','2018-08-07 16:24:38','9ee31db2-09ca-46e3-ad54-dbe8a7e82be0'),(69,42,'craft\\elements\\Entry',1,0,'2018-08-07 15:54:41','2018-08-14 17:35:22','0cc66e08-f87a-4082-a461-746499fefe4a'),(70,43,'craft\\elements\\MatrixBlock',1,0,'2018-08-07 16:01:46','2018-08-07 16:02:40','6bb0a9fc-b99f-4004-994e-f3e0cffc2dbd'),(74,9,'craft\\elements\\Asset',1,0,'2018-08-07 16:38:15','2018-08-08 15:11:00','4cc52630-dda6-44db-931c-da43428ae757'),(75,45,'craft\\elements\\MatrixBlock',1,0,'2018-08-07 17:05:01','2018-08-07 20:25:56','a0bf94a0-0bbb-4b2e-a619-e71e31e519d8'),(76,44,'craft\\elements\\MatrixBlock',1,0,'2018-08-07 18:06:16','2018-08-07 18:42:03','8974ab80-4649-413a-9b9c-bd10d2187343'),(78,46,'craft\\elements\\MatrixBlock',1,0,'2018-08-07 18:15:01','2018-08-07 18:42:03','4491d695-ccd0-4a05-8871-b38c043a47b0'),(80,47,'craft\\elements\\MatrixBlock',1,0,'2018-08-07 18:15:01','2018-08-07 18:42:03','fb1df26c-17f3-462f-b314-cb52325ca28d'),(81,49,'craft\\elements\\MatrixBlock',1,0,'2018-08-07 19:16:55','2018-08-14 19:21:08','cde680a9-8e25-47c1-8db2-bc45168cc2bb'),(82,49,'craft\\elements\\MatrixBlock',1,0,'2018-08-07 19:16:55','2018-08-14 19:21:08','ff911f7b-c13c-44a8-a2ac-c3ac55c604c7'),(83,49,'craft\\elements\\MatrixBlock',1,0,'2018-08-07 19:16:55','2018-08-14 19:21:08','5f82ed2b-b06f-4078-abc3-2ca912066400'),(84,50,'craft\\elements\\MatrixBlock',1,0,'2018-08-07 19:28:14','2018-08-14 19:21:08','c3bd9a88-e59c-4f9c-971a-ca2628ca1aa2'),(85,45,'craft\\elements\\MatrixBlock',1,0,'2018-08-07 19:35:29','2018-08-07 20:27:53','feb2d6d7-4204-4b46-9db2-c5e89bff5bf9'),(86,40,'craft\\elements\\MatrixBlock',1,0,'2018-08-07 19:50:33','2018-08-07 20:27:53','2fab2b83-fff6-4521-a32b-cb715ed6e26a'),(87,40,'craft\\elements\\MatrixBlock',1,0,'2018-08-07 19:50:33','2018-08-07 20:27:53','b380bed3-368c-44bc-b4e5-77a57d718d0e'),(89,44,'craft\\elements\\MatrixBlock',1,0,'2018-08-07 20:24:39','2018-08-07 20:25:36','dc83b8df-095c-4213-ba6a-c26895d0c5fe'),(90,46,'craft\\elements\\MatrixBlock',1,0,'2018-08-07 20:24:39','2018-08-07 20:25:36','e95cc3bc-2d56-4735-aa8b-bbc5c4e7fbb6'),(91,47,'craft\\elements\\MatrixBlock',1,0,'2018-08-07 20:24:40','2018-08-07 20:25:36','4024ed22-5e44-4ab1-b8d9-61c4ab73347d'),(94,NULL,'craft\\elements\\MatrixBlock',1,0,'2018-08-08 20:29:10','2018-08-08 20:29:10','6f179f06-1bee-45a3-9108-cf3da17e884b'),(96,21,'craft\\elements\\Category',1,0,'2018-08-13 16:54:41','2018-08-13 16:57:37','240b9106-aa7f-4378-80cd-0ba6b3123ad1'),(97,62,'craft\\elements\\Entry',1,0,'2018-08-13 18:35:35','2018-08-13 18:35:35','225ff990-8136-42e6-9793-a982fc96ab75'),(98,44,'craft\\elements\\MatrixBlock',1,0,'2018-08-13 18:35:35','2018-08-13 18:35:35','3b12462e-cd9d-4a07-a8f8-a09741a1f12d'),(99,46,'craft\\elements\\MatrixBlock',1,0,'2018-08-13 18:35:35','2018-08-13 18:35:35','19ce68d6-c2e1-4650-8ce4-440df2631758'),(100,47,'craft\\elements\\MatrixBlock',1,0,'2018-08-13 18:35:35','2018-08-13 18:35:35','db9227a0-b7e5-4b43-ad87-fa9b59ccb431'),(101,45,'craft\\elements\\MatrixBlock',1,0,'2018-08-13 18:35:35','2018-08-13 18:35:35','f10b6bf5-3c2a-408d-84fe-ff7ceb0ab15a'),(102,58,'craft\\elements\\Entry',1,0,'2018-08-13 18:42:32','2018-08-13 18:42:32','e7dddd66-a393-4904-b98a-971fb26b6203'),(103,56,'craft\\elements\\Entry',1,0,'2018-08-13 18:51:41','2018-08-20 16:14:12','eb7f9b1f-c4af-4f58-ba50-d5ad1c710c5c'),(104,64,'craft\\elements\\MatrixBlock',1,0,'2018-08-13 19:26:52','2018-08-20 16:14:12','ec23dd39-742f-4d3a-a107-b92aaf21ea8f'),(105,65,'craft\\elements\\MatrixBlock',1,0,'2018-08-13 19:26:52','2018-08-20 16:14:12','4f873fe4-3d01-44d9-b5ea-0f7950457a99'),(106,66,'craft\\elements\\MatrixBlock',1,0,'2018-08-13 19:26:52','2018-08-20 16:14:12','9207244d-457c-45b3-924c-a8a592d71678'),(107,67,'craft\\elements\\MatrixBlock',1,0,'2018-08-13 19:26:52','2018-08-20 16:14:12','10ba9912-70ba-486a-a339-c8f60854655e'),(108,68,'craft\\elements\\MatrixBlock',1,0,'2018-08-13 19:26:52','2018-08-20 16:14:12','7d2f7248-4666-4bf0-9fb8-4b5026b96484'),(109,69,'craft\\elements\\MatrixBlock',1,0,'2018-08-13 19:26:52','2018-08-20 16:14:12','e65f7e72-09f7-470d-bc4e-c370c0747f55'),(110,70,'craft\\elements\\MatrixBlock',1,0,'2018-08-13 19:26:52','2018-08-20 16:14:12','95c64434-7afb-49d4-bd97-3bffb8ea8b3d'),(111,71,'craft\\elements\\MatrixBlock',1,0,'2018-08-13 19:26:52','2018-08-20 16:14:12','6cda538e-9556-4d75-ac02-b7071ae06752'),(112,72,'craft\\elements\\MatrixBlock',1,0,'2018-08-13 19:26:52','2018-08-20 16:14:12','38a0bea1-89f5-4a5b-a9d6-0f6916935e7c'),(113,73,'craft\\elements\\MatrixBlock',1,0,'2018-08-13 19:26:52','2018-08-20 16:14:12','0eb7fbf3-0ebd-419c-92b7-6efd9d1bbc01'),(114,74,'craft\\elements\\MatrixBlock',1,0,'2018-08-13 19:26:52','2018-08-20 16:14:12','aebb6f68-0747-4ad3-8fd9-3e2cfae23a68'),(115,75,'craft\\elements\\MatrixBlock',1,0,'2018-08-13 19:26:52','2018-08-20 16:14:12','664e241f-8f6a-480c-afd9-1f0eb3a0214d'),(116,76,'craft\\elements\\MatrixBlock',1,0,'2018-08-13 19:26:52','2018-08-20 16:14:12','492333c1-0fd3-4661-855c-818effa8b736'),(117,77,'craft\\elements\\MatrixBlock',1,0,'2018-08-13 19:26:52','2018-08-20 16:14:12','a0dccd9e-a8cd-491d-b57f-4d3a2b3849d2'),(119,78,'craft\\elements\\MatrixBlock',1,0,'2018-08-13 19:26:52','2018-08-20 16:14:12','2d4da879-5691-4f5f-866f-8a353f379306'),(120,79,'craft\\elements\\MatrixBlock',1,0,'2018-08-13 19:26:52','2018-08-20 16:14:12','acfd4164-88b7-4dff-a8f5-d20f9a107bb5'),(121,80,'craft\\elements\\MatrixBlock',1,0,'2018-08-13 19:26:52','2018-08-20 16:14:12','836e74c6-69ed-4cb2-9ff6-0d467a9673c0'),(122,57,'craft\\elements\\Entry',1,0,'2018-08-14 19:42:54','2018-08-20 14:50:48','e37916b9-7457-4081-81f8-d9a50b18e7db'),(123,81,'craft\\elements\\MatrixBlock',1,0,'2018-08-14 19:42:54','2018-08-20 14:50:48','ce8b236b-469d-4f9a-a50f-65f2fdf76ec9'),(124,83,'craft\\elements\\MatrixBlock',1,0,'2018-08-14 19:50:08','2018-08-20 14:50:48','665fbfc7-ae93-4b36-b37e-26efcabf71c1'),(125,81,'craft\\elements\\MatrixBlock',1,0,'2018-08-14 19:50:08','2018-08-20 14:50:48','ccd7c396-36e5-4a13-a859-150e402ca186'),(126,82,'craft\\elements\\MatrixBlock',1,0,'2018-08-14 19:50:08','2018-08-20 14:50:48','26a7d66f-2325-4814-a139-f346c5d157ea'),(127,83,'craft\\elements\\MatrixBlock',1,0,'2018-08-14 19:50:08','2018-08-20 14:50:48','8de0b72d-2645-4ffd-9069-6f7480316d89'),(128,81,'craft\\elements\\MatrixBlock',1,0,'2018-08-14 19:50:08','2018-08-20 14:50:48','682afe1f-25f3-4729-bda0-bfe1b3312149'),(129,82,'craft\\elements\\MatrixBlock',1,0,'2018-08-14 19:50:09','2018-08-20 14:50:48','4da275c4-57d4-4097-b062-8db00afa18c8'),(130,83,'craft\\elements\\MatrixBlock',1,0,'2018-08-14 19:50:09','2018-08-20 14:50:48','09c69550-6cde-445e-bcbd-4140ac1f6b01'),(131,81,'craft\\elements\\MatrixBlock',1,0,'2018-08-14 19:50:09','2018-08-20 14:50:48','64b4986c-781c-4d9f-8de6-60c124304276'),(132,82,'craft\\elements\\MatrixBlock',1,0,'2018-08-14 19:50:09','2018-08-20 14:50:48','d767df48-4eb9-4c57-96f8-dda37606bf76'),(133,83,'craft\\elements\\MatrixBlock',1,0,'2018-08-14 19:50:09','2018-08-20 14:50:48','af7e76ae-886d-4fe4-b14a-8d3c3905f4bc'),(134,81,'craft\\elements\\MatrixBlock',1,0,'2018-08-14 19:50:09','2018-08-20 14:50:48','491b2fde-498c-4211-a920-3365717f6f04'),(135,82,'craft\\elements\\MatrixBlock',1,0,'2018-08-14 19:50:09','2018-08-20 14:50:48','6faa1135-a840-4e1a-97f5-17fef715ee47'),(136,83,'craft\\elements\\MatrixBlock',1,0,'2018-08-14 19:50:09','2018-08-20 14:50:48','3c861579-d86f-4fa4-9e89-881057e6ac50'),(137,81,'craft\\elements\\MatrixBlock',1,0,'2018-08-14 19:50:09','2018-08-20 14:50:48','cfe1ebea-ffd8-4edd-a4d9-234ba3a8b95e'),(138,84,'craft\\elements\\Entry',1,0,'2018-08-14 20:02:58','2018-08-14 20:50:47','88b09992-5f25-421a-bd84-19b2adae92ec'),(139,85,'craft\\elements\\Entry',1,0,'2018-08-14 20:06:32','2018-08-14 20:07:04','fb661fa2-c21f-498d-8352-39fd0ea6112e'),(140,60,'craft\\elements\\Entry',1,0,'2018-08-20 16:13:43','2018-08-20 18:44:34','76036eb7-11b0-4ec4-9a10-a19b991f0a5d'),(141,87,'craft\\elements\\Entry',1,0,'2018-08-20 16:26:54','2018-08-20 17:51:42','26d72e03-d8de-4e4c-88e6-b027791c83f4'),(142,89,'craft\\elements\\Category',1,0,'2018-08-23 13:36:04','2018-08-23 14:15:24','252fc574-b4ad-4f84-a70e-32e7bc667b96'),(143,89,'craft\\elements\\Category',1,0,'2018-08-23 13:36:50','2018-08-23 14:15:32','5615edf6-a93b-4301-94a5-ca02e8ac2368'),(144,89,'craft\\elements\\Category',1,0,'2018-08-23 13:37:07','2018-08-23 14:15:41','06f94e21-10bf-4581-9a54-d758fe89ba3a'),(145,88,'craft\\elements\\Entry',1,0,'2018-08-23 13:42:38','2018-08-23 14:16:02','31423926-b88f-46a8-814d-b46f1b698861');
/*!40000 ALTER TABLE `craft_elements` ENABLE KEYS */;
UNLOCK TABLES;
commit;

--
-- Dumping data for table `craft_elements_sites`
--

LOCK TABLES `craft_elements_sites` WRITE;
/*!40000 ALTER TABLE `craft_elements_sites` DISABLE KEYS */;
set autocommit=0;
INSERT INTO `craft_elements_sites` VALUES (1,1,1,NULL,NULL,1,'2018-05-02 20:31:26','2018-05-02 20:31:26','93590951-48e8-403b-8852-90af058d53cb'),(2,2,1,'home-page','__home__',1,'2018-05-02 20:42:28','2018-08-07 16:24:38','9e5fe65f-cc68-4244-8a18-4a4d503c6aa1'),(12,12,1,NULL,NULL,1,'2018-05-07 20:19:03','2018-08-14 19:21:08','b64d491c-83e3-4636-b8ae-b40b8678587c'),(13,13,1,NULL,NULL,1,'2018-05-07 20:19:06','2018-08-07 20:27:53','bdefe40e-5c38-45df-ab54-1e3bc00cb202'),(19,19,1,NULL,NULL,1,'2018-05-09 19:23:45','2018-08-08 15:11:00','9896cb1a-ae8e-416d-b355-e84ae2f87401'),(26,26,1,'codepen','assignment-type/codepen',1,'2018-07-19 17:43:54','2018-08-13 16:56:58','0a22da4f-2e9a-4d7f-be82-4f4c22c31e4c'),(27,27,1,'project','assignment-type/project',1,'2018-07-19 17:44:07','2018-08-13 16:57:01','9e97c944-4af7-400b-97c4-628726dfa31d'),(28,28,1,'in-class','assignment-type/in-class',1,'2018-07-19 17:44:29','2018-08-13 16:57:21','76d5d4bb-603e-460b-91a9-39e9e5b3dae1'),(30,30,1,'basic-class','course-type/basic-class',1,'2018-07-19 17:45:12','2018-08-13 16:57:28','f4cafeef-9b9b-487f-8d31-f6f3f850317b'),(31,31,1,'advanced-class','course-type/advanced-class',1,'2018-07-19 17:45:22','2018-07-19 17:45:24','3cbdfec7-d3fc-42ac-8d92-fa7a8e73a3cd'),(32,32,1,'ideabase','locations/ideabase',1,'2018-07-19 17:45:41','2018-08-20 14:36:18','1f946b01-7a03-4dc2-8d63-513f999d907a'),(34,34,1,NULL,NULL,1,'2018-07-19 19:46:48','2018-07-24 18:39:15','222785bb-1684-4e24-b3c5-3a69c712b1c5'),(36,36,1,NULL,NULL,1,'2018-07-19 20:09:19','2018-07-24 14:51:50','d004d9e9-99a3-4e20-8cd7-5b9f664e9e09'),(37,37,1,NULL,NULL,1,'2018-07-19 20:13:34','2018-07-24 18:39:15','2a79afcc-0cc9-4744-badf-7593b1ad0fde'),(39,39,1,NULL,NULL,1,'2018-07-24 15:11:18','2018-07-24 18:39:15','585e0693-4cf6-4998-82ea-3d3391386b36'),(41,41,1,NULL,NULL,1,'2018-07-24 15:29:16','2018-07-24 18:39:15','b47dc174-b856-4f68-9836-02a0b6b9ad02'),(43,43,1,NULL,NULL,1,'2018-07-24 16:21:16','2018-07-24 18:39:31','295fba98-1137-42bc-934e-76e1c090dfa5'),(45,45,1,NULL,NULL,1,'2018-07-24 16:26:27','2018-07-24 18:39:31','3f2eb5a2-8cd7-427b-b4a7-4d83710208cc'),(48,48,1,NULL,NULL,1,'2018-07-24 16:31:34','2018-07-24 18:39:31','5b4e10d6-83c4-479d-b1c4-1a0555ef9634'),(49,49,1,NULL,NULL,1,'2018-07-24 16:31:34','2018-07-24 18:39:31','7dd10e14-015e-4baa-9654-6c4febf984dc'),(60,60,1,NULL,NULL,1,'2018-08-06 18:51:49','2018-08-08 15:11:00','b6160fdf-5d13-40fb-b9c5-b922571ecc95'),(61,61,1,NULL,NULL,1,'2018-08-06 19:41:08','2018-08-08 15:11:00','83c3e0f0-8520-41e6-b908-b8465e534886'),(62,62,1,NULL,NULL,1,'2018-08-06 19:43:53','2018-08-08 15:10:59','91189eec-1382-4def-8fa4-ff3afadd2234'),(63,63,1,NULL,NULL,1,'2018-08-06 19:43:54','2018-08-08 15:10:59','985af1e2-f481-4cdc-af3a-33019da6888a'),(64,64,1,NULL,NULL,1,'2018-08-06 19:43:54','2018-08-08 15:10:59','d7c6d340-eeff-4ed5-8639-e912511f5af0'),(65,65,1,NULL,NULL,1,'2018-08-06 19:43:54','2018-08-08 15:10:59','942fa5ba-000b-4ecd-b734-e52ea1e4b56b'),(66,66,1,NULL,NULL,1,'2018-08-06 19:43:55','2018-08-08 15:11:01','0cc507e6-79a7-4d8d-8a30-249bc6377ae1'),(67,67,1,NULL,NULL,1,'2018-08-07 15:40:00','2018-08-07 16:24:38','0e1a56db-19b7-42bf-8905-b59d29da9d04'),(69,69,1,'about','about',1,'2018-08-07 15:54:41','2018-08-14 17:35:22','46055e35-ba80-4e7f-86e6-632b8cc54a67'),(70,70,1,NULL,NULL,1,'2018-08-07 16:01:46','2018-08-07 16:02:40','d3768515-bf9c-446a-9841-be658d44698a'),(74,74,1,NULL,NULL,1,'2018-08-07 16:38:15','2018-08-08 15:11:00','58cf4954-08c7-4cb9-9559-e647b943b1b8'),(75,75,1,NULL,NULL,1,'2018-08-07 17:05:01','2018-08-07 20:25:56','920dba1e-6f1a-47b1-906b-8800672978bc'),(76,76,1,NULL,NULL,1,'2018-08-07 18:06:16','2018-08-07 18:42:03','58e0a65a-15f1-441f-b993-1d1a38075947'),(78,78,1,NULL,NULL,1,'2018-08-07 18:15:01','2018-08-07 18:42:03','e84cfcab-2521-470a-8683-7dd306e80abd'),(80,80,1,NULL,NULL,1,'2018-08-07 18:15:01','2018-08-07 18:42:03','0e070928-5450-4beb-a9eb-4ca68912e01e'),(81,81,1,NULL,NULL,1,'2018-08-07 19:16:55','2018-08-14 19:21:08','347107bb-6563-4e11-acf1-c00222514750'),(82,82,1,NULL,NULL,1,'2018-08-07 19:16:55','2018-08-14 19:21:08','697b6c6e-6e90-4e37-bd6b-4ddbf6dfa80b'),(83,83,1,NULL,NULL,1,'2018-08-07 19:16:55','2018-08-14 19:21:08','b389f5ef-5ad6-4d87-b84a-e02a9452978d'),(84,84,1,NULL,NULL,1,'2018-08-07 19:28:14','2018-08-14 19:21:08','100bef0f-969d-4a8a-a3cf-86c6fd88670c'),(85,85,1,NULL,NULL,1,'2018-08-07 19:35:29','2018-08-07 20:27:53','0ad160aa-7725-45e8-b2ad-8060a6e98b6a'),(86,86,1,NULL,NULL,1,'2018-08-07 19:50:33','2018-08-07 20:27:53','4b0ed4aa-0bc9-45f4-9f78-2493baca7dbb'),(87,87,1,NULL,NULL,1,'2018-08-07 19:50:33','2018-08-07 20:27:53','1b285128-4f37-4cb5-86d3-f0fc84436c0d'),(89,89,1,NULL,NULL,1,'2018-08-07 20:24:39','2018-08-07 20:25:36','4d73a59e-48ec-4e26-b1ae-500ea20c4c01'),(90,90,1,NULL,NULL,1,'2018-08-07 20:24:39','2018-08-07 20:25:36','e3179e26-3934-4c44-a593-8d4b479aa341'),(91,91,1,NULL,NULL,1,'2018-08-07 20:24:40','2018-08-07 20:25:36','d69a39a0-750f-447b-8e42-6519a6ec919f'),(94,94,1,NULL,NULL,1,'2018-08-08 20:29:10','2018-08-08 20:29:10','a4ba48d4-65ee-447c-9211-2c9897e6d8e0'),(96,96,1,'fall-2018','terms/fall-2018',1,'2018-08-13 16:54:41','2018-08-13 16:57:37','3012be6c-2580-4607-b949-441ad4d68425'),(97,97,1,'chris-hallahan','instructors/chris-hallahan',1,'2018-08-13 18:35:35','2018-08-13 18:35:35','d8aafea3-3008-4c4a-9245-259d9fd1a52a'),(98,98,1,NULL,NULL,1,'2018-08-13 18:35:35','2018-08-13 18:35:35','586ce30e-7c90-4d5a-bc41-77ed50a8e811'),(99,99,1,NULL,NULL,1,'2018-08-13 18:35:35','2018-08-13 18:35:35','37ddcd39-4619-4b8e-b9d5-5340e70ffdc0'),(100,100,1,NULL,NULL,1,'2018-08-13 18:35:35','2018-08-13 18:35:35','0809d565-058d-44ff-bc45-e2d19970de22'),(101,101,1,NULL,NULL,1,'2018-08-13 18:35:35','2018-08-13 18:35:35','5422ead9-33c1-4d88-88d3-8821df2e0a29'),(102,102,1,'test-course','courses/test-course',1,'2018-08-13 18:42:32','2018-08-13 18:42:32','a665d4d6-db05-4ef3-8d27-9d47650789e8'),(103,103,1,'test-syllabus','syllabi/test-syllabus',1,'2018-08-13 18:51:41','2018-08-20 16:14:12','17900e82-f70e-4bea-966a-d56d2bdab4d6'),(104,104,1,NULL,NULL,1,'2018-08-13 19:26:52','2018-08-20 16:14:12','367f7fa0-d55a-4e80-ae43-133de940bf08'),(105,105,1,NULL,NULL,1,'2018-08-13 19:26:52','2018-08-20 16:14:12','2f1cc6dd-e59d-456e-b6c0-9fc4e9b2bf50'),(106,106,1,NULL,NULL,1,'2018-08-13 19:26:52','2018-08-20 16:14:12','7c285e75-5731-45e8-a2ec-a93cbe8f99b9'),(107,107,1,NULL,NULL,1,'2018-08-13 19:26:52','2018-08-20 16:14:12','25e3d144-3931-4963-9352-1b052f932248'),(108,108,1,NULL,NULL,1,'2018-08-13 19:26:52','2018-08-20 16:14:12','9aa1790e-7437-44fe-a365-b451ea126ba2'),(109,109,1,NULL,NULL,1,'2018-08-13 19:26:52','2018-08-20 16:14:12','49330866-57b3-4cdb-91e0-d90c86140f6a'),(110,110,1,NULL,NULL,1,'2018-08-13 19:26:52','2018-08-20 16:14:12','2809fdde-1c07-41b3-be31-2aa65dde9ab7'),(111,111,1,NULL,NULL,1,'2018-08-13 19:26:52','2018-08-20 16:14:12','a18d97ee-cdfc-40b9-933b-958740b48d4c'),(112,112,1,NULL,NULL,1,'2018-08-13 19:26:52','2018-08-20 16:14:12','d4184d75-d997-4048-b762-3330e1a29dc8'),(113,113,1,NULL,NULL,1,'2018-08-13 19:26:52','2018-08-20 16:14:12','babf97d7-53f5-43f9-864c-c42d804db4c7'),(114,114,1,NULL,NULL,1,'2018-08-13 19:26:52','2018-08-20 16:14:12','97e0c2d7-f77f-4613-b833-07a4e83ac7e9'),(115,115,1,NULL,NULL,1,'2018-08-13 19:26:52','2018-08-20 16:14:12','251a67e4-1b6f-4dc9-8c8a-de7630468112'),(116,116,1,NULL,NULL,1,'2018-08-13 19:26:52','2018-08-20 16:14:12','e0ea08bf-776a-4207-bdf2-de1c593da295'),(117,117,1,NULL,NULL,1,'2018-08-13 19:26:52','2018-08-20 16:14:12','92f4e5a3-25f4-411f-abc0-6fca4a15cfd2'),(119,119,1,NULL,NULL,1,'2018-08-13 19:26:52','2018-08-20 16:14:12','f46a86e8-101b-4e58-bbec-a4f1d15df264'),(120,120,1,NULL,NULL,1,'2018-08-13 19:26:52','2018-08-20 16:14:12','09e97d12-349d-4860-9fe3-0c8171c9c4d2'),(121,121,1,NULL,NULL,1,'2018-08-13 19:26:52','2018-08-20 16:14:12','1c3cacc8-aa4a-4b17-b29e-9c84488866be'),(122,122,1,'test-announcement','announcements/test-announcement',1,'2018-08-14 19:42:54','2018-08-20 14:50:48','b3ef160c-18fd-4568-ac25-4b08dd4bfaac'),(123,123,1,NULL,NULL,1,'2018-08-14 19:42:54','2018-08-20 14:50:48','e1a4183c-620b-4199-94c8-0162383d65ae'),(124,124,1,NULL,NULL,1,'2018-08-14 19:50:08','2018-08-20 14:50:48','2c15dbf1-0e2b-473e-89cb-79224128e5bf'),(125,125,1,NULL,NULL,1,'2018-08-14 19:50:08','2018-08-20 14:50:48','39034463-7b4b-40fb-a9ab-244550eab00d'),(126,126,1,NULL,NULL,1,'2018-08-14 19:50:08','2018-08-20 14:50:48','08dc93c8-8d7f-4408-aec3-a0ba0e150d2c'),(127,127,1,NULL,NULL,1,'2018-08-14 19:50:08','2018-08-20 14:50:48','0fc2d918-fe01-4177-89bd-bcadac126d6e'),(128,128,1,NULL,NULL,1,'2018-08-14 19:50:08','2018-08-20 14:50:48','66e929af-9b64-48c4-aaa3-f6e32f776c8e'),(129,129,1,NULL,NULL,1,'2018-08-14 19:50:09','2018-08-20 14:50:48','c81ce513-9c3e-4f84-8a17-944d92963960'),(130,130,1,NULL,NULL,1,'2018-08-14 19:50:09','2018-08-20 14:50:48','bb4ad789-0f08-486f-960d-e74927e9915f'),(131,131,1,NULL,NULL,1,'2018-08-14 19:50:09','2018-08-20 14:50:48','2b6e2870-9759-4348-a26e-168305ca7277'),(132,132,1,NULL,NULL,1,'2018-08-14 19:50:09','2018-08-20 14:50:48','34a450ad-4c45-4477-9962-3d2a00814eb4'),(133,133,1,NULL,NULL,1,'2018-08-14 19:50:09','2018-08-20 14:50:48','b97b6222-7dca-4c79-ae03-6c0e60de5ae7'),(134,134,1,NULL,NULL,1,'2018-08-14 19:50:09','2018-08-20 14:50:48','7ae3414b-9306-4971-bc79-e91934125322'),(135,135,1,NULL,NULL,1,'2018-08-14 19:50:09','2018-08-20 14:50:48','6d7b487d-d768-47c8-9ea6-075013f84edb'),(136,136,1,NULL,NULL,1,'2018-08-14 19:50:09','2018-08-20 14:50:48','62bc7764-a7de-4e00-821a-6b951c4ae01c'),(137,137,1,NULL,NULL,1,'2018-08-14 19:50:09','2018-08-20 14:50:48','ba1f0201-6b48-431a-834d-ef0282ec0eb1'),(138,138,1,'announcements-homepage','announcements',1,'2018-08-14 20:02:58','2018-08-14 20:50:47','23b484d7-611d-4093-ba58-c0af8d2202fa'),(139,139,1,'courses-homepage','courses',1,'2018-08-14 20:06:32','2018-08-14 20:07:04','f4cde0a2-25ee-499e-b403-75791f9aba35'),(140,140,1,'test-course','calendars/test-course',1,'2018-08-20 16:13:43','2018-08-20 18:44:34','6b6e985b-f3d1-4b9f-96a5-ddbccd27979e'),(141,141,1,'calendar-homepage','calendars',1,'2018-08-20 16:26:54','2018-08-20 17:51:42','c30d1b7a-0091-4af4-a44b-f67d1399f15d'),(142,142,1,'part-1-principles-of-responsive-web-design','calendar-sections/part-1-principles-of-responsive-web-design',1,'2018-08-23 13:36:04','2018-08-23 14:15:24','bb2b9e5e-7ab1-4458-9246-898ce28c7183'),(143,143,1,'part-2-responsive-design-in-practice','calendar-sections/part-2-responsive-design-in-practice',1,'2018-08-23 13:36:50','2018-08-23 14:15:32','811f3aea-20f2-499b-b18f-1e97c4e833dd'),(144,144,1,'final-projects','calendar-sections/final-projects',1,'2018-08-23 13:37:07','2018-08-23 14:15:41','1b96646c-2c13-4732-bb64-de457526ef83'),(145,145,1,'class-1-introduction-and-rwd-principles','calendar-events/class-1-introduction-and-rwd-principles',1,'2018-08-23 13:42:38','2018-08-23 14:16:02','1ca59fea-da21-48a7-ba2d-2ca4d14a1c16');
/*!40000 ALTER TABLE `craft_elements_sites` ENABLE KEYS */;
UNLOCK TABLES;
commit;

--
-- Dumping data for table `craft_entries`
--

LOCK TABLES `craft_entries` WRITE;
/*!40000 ALTER TABLE `craft_entries` DISABLE KEYS */;
set autocommit=0;
INSERT INTO `craft_entries` VALUES (2,1,1,NULL,'2018-05-02 20:42:28',NULL,'2018-05-02 20:42:28','2018-08-07 16:24:38','ae7775af-d769-4fcb-b46e-df2a77ac1c7e'),(69,22,22,NULL,'2018-08-07 15:54:00',NULL,'2018-08-07 15:54:41','2018-08-14 17:35:22','4fc150ec-f764-4e7c-a9e5-11db2f50b43d'),(97,33,33,1,'2018-08-13 18:35:00',NULL,'2018-08-13 18:35:35','2018-08-13 18:35:35','313573ec-58eb-4b92-9da3-46290f49ea8d'),(102,29,29,1,'2018-08-13 18:42:00',NULL,'2018-08-13 18:42:32','2018-08-13 18:42:32','a0becb12-e686-4318-9bf8-dae14e67609f'),(103,27,27,1,'2018-08-13 18:51:00',NULL,'2018-08-13 18:51:41','2018-08-20 16:14:12','74f8d087-b564-4c52-bc97-52798a153a12'),(122,28,28,1,'2018-08-14 19:42:00',NULL,'2018-08-14 19:42:54','2018-08-20 14:50:48','37f3d48e-44af-4d6f-ab2c-6f6e5ae86859'),(138,35,35,NULL,'2018-08-14 20:02:00',NULL,'2018-08-14 20:02:58','2018-08-14 20:50:47','ee561cff-2d03-420d-9dd6-146883521886'),(139,36,36,NULL,'2018-08-14 20:06:00',NULL,'2018-08-14 20:06:32','2018-08-14 20:07:04','735f1961-2e4d-41c6-86c5-25542ac11437'),(140,31,31,1,'2018-08-20 16:13:00',NULL,'2018-08-20 16:13:43','2018-08-20 18:44:34','4d7cda0c-be2b-4ce0-9912-4e8237c09ccb'),(141,37,37,NULL,'2018-08-20 16:26:00',NULL,'2018-08-20 16:26:54','2018-08-20 17:51:42','d32d1ed3-30b1-49a6-8a34-4be3329f4b3d'),(145,38,38,1,'2018-08-23 13:42:00',NULL,'2018-08-23 13:42:39','2018-08-23 14:16:02','f4fa91c9-909c-46b9-81da-4af6ba149017');
/*!40000 ALTER TABLE `craft_entries` ENABLE KEYS */;
UNLOCK TABLES;
commit;

--
-- Dumping data for table `craft_entrydrafts`
--

LOCK TABLES `craft_entrydrafts` WRITE;
/*!40000 ALTER TABLE `craft_entrydrafts` DISABLE KEYS */;
set autocommit=0;
/*!40000 ALTER TABLE `craft_entrydrafts` ENABLE KEYS */;
UNLOCK TABLES;
commit;

--
-- Dumping data for table `craft_entrytypes`
--

LOCK TABLES `craft_entrytypes` WRITE;
/*!40000 ALTER TABLE `craft_entrytypes` DISABLE KEYS */;
set autocommit=0;
INSERT INTO `craft_entrytypes` VALUES (1,1,1,'Homepage','home',0,NULL,'{section.name|raw}',1,'2018-05-02 20:42:28','2018-08-07 16:02:40','575e829a-d112-4988-889b-da0863cc2603'),(22,22,42,'About','about',0,NULL,'{section.name|raw}',1,'2018-08-07 15:54:41','2018-08-14 17:27:05','859ecf56-40d5-451e-84e9-4693bb2074f3'),(27,27,56,'Syllabi','syllabi',1,'Title',NULL,1,'2018-08-13 16:47:59','2018-08-13 19:09:10','ab04dacb-663a-4a91-aa39-7c26101a122e'),(28,28,57,'Announcements','announcements',1,'Title',NULL,1,'2018-08-13 16:48:20','2018-08-20 14:50:32','ee995e79-8cd6-4569-aa4e-46e6d0b4f084'),(29,29,58,'Courses','courses',1,'Title',NULL,1,'2018-08-13 16:48:45','2018-08-13 18:31:19','c3974496-127b-42ed-8fcb-587e68c270f6'),(30,30,59,'Assignments','assignments',1,'Title',NULL,1,'2018-08-13 16:49:10','2018-08-13 18:44:34','0391ff51-2094-4511-afb5-d679275bcbed'),(31,31,60,'Calendar','calendar',1,'Title',NULL,1,'2018-08-13 16:50:27','2018-08-20 18:44:33','3f0994cd-fa87-4b15-99dc-599741a97950'),(32,32,61,'Teams','teams',1,'Title',NULL,1,'2018-08-13 16:50:35','2018-08-13 16:50:35','3f483fb1-250d-435b-8523-60c1dd5cfe5f'),(33,33,62,'Instructors','instructors',1,'Title',NULL,1,'2018-08-13 16:50:46','2018-08-13 18:22:45','d6434499-0846-4dce-bbe7-418aca527242'),(34,34,63,'Team Projects','teamProjects',1,'Title',NULL,1,'2018-08-13 16:54:15','2018-08-13 16:54:15','f9e8ec06-c8cb-48d9-8001-32c77f75e411'),(35,35,84,'Announcements Homepage','announcementsHomepage',0,NULL,'{section.name|raw}',1,'2018-08-14 20:02:58','2018-08-14 20:50:34','434cf77d-e89d-474e-b1b8-de7f2cd0799d'),(36,36,85,'Courses Homepage','coursesHomepage',0,NULL,'{section.name|raw}',1,'2018-08-14 20:06:32','2018-08-14 20:06:56','88a4cdc6-c0cf-4482-abf2-6e80aaac2676'),(37,37,87,'Calendars Homepage','calendarsHomepage',0,NULL,'{section.name|raw}',1,'2018-08-20 16:26:54','2018-08-20 17:51:41','f4bbac9f-b198-49dc-921f-1aceb3cf972f'),(38,38,88,'Calendar Events','calendarEvents',1,'Title',NULL,1,'2018-08-20 17:56:33','2018-08-23 14:16:01','478e995e-505a-428c-ac5a-2375b0c6fc1d');
/*!40000 ALTER TABLE `craft_entrytypes` ENABLE KEYS */;
UNLOCK TABLES;
commit;

--
-- Dumping data for table `craft_entryversions`
--

LOCK TABLES `craft_entryversions` WRITE;
/*!40000 ALTER TABLE `craft_entryversions` DISABLE KEYS */;
set autocommit=0;
INSERT INTO `craft_entryversions` VALUES (1,2,1,1,1,1,'Revision from May 7, 2018, 12:37:46 PM','{\"typeId\":\"1\",\"authorId\":null,\"title\":\"Home Page\",\"slug\":\"home-page\",\"postDate\":1525293748,\"expiryDate\":null,\"enabled\":\"1\",\"newParentId\":null,\"fields\":{\"2\":[]}}','2018-05-07 19:39:41','2018-05-07 19:39:41','bfe69956-37d5-4648-b37e-4081cd5addb8'),(2,2,1,1,1,2,'','{\"typeId\":\"1\",\"authorId\":null,\"title\":\"Home Page\",\"slug\":\"home-page\",\"postDate\":1525293748,\"expiryDate\":null,\"enabled\":true,\"newParentId\":null,\"fields\":{\"2\":{\"3\":{\"type\":\"body\",\"enabled\":true,\"collapsed\":false,\"fields\":{\"bodyText\":\"<p>This is body text.</p>\\n\"}},\"4\":{\"type\":\"buttonExternalLink\",\"enabled\":true,\"collapsed\":false,\"fields\":{\"buttonTitle\":\"Link to google\",\"buttonUrl\":\"www.google.com\"}},\"5\":{\"type\":\"video\",\"enabled\":true,\"collapsed\":false,\"fields\":{\"videoUrl\":\"https://www.youtube.com/watch?v=Btw_99WDFVA\",\"videoCaption\":\"carl malone\"}},\"6\":{\"type\":\"pullQuote\",\"enabled\":true,\"collapsed\":false,\"fields\":{\"pullQuote\":\"Hey my name is nick\",\"pullQuoteAuthor\":\"Nick Pappas\"}}}}}','2018-05-07 19:39:42','2018-05-07 19:39:42','cc426583-0a34-4ba1-b843-3bcb8ba9c015'),(3,2,1,1,1,3,'','{\"typeId\":\"1\",\"authorId\":null,\"title\":\"Home Page\",\"slug\":\"home-page\",\"postDate\":1525293748,\"expiryDate\":null,\"enabled\":true,\"newParentId\":null,\"fields\":{\"2\":{\"3\":{\"type\":\"body\",\"enabled\":true,\"collapsed\":false,\"fields\":{\"bodyText\":\"<p>This is body text.</p>\\n\"}},\"4\":{\"type\":\"buttonExternalLink\",\"enabled\":true,\"collapsed\":false,\"fields\":{\"buttonTitle\":\"Link to google\",\"buttonUrl\":\"www.google.com\"}},\"5\":{\"type\":\"video\",\"enabled\":true,\"collapsed\":false,\"fields\":{\"videoUrl\":\"https://www.youtube.com/watch?v=Btw_99WDFVA\",\"videoCaption\":\"carl malone\"}},\"6\":{\"type\":\"pullQuote\",\"enabled\":true,\"collapsed\":false,\"fields\":{\"pullQuote\":\"Hey my name is nick\",\"pullQuoteAuthor\":\"Nick Pappas\"}},\"8\":{\"type\":\"image\",\"enabled\":true,\"collapsed\":false,\"fields\":{\"image\":[\"7\"]}}}}}','2018-05-07 19:46:15','2018-05-07 19:46:15','c23fe140-bc7d-4582-aec2-6c8182f036f5'),(4,2,1,1,1,4,'','{\"typeId\":\"1\",\"authorId\":null,\"title\":\"Home Page\",\"slug\":\"home-page\",\"postDate\":1525293748,\"expiryDate\":null,\"enabled\":true,\"newParentId\":null,\"fields\":{\"2\":{\"3\":{\"type\":\"body\",\"enabled\":true,\"collapsed\":false,\"fields\":{\"bodyText\":\"<p>This is body text.</p>\\n\"}},\"4\":{\"type\":\"buttonExternalLink\",\"enabled\":true,\"collapsed\":false,\"fields\":{\"buttonTitle\":\"Link to google\",\"buttonUrl\":\"www.google.com\"}},\"5\":{\"type\":\"video\",\"enabled\":true,\"collapsed\":false,\"fields\":{\"videoUrl\":\"https://www.youtube.com/watch?v=Btw_99WDFVA\",\"videoCaption\":\"carl malone\"}},\"6\":{\"type\":\"pullQuote\",\"enabled\":true,\"collapsed\":false,\"fields\":{\"pullQuote\":\"Hey my name is nick\",\"pullQuoteAuthor\":\"Nick Pappas\"}},\"8\":{\"type\":\"image\",\"enabled\":true,\"collapsed\":false,\"fields\":{\"image\":[\"7\"],\"caption\":\"Browns suck\"}}}}}','2018-05-07 19:49:01','2018-05-07 19:49:01','2fa8c224-e28b-435b-a592-76cd827fcb37'),(5,2,1,1,1,5,'','{\"typeId\":\"1\",\"authorId\":null,\"title\":\"Home Page\",\"slug\":\"home-page\",\"postDate\":1525293748,\"expiryDate\":null,\"enabled\":true,\"newParentId\":null,\"fields\":{\"2\":{\"3\":{\"type\":\"body\",\"enabled\":true,\"collapsed\":false,\"fields\":{\"bodyText\":\"<p>This is body text.</p>\\n\"}},\"4\":{\"type\":\"buttonExternalLink\",\"enabled\":true,\"collapsed\":false,\"fields\":{\"buttonTitle\":\"Link to google\",\"buttonUrl\":\"www.google.com\"}},\"5\":{\"type\":\"video\",\"enabled\":true,\"collapsed\":false,\"fields\":{\"videoUrl\":\"https://www.youtube.com/watch?v=Btw_99WDFVA\",\"videoCaption\":\"carl malone\"}},\"6\":{\"type\":\"pullQuote\",\"enabled\":true,\"collapsed\":false,\"fields\":{\"pullQuote\":\"Hey my name is nick\",\"pullQuoteAuthor\":\"Nick Pappas\"}},\"8\":{\"type\":\"image\",\"enabled\":true,\"collapsed\":false,\"fields\":{\"image\":[\"7\"],\"caption\":\"Browns suck\"}}}}}','2018-05-07 19:49:07','2018-05-07 19:49:07','0ec815f2-82e2-4084-93c9-a7a80d3ccb5e'),(6,2,1,1,1,6,'','{\"typeId\":\"1\",\"authorId\":null,\"title\":\"Home Page\",\"slug\":\"home-page\",\"postDate\":1525293748,\"expiryDate\":null,\"enabled\":true,\"newParentId\":null,\"fields\":{\"2\":{\"3\":{\"type\":\"body\",\"enabled\":true,\"collapsed\":false,\"fields\":{\"bodyText\":\"<p>This is body text.</p>\\n\"}},\"4\":{\"type\":\"buttonExternalLink\",\"enabled\":true,\"collapsed\":false,\"fields\":{\"buttonTitle\":\"Link to google\",\"buttonUrl\":\"www.google.com\"}},\"5\":{\"type\":\"video\",\"enabled\":true,\"collapsed\":false,\"fields\":{\"videoUrl\":\"https://www.youtube.com/watch?v=Btw_99WDFVA\",\"videoCaption\":\"carl malone\"}},\"6\":{\"type\":\"pullQuote\",\"enabled\":true,\"collapsed\":false,\"fields\":{\"pullQuote\":\"Hey my name is nick\",\"pullQuoteAuthor\":\"Nick Pappas\"}},\"8\":{\"type\":\"image\",\"enabled\":true,\"collapsed\":false,\"fields\":{\"image\":[\"9\"],\"caption\":\"Browns suck\"}}}}}','2018-05-07 19:52:36','2018-05-07 19:52:36','61dbc193-96fc-4085-8e25-cc8b04efba69'),(7,2,1,1,1,7,'','{\"typeId\":\"1\",\"authorId\":null,\"title\":\"Home Page\",\"slug\":\"home-page\",\"postDate\":1525293748,\"expiryDate\":null,\"enabled\":true,\"newParentId\":null,\"fields\":{\"2\":{\"3\":{\"type\":\"body\",\"enabled\":true,\"collapsed\":false,\"fields\":{\"bodyText\":\"<p>This is body text.</p>\\n\"}},\"4\":{\"type\":\"buttonExternalLink\",\"enabled\":true,\"collapsed\":false,\"fields\":{\"buttonTitle\":\"Link to google\",\"buttonUrl\":\"www.google.com\"}},\"5\":{\"type\":\"video\",\"enabled\":true,\"collapsed\":false,\"fields\":{\"videoUrl\":\"https://www.youtube.com/watch?v=Btw_99WDFVA\",\"videoCaption\":\"carl malone\"}},\"6\":{\"type\":\"pullQuote\",\"enabled\":true,\"collapsed\":false,\"fields\":{\"pullQuote\":\"Hey my name is nick\",\"pullQuoteAuthor\":\"Nick Pappas\"}},\"8\":{\"type\":\"image\",\"enabled\":true,\"collapsed\":false,\"fields\":{\"image\":[\"9\"],\"caption\":\"Browns suck\"}},\"10\":{\"type\":\"image\",\"enabled\":true,\"collapsed\":false,\"fields\":{\"image\":[\"7\"],\"caption\":\"asdsadsda\"}}}}}','2018-05-07 19:56:00','2018-05-07 19:56:00','8784d4f7-256a-4a5b-81a7-2a8e5e730735'),(8,2,1,1,1,8,'','{\"typeId\":\"1\",\"authorId\":null,\"title\":\"Home Page\",\"slug\":\"home-page\",\"postDate\":1525293748,\"expiryDate\":null,\"enabled\":true,\"newParentId\":null,\"fields\":{\"2\":{\"3\":{\"type\":\"body\",\"enabled\":true,\"collapsed\":false,\"fields\":{\"bodyText\":\"<p>This is body text.</p>\\n\"}},\"4\":{\"type\":\"buttonExternalLink\",\"enabled\":true,\"collapsed\":false,\"fields\":{\"buttonTitle\":\"Link to google\",\"buttonUrl\":\"www.google.com\"}},\"5\":{\"type\":\"video\",\"enabled\":true,\"collapsed\":false,\"fields\":{\"videoUrl\":\"https://www.youtube.com/watch?v=Btw_99WDFVA\",\"videoCaption\":\"carl malone\"}},\"6\":{\"type\":\"pullQuote\",\"enabled\":true,\"collapsed\":false,\"fields\":{\"pullQuote\":\"Hey my name is nick\",\"pullQuoteAuthor\":\"Nick Pappas\"}},\"8\":{\"type\":\"image\",\"enabled\":true,\"collapsed\":false,\"fields\":{\"image\":[\"9\"]}},\"10\":{\"type\":\"image\",\"enabled\":true,\"collapsed\":false,\"fields\":{\"image\":[\"7\"]}}}}}','2018-05-07 20:01:31','2018-05-07 20:01:31','fe2f5fc3-f94b-4018-9df2-3f389936215e'),(9,2,1,1,1,9,'','{\"typeId\":\"1\",\"authorId\":null,\"title\":\"Home Page\",\"slug\":\"home-page\",\"postDate\":1525293748,\"expiryDate\":null,\"enabled\":true,\"newParentId\":null,\"fields\":{\"2\":{\"3\":{\"type\":\"body\",\"enabled\":true,\"collapsed\":false,\"fields\":{\"bodyText\":\"<p>This is body text.</p>\\n\"}},\"4\":{\"type\":\"buttonExternalLink\",\"enabled\":true,\"collapsed\":false,\"fields\":{\"buttonTitle\":\"Link to google\",\"buttonUrl\":\"www.google.com\"}},\"5\":{\"type\":\"video\",\"enabled\":true,\"collapsed\":false,\"fields\":{\"videoUrl\":\"https://www.youtube.com/watch?v=Btw_99WDFVA\",\"videoCaption\":\"carl malone\"}},\"6\":{\"type\":\"pullQuote\",\"enabled\":true,\"collapsed\":false,\"fields\":{\"pullQuote\":\"Hey my name is nick\",\"pullQuoteAuthor\":\"Nick Pappas\"}},\"8\":{\"type\":\"image\",\"enabled\":true,\"collapsed\":false,\"fields\":{\"image\":[\"7\"]}},\"10\":{\"type\":\"image\",\"enabled\":true,\"collapsed\":false,\"fields\":{\"image\":[]}}}}}','2018-05-07 20:02:37','2018-05-07 20:02:37','0ebb1662-f937-433d-ae40-939cd3d26fa3'),(10,2,1,1,1,10,'','{\"typeId\":\"1\",\"authorId\":null,\"title\":\"Home Page\",\"slug\":\"home-page\",\"postDate\":1525293748,\"expiryDate\":null,\"enabled\":true,\"newParentId\":null,\"fields\":{\"2\":{\"3\":{\"type\":\"body\",\"enabled\":true,\"collapsed\":false,\"fields\":{\"bodyText\":\"<p>This is body text.</p>\\n\"}},\"4\":{\"type\":\"buttonExternalLink\",\"enabled\":true,\"collapsed\":false,\"fields\":{\"buttonTitle\":\"Link to google\",\"buttonUrl\":\"www.google.com\"}},\"5\":{\"type\":\"video\",\"enabled\":true,\"collapsed\":false,\"fields\":{\"videoUrl\":\"https://www.youtube.com/watch?v=Btw_99WDFVA\",\"videoCaption\":\"carl malone\"}},\"6\":{\"type\":\"pullQuote\",\"enabled\":true,\"collapsed\":false,\"fields\":{\"pullQuote\":\"Hey my name is nick\",\"pullQuoteAuthor\":\"Nick Pappas\"}},\"8\":{\"type\":\"image\",\"enabled\":true,\"collapsed\":false,\"fields\":{\"image\":[\"9\"]}},\"10\":{\"type\":\"image\",\"enabled\":true,\"collapsed\":false,\"fields\":{\"image\":[]}}}}}','2018-05-07 20:13:54','2018-05-07 20:13:54','6efc642c-4b1d-48f4-8b1d-f419749a005b'),(11,2,1,1,1,11,'','{\"typeId\":\"1\",\"authorId\":null,\"title\":\"Home Page\",\"slug\":\"home-page\",\"postDate\":1525293748,\"expiryDate\":null,\"enabled\":true,\"newParentId\":null,\"fields\":{\"2\":{\"3\":{\"type\":\"body\",\"enabled\":true,\"collapsed\":false,\"fields\":{\"bodyText\":\"<p>This is body text.</p>\\n\"}},\"4\":{\"type\":\"buttonExternalLink\",\"enabled\":true,\"collapsed\":false,\"fields\":{\"buttonTitle\":\"Link to google\",\"buttonUrl\":\"www.google.com\"}},\"5\":{\"type\":\"video\",\"enabled\":true,\"collapsed\":false,\"fields\":{\"videoUrl\":\"https://www.youtube.com/watch?v=Btw_99WDFVA\",\"videoCaption\":\"carl malone\"}},\"6\":{\"type\":\"pullQuote\",\"enabled\":true,\"collapsed\":false,\"fields\":{\"pullQuote\":\"Hey my name is nick\",\"pullQuoteAuthor\":\"Nick Pappas\"}},\"8\":{\"type\":\"image\",\"enabled\":true,\"collapsed\":false,\"fields\":{\"image\":[\"9\"]}},\"10\":{\"type\":\"image\",\"enabled\":true,\"collapsed\":false,\"fields\":{\"image\":[]}}},\"18\":{\"11\":{\"type\":\"socialBlock\",\"enabled\":true,\"collapsed\":false,\"fields\":{\"socialName\":\"Facebook\",\"socialHandle\":\"https://www.google.com\"}}}}}','2018-05-07 20:18:08','2018-05-07 20:18:08','595a18b9-f607-4afe-ad8f-778ef8b1fc5b'),(12,2,1,1,1,12,'','{\"typeId\":\"1\",\"authorId\":null,\"title\":\"Home Page\",\"slug\":\"home-page\",\"postDate\":1525293748,\"expiryDate\":null,\"enabled\":true,\"newParentId\":null,\"fields\":{\"2\":{\"3\":{\"type\":\"body\",\"enabled\":true,\"collapsed\":false,\"fields\":{\"bodyText\":\"<p>This is body text.</p>\\n\"}},\"4\":{\"type\":\"buttonExternalLink\",\"enabled\":true,\"collapsed\":false,\"fields\":{\"buttonTitle\":\"Link to google\",\"buttonUrl\":\"www.google.com\"}},\"5\":{\"type\":\"video\",\"enabled\":true,\"collapsed\":false,\"fields\":{\"videoUrl\":\"https://www.youtube.com/watch?v=Btw_99WDFVA\",\"videoCaption\":\"carl malone\"}},\"6\":{\"type\":\"pullQuote\",\"enabled\":true,\"collapsed\":false,\"fields\":{\"pullQuote\":\"Hey my name is nick\",\"pullQuoteAuthor\":\"Nick Pappas\"}},\"15\":{\"type\":\"image\",\"enabled\":true,\"collapsed\":false,\"fields\":{\"image\":[\"14\"]}}},\"18\":{\"11\":{\"type\":\"socialBlock\",\"enabled\":true,\"collapsed\":false,\"fields\":{\"socialName\":\"Facebook\",\"socialHandle\":\"https://www.google.com\"}}}}}','2018-05-07 20:22:07','2018-05-07 20:22:07','4757c0d9-c4e9-4332-bc2a-8b3d8316065a'),(13,2,1,1,1,13,'','{\"typeId\":\"1\",\"authorId\":null,\"title\":\"Home Page\",\"slug\":\"home-page\",\"postDate\":1525293748,\"expiryDate\":null,\"enabled\":true,\"newParentId\":null,\"fields\":{\"2\":{\"3\":{\"type\":\"body\",\"enabled\":true,\"collapsed\":false,\"fields\":{\"bodyText\":\"<p>This is body text.</p>\\n\"}},\"4\":{\"type\":\"buttonExternalLink\",\"enabled\":true,\"collapsed\":false,\"fields\":{\"buttonTitle\":\"Link to google\",\"buttonUrl\":\"www.google.com\"}},\"5\":{\"type\":\"video\",\"enabled\":true,\"collapsed\":false,\"fields\":{\"videoUrl\":\"https://www.youtube.com/watch?v=Btw_99WDFVA\",\"videoCaption\":\"carl malone\"}},\"6\":{\"type\":\"pullQuote\",\"enabled\":true,\"collapsed\":false,\"fields\":{\"pullQuote\":\"Hey my name is nick\",\"pullQuoteAuthor\":\"Nick Pappas\"}},\"15\":{\"type\":\"image\",\"enabled\":true,\"collapsed\":false,\"fields\":{\"image\":[\"14\"]}},\"17\":{\"type\":\"image\",\"enabled\":true,\"collapsed\":false,\"fields\":{\"image\":[\"16\"]}}},\"18\":{\"11\":{\"type\":\"socialBlock\",\"enabled\":true,\"collapsed\":false,\"fields\":{\"socialName\":\"Facebook\",\"socialHandle\":\"https://www.google.com\"}}}}}','2018-05-07 20:41:15','2018-05-07 20:41:15','b3d0558f-607f-4a68-bcc2-73bd128cd178'),(14,2,1,1,1,14,'','{\"typeId\":\"1\",\"authorId\":null,\"title\":\"Home Page\",\"slug\":\"home-page\",\"postDate\":1525293748,\"expiryDate\":null,\"enabled\":true,\"newParentId\":null,\"fields\":{\"2\":{\"3\":{\"type\":\"body\",\"enabled\":true,\"collapsed\":false,\"fields\":{\"bodyText\":\"<p>This is body text.</p>\\n\"}},\"4\":{\"type\":\"buttonExternalLink\",\"enabled\":true,\"collapsed\":false,\"fields\":{\"buttonTitle\":\"Link to google\",\"buttonUrl\":\"www.google.com\"}},\"5\":{\"type\":\"video\",\"enabled\":true,\"collapsed\":false,\"fields\":{\"videoUrl\":\"https://www.youtube.com/watch?v=Btw_99WDFVA\",\"videoCaption\":\"carl malone\"}},\"6\":{\"type\":\"pullQuote\",\"enabled\":true,\"collapsed\":false,\"fields\":{\"pullQuote\":\"Hey my name is nick\",\"pullQuoteAuthor\":\"Nick Pappas\"}},\"15\":{\"type\":\"image\",\"enabled\":true,\"collapsed\":false,\"fields\":{\"image\":[\"18\"]}},\"17\":{\"type\":\"image\",\"enabled\":true,\"collapsed\":false,\"fields\":{\"image\":[\"16\"]}}},\"18\":{\"11\":{\"type\":\"socialBlock\",\"enabled\":true,\"collapsed\":false,\"fields\":{\"socialName\":\"Facebook\",\"socialHandle\":\"https://www.google.com\"}}}}}','2018-05-09 19:22:40','2018-05-09 19:22:40','eda6ee73-89cc-4707-b542-2a41e75caff3'),(15,2,1,1,1,15,'','{\"typeId\":\"1\",\"authorId\":null,\"title\":\"Home Page\",\"slug\":\"home-page\",\"postDate\":1525293748,\"expiryDate\":null,\"enabled\":true,\"newParentId\":null,\"fields\":{\"2\":{\"3\":{\"type\":\"body\",\"enabled\":true,\"collapsed\":false,\"fields\":{\"bodyText\":\"<p>This is body text.</p>\\n\"}},\"4\":{\"type\":\"buttonExternalLink\",\"enabled\":true,\"collapsed\":false,\"fields\":{\"buttonTitle\":\"Link to google\",\"buttonUrl\":\"www.google.com\"}},\"5\":{\"type\":\"video\",\"enabled\":true,\"collapsed\":false,\"fields\":{\"videoUrl\":\"https://www.youtube.com/watch?v=Btw_99WDFVA\",\"videoCaption\":\"carl malone\"}},\"6\":{\"type\":\"pullQuote\",\"enabled\":true,\"collapsed\":false,\"fields\":{\"pullQuote\":\"Hey my name is nick\",\"pullQuoteAuthor\":\"Nick Pappas\"}},\"15\":{\"type\":\"image\",\"enabled\":true,\"collapsed\":false,\"fields\":{\"image\":[\"19\"]}},\"17\":{\"type\":\"image\",\"enabled\":true,\"collapsed\":false,\"fields\":{\"image\":[]}}},\"18\":{\"11\":{\"type\":\"socialBlock\",\"enabled\":true,\"collapsed\":false,\"fields\":{\"socialName\":\"Facebook\",\"socialHandle\":\"https://www.google.com\"}}}}}','2018-05-09 19:23:49','2018-05-09 19:23:49','7d36306c-24d5-4c04-a949-f66e109b0ed6'),(16,2,1,1,1,16,'','{\"typeId\":\"1\",\"authorId\":null,\"title\":\"Home Page\",\"slug\":\"home-page\",\"postDate\":1525293748,\"expiryDate\":null,\"enabled\":true,\"newParentId\":null,\"fields\":{\"2\":{\"3\":{\"type\":\"body\",\"enabled\":true,\"collapsed\":false,\"fields\":{\"bodyText\":\"<p>This is body text.</p>\\n\"}},\"4\":{\"type\":\"buttonExternalLink\",\"enabled\":true,\"collapsed\":false,\"fields\":{\"buttonTitle\":\"Link to google\",\"buttonUrl\":\"www.google.com\"}},\"5\":{\"type\":\"video\",\"enabled\":true,\"collapsed\":false,\"fields\":{\"videoUrl\":\"https://www.youtube.com/watch?v=Btw_99WDFVA\",\"videoCaption\":\"carl malone\"}},\"6\":{\"type\":\"pullQuote\",\"enabled\":true,\"collapsed\":false,\"fields\":{\"pullQuote\":\"Hey my name is nick\",\"pullQuoteAuthor\":\"Nick Pappas\"}},\"15\":{\"type\":\"image\",\"enabled\":true,\"collapsed\":false,\"fields\":{\"image\":[\"19\"]}},\"17\":{\"type\":\"image\",\"enabled\":true,\"collapsed\":false,\"fields\":{\"image\":[]}}},\"18\":{\"11\":{\"type\":\"socialBlock\",\"enabled\":true,\"collapsed\":false,\"fields\":{\"socialName\":\"Facebook\",\"socialHandle\":\"https://www.google.com\"}}}}}','2018-05-09 19:51:57','2018-05-09 19:51:57','caac8596-6869-4bb5-837e-cfeafb0b64c6'),(19,2,1,1,1,17,'','{\"typeId\":\"1\",\"authorId\":null,\"title\":\"Home Page\",\"slug\":\"home-page\",\"postDate\":1525293748,\"expiryDate\":null,\"enabled\":true,\"newParentId\":null,\"fields\":{\"1\":\"<p>In Kent State University\'s Responsive Web Designbasic class, RWDadvanced classand RWDprofessional workshop, students from the College of Communication and Information and other colleges learn the process of creating responsive websites with HTML and CSS, from sketching and prototyping to usability testing and content strategy.</p>\",\"26\":\"Classes & Workshops\"}}','2018-07-19 15:09:42','2018-07-19 15:09:42','87b549ad-119e-46f4-be4b-70ce4a51d8a3'),(20,2,1,1,1,18,'','{\"typeId\":\"1\",\"authorId\":null,\"title\":\"Home Page\",\"slug\":\"home-page\",\"postDate\":1525293748,\"expiryDate\":null,\"enabled\":true,\"newParentId\":null,\"fields\":{\"1\":\"<p>In Kent State University\'s Responsive Web Designbasic class, RWDadvanced classand RWDprofessional workshop, students from the College of Communication and Information and other colleges learn the process of creating responsive websites with HTML and CSS, from sketching and prototyping to usability testing and content strategy.</p>\\n\",\"26\":\"Responsive Web Design Classes & Workshops\"}}','2018-07-19 15:10:07','2018-07-19 15:10:07','82053415-0783-4569-8c87-b6f4f40309b5'),(21,2,1,1,1,19,'','{\"typeId\":\"1\",\"authorId\":null,\"title\":\"Home Page\",\"slug\":\"home-page\",\"postDate\":1525293748,\"expiryDate\":null,\"enabled\":true,\"newParentId\":null,\"fields\":{\"1\":\"<p>In Kent State University\'s Responsive Web Designbasic class, RWDadvanced classand RWDprofessional workshop, students from the College of Communication and Information and other colleges learn the process of creating responsive websites with HTML and CSS, from sketching and prototyping to usability testing and content strategy.</p>\\n\",\"27\":{\"25\":{\"type\":\"internalLink\",\"enabled\":true,\"collapsed\":false,\"fields\":{\"linkName\":\"Learn More About RWD\",\"internalUrl\":[\"20\"]}}},\"26\":\"Responsive Web Design Classes & Workshops\"}}','2018-07-19 15:42:37','2018-07-19 15:42:37','66805e89-d6b7-4082-a8ae-16b5467eb077'),(22,2,1,1,1,20,'','{\"typeId\":\"1\",\"authorId\":null,\"title\":\"Home Page\",\"slug\":\"home-page\",\"postDate\":1525293748,\"expiryDate\":null,\"enabled\":true,\"newParentId\":null,\"fields\":{\"1\":\"<p>In Kent State University\'s Responsive Web Designbasic class, RWDadvanced classand RWDprofessional workshop, students from the College of Communication and Information and other colleges learn the process of creating responsive websites with HTML and CSS, from sketching and prototyping to usability testing and content strategy.</p>\\n\",\"27\":{\"25\":{\"type\":\"internalLink\",\"enabled\":true,\"collapsed\":false,\"fields\":{\"linkName\":\"Learn More About RWD\",\"internalUrl\":[\"20\"]}}},\"26\":\"Responsive Web Design Classes & Workshops\"}}','2018-07-19 15:58:51','2018-07-19 15:58:51','43be00df-8127-4f93-b314-8ce615587707'),(23,2,1,1,1,21,'','{\"typeId\":\"1\",\"authorId\":null,\"title\":\"Home Page\",\"slug\":\"home-page\",\"postDate\":1525293748,\"expiryDate\":null,\"enabled\":true,\"newParentId\":null,\"fields\":{\"60\":\"<p class=\\\"introduction-home introduction\\\">In Kent State University\'s Responsive Web Design <a href=\\\"class/\\\">basic class</a>, RWD <a href=\\\"advanced/\\\">advanced class</a> and RWD <a href=\\\"/workshop\\\">professional workshop</a>, students from the College of Communication and Information and other colleges learn the process of creating responsive websites with HTML and CSS, from sketching and prototyping to usability testing and content strategy.</p>\",\"57\":\"Responsive Web Design\",\"61\":{\"67\":{\"type\":\"block\",\"enabled\":true,\"collapsed\":false,\"fields\":{\"linkTitle\":\"Learn More About RWD\",\"linkUrl\":\"/about\"}}},\"58\":\"Classes & Workshops\"}}','2018-08-07 15:40:00','2018-08-07 15:40:00','8a94a0c5-a5c5-4e7e-b29f-f2d6ad4955da'),(24,2,1,1,1,22,'','{\"typeId\":\"1\",\"authorId\":null,\"title\":\"Homepage\",\"slug\":\"home-page\",\"postDate\":1525293748,\"expiryDate\":null,\"enabled\":true,\"newParentId\":null,\"fields\":{\"60\":\"<p class=\\\"introduction-home introduction\\\">In Kent State University\'s Responsive Web Design <a href=\\\"class/\\\">basic class</a>, RWD <a href=\\\"advanced/\\\">advanced class</a> and RWD <a href=\\\"/workshop\\\">professional workshop</a>, students from the College of Communication and Information and other colleges learn the process of creating responsive websites with HTML and CSS, from sketching and prototyping to usability testing and content strategy.</p>\",\"57\":\"Responsive Web Design\",\"61\":{\"67\":{\"type\":\"block\",\"enabled\":true,\"collapsed\":false,\"fields\":{\"linkTitle\":\"Learn More About RWD\",\"linkUrl\":\"/about\"}}},\"58\":\"Classes & Workshops\"}}','2018-08-07 15:48:38','2018-08-07 15:48:38','836c4d29-5110-4157-9e5f-6acf04192260'),(25,2,1,1,1,23,'','{\"typeId\":\"1\",\"authorId\":null,\"title\":\"Homepage\",\"slug\":\"home-page\",\"postDate\":1525293748,\"expiryDate\":null,\"enabled\":true,\"newParentId\":null,\"fields\":{\"66\":{\"70\":{\"type\":\"paragraph\",\"enabled\":true,\"collapsed\":false,\"fields\":{\"heading\":null,\"text\":\"<p class=\\\"introduction-home introduction\\\">In Kent State University\'s Responsive Web Design <a href=\\\"class/\\\">basic class</a>, RWD <a href=\\\"advanced/\\\">advanced class</a> and RWD <a href=\\\"/workshop\\\">professional workshop</a>, students from the College of Communication and Information and other colleges learn the process of creating responsive websites with HTML and CSS, from sketching and prototyping to usability testing and content strategy.</p>\"}}},\"57\":\"Responsive Web Design\",\"61\":{\"67\":{\"type\":\"block\",\"enabled\":true,\"collapsed\":false,\"fields\":{\"linkTitle\":\"Learn More About RWD\",\"linkUrl\":\"/about\"}}},\"58\":\"Classes & Workshops\"}}','2018-08-07 16:01:46','2018-08-07 16:01:46','17b02df4-fa10-40c5-9712-0c0b68e6c30f'),(26,2,1,1,1,24,'','{\"typeId\":\"1\",\"authorId\":null,\"title\":\"Homepage\",\"slug\":\"home-page\",\"postDate\":1525293748,\"expiryDate\":null,\"enabled\":true,\"newParentId\":null,\"fields\":{\"66\":\"<p class=\\\"introduction-home introduction\\\">In Kent State University\'s Responsive Web Design <a href=\\\"class/\\\">basic class</a>, RWD <a href=\\\"advanced/\\\">advanced class</a> and RWD <a href=\\\"/workshop\\\">professional workshop</a>, students from the College of Communication and Information and other colleges learn the process of creating responsive websites with HTML and CSS, from sketching and prototyping to usability testing and content strategy.</p>\",\"57\":\"Responsive Web Design\",\"61\":{\"67\":{\"type\":\"block\",\"enabled\":true,\"collapsed\":false,\"fields\":{\"linkTitle\":\"Learn More About RWD\",\"linkUrl\":\"/about\"}}},\"58\":\"Classes & Workshops\"}}','2018-08-07 16:19:33','2018-08-07 16:19:33','babb686d-e350-437f-9cdf-45ff726cf7c0'),(27,69,22,1,1,1,'Revision from Aug 7, 2018, 12:15:21 PM','{\"typeId\":\"22\",\"authorId\":null,\"title\":\"About\",\"slug\":\"about\",\"postDate\":1533657240,\"expiryDate\":null,\"enabled\":\"1\",\"newParentId\":null,\"fields\":{\"59\":[],\"69\":[]}}','2018-08-07 16:27:51','2018-08-07 16:27:51','cd5edf4e-4140-485c-b487-dd95bd86eca5'),(28,69,22,1,1,2,'','{\"typeId\":\"22\",\"authorId\":null,\"title\":\"About\",\"slug\":\"about\",\"postDate\":1533657240,\"expiryDate\":null,\"enabled\":true,\"newParentId\":null,\"fields\":{\"66\":\"<p class=\\\"section-introduction\\\">In 2010, Ethan Marcotte published his famous article on A List Apart called <a href=\\\"http://alistapart.com/article/responsive-web-design\\\">Responsive Web Design</a>. The article was quickly followed by the <a href=\\\"http://abookapart.com/products/responsive-web-design\\\">Responsive Web Design Book</a>, published by A Book Apart in 2011. In this book, Marcotte popularized the idea of using flexible grids and CSS media queries to build a single website that scales across mobile phones, tablets, desktop computers, televisions and everything in between.</p>\\n<p>Since then, Responsive Web Design has become not just a technical solution for web design - its an entire process that brings multiple disciplines together to form one product that works across multiple devices. The responsive design process includes user experience, content strategy, information architecture, visual design, HTML/CSS/JavaScript development, usability testing and technical testing.</p>\\n<h2>RWD at Kent State</h2>\\n<p>Kent State University\'s Responsive Web Design classes were designed with the goal of bringing together students from multiple disciplines from within the <a href=\\\"http://www.kent.edu/cci\\\">College of Communication and Information</a> and giving them the skills they need to work with and become web designers. The classes are hands-on and encourage active learning. The class is constantly evolving, always integrating the latest advancements in design, development and user experience design.</p>\\n<p>I\'m making this information public with the hope that others will find it helpful when creating similar programs at their educational institutions.</p>\\n<h2>About the Instructor: Christopher Hallahan</h2>\\n<p>I work full time for Kent State\'s <a href=\\\"http://www.kent.edu/cci\\\">College of Communication &amp; Information (CCI)</a> as a User Experience Designer at the college and <a href=\\\"http://www.ideabasekent.com\\\">IdeaBase</a>, a collaborative, student-run agency located in Downtown Kent, where we conduct research, design and development work for real-world clients, both inside and outside the university.</p>\\n<p>My degrees are both from Kent State University - a bachelor\'s degree (2008) in Electronic Media (School of Journalism and Mass Communication) and master\'s degree (2010) in User Experience Design (School of Library &amp; Information Science).</p>\\n<p>You can learn more about me at my personal website, <a href=\\\"http://www.chrishallahan.com\\\">www.chrishallahan.com</a>.</p>\",\"59\":[\"52\"],\"69\":{\"71\":{\"type\":\"block\",\"enabled\":true,\"collapsed\":false,\"fields\":{\"contactMethod\":null,\"contactInfo\":null}},\"72\":{\"type\":\"block\",\"enabled\":true,\"collapsed\":false,\"fields\":{\"contactMethod\":null,\"contactInfo\":null}},\"73\":{\"type\":\"block\",\"enabled\":true,\"collapsed\":false,\"fields\":{\"contactMethod\":null,\"contactInfo\":null}}}}}','2018-08-07 16:27:51','2018-08-07 16:27:51','133bebd9-ecbc-49d8-9a34-65843040ef00'),(29,69,22,1,1,3,'','{\"typeId\":\"22\",\"authorId\":null,\"title\":\"About\",\"slug\":\"about\",\"postDate\":1533657240,\"expiryDate\":null,\"enabled\":true,\"newParentId\":null,\"fields\":{\"66\":\"<p class=\\\"section-introduction\\\">In 2010, Ethan Marcotte published his famous article on A List Apart called <a href=\\\"http://alistapart.com/article/responsive-web-design\\\">Responsive Web Design</a>. The article was quickly followed by the <a href=\\\"http://abookapart.com/products/responsive-web-design\\\">Responsive Web Design Book</a>, published by A Book Apart in 2011. In this book, Marcotte popularized the idea of using flexible grids and CSS media queries to build a single website that scales across mobile phones, tablets, desktop computers, televisions and everything in between.</p>\\n<p>Since then, Responsive Web Design has become not just a technical solution for web design - its an entire process that brings multiple disciplines together to form one product that works across multiple devices. The responsive design process includes user experience, content strategy, information architecture, visual design, HTML/CSS/JavaScript development, usability testing and technical testing.</p>\\n<h2>RWD at Kent State</h2>\\n<p>Kent State University\'s Responsive Web Design classes were designed with the goal of bringing together students from multiple disciplines from within the <a href=\\\"http://www.kent.edu/cci\\\">College of Communication and Information</a> and giving them the skills they need to work with and become web designers. The classes are hands-on and encourage active learning. The class is constantly evolving, always integrating the latest advancements in design, development and user experience design.</p>\\n<p>I\'m making this information public with the hope that others will find it helpful when creating similar programs at their educational institutions.</p>\\n<h2>About the Instructor: Christopher Hallahan</h2>\\n<p>I work full time for Kent State\'s <a href=\\\"http://www.kent.edu/cci\\\">College of Communication &amp; Information (CCI)</a> as a User Experience Designer at the college and <a href=\\\"http://www.ideabasekent.com\\\">IdeaBase</a>, a collaborative, student-run agency located in Downtown Kent, where we conduct research, design and development work for real-world clients, both inside and outside the university.</p>\\n<p>My degrees are both from Kent State University - a bachelor\'s degree (2008) in Electronic Media (School of Journalism and Mass Communication) and master\'s degree (2010) in User Experience Design (School of Library &amp; Information Science).</p>\\n<p>You can learn more about me at my personal website, <a href=\\\"http://www.chrishallahan.com\\\">www.chrishallahan.com</a>.</p>\",\"59\":[\"74\"],\"69\":{\"71\":{\"type\":\"block\",\"enabled\":true,\"collapsed\":false,\"fields\":{\"contactMethod\":null,\"contactInfo\":null}},\"72\":{\"type\":\"block\",\"enabled\":true,\"collapsed\":false,\"fields\":{\"contactMethod\":null,\"contactInfo\":null}},\"73\":{\"type\":\"block\",\"enabled\":true,\"collapsed\":false,\"fields\":{\"contactMethod\":null,\"contactInfo\":null}}}}}','2018-08-07 16:38:27','2018-08-07 16:38:27','32af6a89-0ae8-489d-af44-b149b20d03ef'),(30,69,22,1,1,4,'','{\"typeId\":\"22\",\"authorId\":null,\"title\":\"About\",\"slug\":\"about\",\"postDate\":1533657240,\"expiryDate\":null,\"enabled\":true,\"newParentId\":null,\"fields\":{\"66\":\"<p class=\\\"section-introduction\\\">In 2010, Ethan Marcotte published his famous article on A List Apart called <a href=\\\"http://alistapart.com/article/responsive-web-design\\\">Responsive Web Design</a>. The article was quickly followed by the <a href=\\\"http://abookapart.com/products/responsive-web-design\\\">Responsive Web Design Book</a>, published by A Book Apart in 2011. In this book, Marcotte popularized the idea of using flexible grids and CSS media queries to build a single website that scales across mobile phones, tablets, desktop computers, televisions and everything in between.</p>\\n<p>Since then, Responsive Web Design has become not just a technical solution for web design - its an entire process that brings multiple disciplines together to form one product that works across multiple devices. The responsive design process includes user experience, content strategy, information architecture, visual design, HTML/CSS/JavaScript development, usability testing and technical testing.</p>\\n<h2>RWD at Kent State</h2>\\n<p>Kent State University\'s Responsive Web Design classes were designed with the goal of bringing together students from multiple disciplines from within the <a href=\\\"http://www.kent.edu/cci\\\">College of Communication and Information</a> and giving them the skills they need to work with and become web designers. The classes are hands-on and encourage active learning. The class is constantly evolving, always integrating the latest advancements in design, development and user experience design.</p>\\n<p>I\'m making this information public with the hope that others will find it helpful when creating similar programs at their educational institutions.</p>\\n<h2>About the Instructor: Christopher Hallahan</h2>\\n<p>I work full time for Kent State\'s <a href=\\\"http://www.kent.edu/cci\\\">College of Communication &amp; Information (CCI)</a> as a User Experience Designer at the college and <a href=\\\"http://www.ideabasekent.com\\\">IdeaBase</a>, a collaborative, student-run agency located in Downtown Kent, where we conduct research, design and development work for real-world clients, both inside and outside the university.</p>\\n<p>My degrees are both from Kent State University - a bachelor\'s degree (2008) in Electronic Media (School of Journalism and Mass Communication) and master\'s degree (2010) in User Experience Design (School of Library &amp; Information Science).</p>\\n<p>You can learn more about me at my personal website, <a href=\\\"http://www.chrishallahan.com\\\">www.chrishallahan.com</a>.</p>\",\"59\":{\"75\":{\"type\":\"image\",\"enabled\":true,\"collapsed\":false,\"fields\":{\"image\":[\"74\"],\"altText\":\"Chris\'s Headshot\"}}},\"69\":{\"71\":{\"type\":\"block\",\"enabled\":true,\"collapsed\":false,\"fields\":{\"contactMethod\":null,\"contactInfo\":null}},\"72\":{\"type\":\"block\",\"enabled\":true,\"collapsed\":false,\"fields\":{\"contactMethod\":null,\"contactInfo\":null}},\"73\":{\"type\":\"block\",\"enabled\":true,\"collapsed\":false,\"fields\":{\"contactMethod\":null,\"contactInfo\":null}}}}}','2018-08-07 17:05:01','2018-08-07 17:05:01','8367ba7f-0db5-4809-9b35-b840acd07d28'),(31,69,22,1,1,5,'','{\"typeId\":\"22\",\"authorId\":null,\"title\":\"About\",\"slug\":\"about\",\"postDate\":1533657240,\"expiryDate\":null,\"enabled\":true,\"newParentId\":null,\"fields\":{\"66\":\"<p class=\\\"section-introduction\\\">In 2010, Ethan Marcotte published his famous article on A List Apart called <a href=\\\"http://alistapart.com/article/responsive-web-design\\\">Responsive Web Design</a>. The article was quickly followed by the <a href=\\\"http://abookapart.com/products/responsive-web-design\\\">Responsive Web Design Book</a>, published by A Book Apart in 2011. In this book, Marcotte popularized the idea of using flexible grids and CSS media queries to build a single website that scales across mobile phones, tablets, desktop computers, televisions and everything in between.</p>\\n<p>Since then, Responsive Web Design has become not just a technical solution for web design - its an entire process that brings multiple disciplines together to form one product that works across multiple devices. The responsive design process includes user experience, content strategy, information architecture, visual design, HTML/CSS/JavaScript development, usability testing and technical testing.</p>\\n<h2>RWD at Kent State</h2>\\n<p>Kent State University\'s Responsive Web Design classes were designed with the goal of bringing together students from multiple disciplines from within the <a href=\\\"http://www.kent.edu/cci\\\">College of Communication and Information</a> and giving them the skills they need to work with and become web designers. The classes are hands-on and encourage active learning. The class is constantly evolving, always integrating the latest advancements in design, development and user experience design.</p>\\n<p>I\'m making this information public with the hope that others will find it helpful when creating similar programs at their educational institutions.</p>\\n<h2>About the Instructor: Christopher Hallahan</h2>\\n<p>I work full time for Kent State\'s <a href=\\\"http://www.kent.edu/cci\\\">College of Communication &amp; Information (CCI)</a> as a User Experience Designer at the college and <a href=\\\"http://www.ideabasekent.com\\\">IdeaBase</a>, a collaborative, student-run agency located in Downtown Kent, where we conduct research, design and development work for real-world clients, both inside and outside the university.</p>\\n<p>My degrees are both from Kent State University - a bachelor\'s degree (2008) in Electronic Media (School of Journalism and Mass Communication) and master\'s degree (2010) in User Experience Design (School of Library &amp; Information Science).</p>\\n<p>You can learn more about me at my personal website, <a href=\\\"http://www.chrishallahan.com\\\">www.chrishallahan.com</a>.</p>\",\"59\":{\"75\":{\"type\":\"image\",\"enabled\":true,\"collapsed\":false,\"fields\":{\"asset\":[\"74\"],\"altText\":\"Chris\'s Headshot\"}}},\"69\":{\"76\":{\"type\":\"block\",\"enabled\":true,\"collapsed\":false,\"fields\":{\"contactMethod\":null,\"contactInfo\":null}}}}}','2018-08-07 18:06:16','2018-08-07 18:06:16','acd6e453-b31d-44ae-bd10-bfc0b2e7a34b'),(32,69,22,1,1,6,'','{\"typeId\":\"22\",\"authorId\":null,\"title\":\"About\",\"slug\":\"about\",\"postDate\":1533657240,\"expiryDate\":null,\"enabled\":true,\"newParentId\":null,\"fields\":{\"66\":\"<p class=\\\"section-introduction\\\">In 2010, Ethan Marcotte published his famous article on A List Apart called <a href=\\\"http://alistapart.com/article/responsive-web-design\\\">Responsive Web Design</a>. The article was quickly followed by the <a href=\\\"http://abookapart.com/products/responsive-web-design\\\">Responsive Web Design Book</a>, published by A Book Apart in 2011. In this book, Marcotte popularized the idea of using flexible grids and CSS media queries to build a single website that scales across mobile phones, tablets, desktop computers, televisions and everything in between.</p>\\n<p>Since then, Responsive Web Design has become not just a technical solution for web design - its an entire process that brings multiple disciplines together to form one product that works across multiple devices. The responsive design process includes user experience, content strategy, information architecture, visual design, HTML/CSS/JavaScript development, usability testing and technical testing.</p>\\n<h2>RWD at Kent State</h2>\\n<p>Kent State University\'s Responsive Web Design classes were designed with the goal of bringing together students from multiple disciplines from within the <a href=\\\"http://www.kent.edu/cci\\\">College of Communication and Information</a> and giving them the skills they need to work with and become web designers. The classes are hands-on and encourage active learning. The class is constantly evolving, always integrating the latest advancements in design, development and user experience design.</p>\\n<p>I\'m making this information public with the hope that others will find it helpful when creating similar programs at their educational institutions.</p>\\n<h2>About the Instructor: Christopher Hallahan</h2>\\n<p>I work full time for Kent State\'s <a href=\\\"http://www.kent.edu/cci\\\">College of Communication &amp; Information (CCI)</a> as a User Experience Designer at the college and <a href=\\\"http://www.ideabasekent.com\\\">IdeaBase</a>, a collaborative, student-run agency located in Downtown Kent, where we conduct research, design and development work for real-world clients, both inside and outside the university.</p>\\n<p>My degrees are both from Kent State University - a bachelor\'s degree (2008) in Electronic Media (School of Journalism and Mass Communication) and master\'s degree (2010) in User Experience Design (School of Library &amp; Information Science).</p>\\n<p>You can learn more about me at my personal website, <a href=\\\"http://www.chrishallahan.com\\\">www.chrishallahan.com</a>.</p>\",\"59\":{\"75\":{\"type\":\"image\",\"enabled\":true,\"collapsed\":false,\"fields\":{\"asset\":[\"74\"],\"altText\":\"Chris\'s Headshot\"}}},\"69\":{\"76\":{\"type\":\"email\",\"enabled\":true,\"collapsed\":false,\"fields\":{\"emailAddress\":\"challahan@ideabasekent.com\"}},\"77\":{\"type\":\"email\",\"enabled\":true,\"collapsed\":false,\"fields\":{\"emailAddress\":\"example@email.com\"}},\"78\":{\"type\":\"phone\",\"enabled\":true,\"collapsed\":false,\"fields\":{\"phoneNumber\":\"(330) 672-3031\"}},\"79\":{\"type\":\"phone\",\"enabled\":true,\"collapsed\":false,\"fields\":{\"phoneNumber\":\"asdf\"}},\"80\":{\"type\":\"other\",\"enabled\":true,\"collapsed\":false,\"fields\":{\"contactMethod\":\"Twitter\",\"contactInfo\":\"@challahan\"}}}}}','2018-08-07 18:15:01','2018-08-07 18:15:01','d9f70860-b10b-4595-b4f8-f77e81e28c43'),(33,69,22,1,1,7,'','{\"typeId\":\"22\",\"authorId\":null,\"title\":\"About\",\"slug\":\"about\",\"postDate\":1533657240,\"expiryDate\":null,\"enabled\":true,\"newParentId\":null,\"fields\":{\"66\":\"<p class=\\\"section-introduction\\\">In 2010, Ethan Marcotte published his famous article on A List Apart called <a href=\\\"http://alistapart.com/article/responsive-web-design\\\">Responsive Web Design</a>. The article was quickly followed by the <a href=\\\"http://abookapart.com/products/responsive-web-design\\\">Responsive Web Design Book</a>, published by A Book Apart in 2011. In this book, Marcotte popularized the idea of using flexible grids and CSS media queries to build a single website that scales across mobile phones, tablets, desktop computers, televisions and everything in between.</p>\\n<p>Since then, Responsive Web Design has become not just a technical solution for web design - its an entire process that brings multiple disciplines together to form one product that works across multiple devices. The responsive design process includes user experience, content strategy, information architecture, visual design, HTML/CSS/JavaScript development, usability testing and technical testing.</p>\\n<h2>RWD at Kent State</h2>\\n<p>Kent State University\'s Responsive Web Design classes were designed with the goal of bringing together students from multiple disciplines from within the <a href=\\\"http://www.kent.edu/cci\\\">College of Communication and Information</a> and giving them the skills they need to work with and become web designers. The classes are hands-on and encourage active learning. The class is constantly evolving, always integrating the latest advancements in design, development and user experience design.</p>\\n<p>I\'m making this information public with the hope that others will find it helpful when creating similar programs at their educational institutions.</p>\\n<h2>About the Instructor: Christopher Hallahan</h2>\\n<p>I work full time for Kent State\'s <a href=\\\"http://www.kent.edu/cci\\\">College of Communication &amp; Information (CCI)</a> as a User Experience Designer at the college and <a href=\\\"http://www.ideabasekent.com\\\">IdeaBase</a>, a collaborative, student-run agency located in Downtown Kent, where we conduct research, design and development work for real-world clients, both inside and outside the university.</p>\\n<p>My degrees are both from Kent State University - a bachelor\'s degree (2008) in Electronic Media (School of Journalism and Mass Communication) and master\'s degree (2010) in User Experience Design (School of Library &amp; Information Science).</p>\\n<p>You can learn more about me at my personal website, <a href=\\\"http://www.chrishallahan.com\\\">www.chrishallahan.com</a>.</p>\",\"59\":{\"75\":{\"type\":\"image\",\"enabled\":true,\"collapsed\":false,\"fields\":{\"asset\":[\"74\"],\"altText\":\"Chris\'s Headshot\"}}},\"69\":{\"76\":{\"type\":\"email\",\"enabled\":true,\"collapsed\":false,\"fields\":{\"emailAddress\":\"challahan@ideabasekent.com\"}},\"77\":{\"type\":\"email\",\"enabled\":true,\"collapsed\":false,\"fields\":{\"emailAddress\":\"example@email.com\"}},\"78\":{\"type\":\"phone\",\"enabled\":true,\"collapsed\":false,\"fields\":{\"phoneNumber\":\"(330) 672-3031\"}},\"79\":{\"type\":\"phone\",\"enabled\":true,\"collapsed\":false,\"fields\":{\"phoneNumber\":\"asdf\"}},\"80\":{\"type\":\"other\",\"enabled\":true,\"collapsed\":false,\"fields\":{\"contactMethod\":\"Twitter\",\"contactInfo\":\"@challahan\",\"hyperlink\":\"[\\\"link\\\"]\",\"linkUrl\":\"https://twitter.com/challahan\"}}}}}','2018-08-07 18:22:58','2018-08-07 18:22:58','d999428c-dac0-41c5-95ac-b4806f0e33cc'),(34,69,22,1,1,8,'','{\"typeId\":\"22\",\"authorId\":null,\"title\":\"About\",\"slug\":\"about\",\"postDate\":1533657240,\"expiryDate\":null,\"enabled\":true,\"newParentId\":null,\"fields\":{\"66\":\"<p class=\\\"section-introduction\\\">In 2010, Ethan Marcotte published his famous article on A List Apart called <a href=\\\"http://alistapart.com/article/responsive-web-design\\\">Responsive Web Design</a>. The article was quickly followed by the <a href=\\\"http://abookapart.com/products/responsive-web-design\\\">Responsive Web Design Book</a>, published by A Book Apart in 2011. In this book, Marcotte popularized the idea of using flexible grids and CSS media queries to build a single website that scales across mobile phones, tablets, desktop computers, televisions and everything in between.</p>\\n<p>Since then, Responsive Web Design has become not just a technical solution for web design - its an entire process that brings multiple disciplines together to form one product that works across multiple devices. The responsive design process includes user experience, content strategy, information architecture, visual design, HTML/CSS/JavaScript development, usability testing and technical testing.</p>\\n<h2>RWD at Kent State</h2>\\n<p>Kent State University\'s Responsive Web Design classes were designed with the goal of bringing together students from multiple disciplines from within the <a href=\\\"http://www.kent.edu/cci\\\">College of Communication and Information</a> and giving them the skills they need to work with and become web designers. The classes are hands-on and encourage active learning. The class is constantly evolving, always integrating the latest advancements in design, development and user experience design.</p>\\n<p>I\'m making this information public with the hope that others will find it helpful when creating similar programs at their educational institutions.</p>\\n<h2>About the Instructor: Christopher Hallahan</h2>\\n<p>I work full time for Kent State\'s <a href=\\\"http://www.kent.edu/cci\\\">College of Communication &amp; Information (CCI)</a> as a User Experience Designer at the college and <a href=\\\"http://www.ideabasekent.com\\\">IdeaBase</a>, a collaborative, student-run agency located in Downtown Kent, where we conduct research, design and development work for real-world clients, both inside and outside the university.</p>\\n<p>My degrees are both from Kent State University - a bachelor\'s degree (2008) in Electronic Media (School of Journalism and Mass Communication) and master\'s degree (2010) in User Experience Design (School of Library &amp; Information Science).</p>\\n<p>You can learn more about me at my personal website, <a href=\\\"http://www.chrishallahan.com\\\">www.chrishallahan.com</a>.</p>\",\"59\":{\"75\":{\"type\":\"image\",\"enabled\":true,\"collapsed\":false,\"fields\":{\"asset\":[\"74\"],\"altText\":\"Chris\'s Headshot\"}}},\"69\":{\"76\":{\"type\":\"email\",\"enabled\":true,\"collapsed\":false,\"fields\":{\"emailAddress\":\"challahan@ideabasekent.com\"}},\"78\":{\"type\":\"phone\",\"enabled\":true,\"collapsed\":false,\"fields\":{\"phoneNumber\":\"(330) 672-3031\"}},\"80\":{\"type\":\"other\",\"enabled\":true,\"collapsed\":false,\"fields\":{\"method\":\"Twitter\",\"account\":\"@challahan\",\"hyperlink\":\"https://twitter.com/challahan\"}}}}}','2018-08-07 18:41:17','2018-08-07 18:41:17','4c9f8e00-9359-45f3-a051-faf660d45b93'),(35,97,33,1,1,1,'','{\"typeId\":\"33\",\"authorId\":\"1\",\"title\":\"Chris Hallahan\",\"slug\":\"chris-hallahan\",\"postDate\":1534185300,\"expiryDate\":null,\"enabled\":true,\"newParentId\":null,\"fields\":{\"66\":\"<p>I work full time for Kent State\'s <a href=\\\"http://www.kent.edu/cci\\\">College of Communication &amp; Information (CCI)</a> as a User Experience Designer at the college and <a href=\\\"http://www.ideabasekent.com\\\">IdeaBase</a>, a collaborative, student-run agency located in Downtown Kent, where we conduct research, design and development work for real-world clients, both inside and outside the university.</p>\\n<p>My degrees are both from Kent State University - a bachelor\'s degree (2008) in Electronic Media (School of Journalism and Mass Communication) and master\'s degree (2010) in User Experience Design (School of Library &amp; Information Science).</p>\\n<p>You can learn more about me at my personal website, <a href=\\\"http://www.chrishallahan.com\\\">www.chrishallahan.com</a>.</p>\",\"59\":{\"101\":{\"type\":\"image\",\"enabled\":true,\"collapsed\":false,\"fields\":{\"asset\":[\"74\"],\"altText\":\"Chris\'s Headshot\"}}},\"69\":{\"98\":{\"type\":\"email\",\"enabled\":true,\"collapsed\":false,\"fields\":{\"emailAddress\":\"challahan@ideabasekent.com\"}},\"99\":{\"type\":\"phone\",\"enabled\":true,\"collapsed\":false,\"fields\":{\"phoneNumber\":\"(330) 672-3031\"}},\"100\":{\"type\":\"other\",\"enabled\":true,\"collapsed\":false,\"fields\":{\"method\":\"Twitter\",\"account\":\"@challahan\",\"hyperlink\":\"https://twitter.com/challahan\"}}}}}','2018-08-13 18:35:35','2018-08-13 18:35:35','90886733-b8a9-4f19-9df0-3ea7f6b8d504'),(36,102,29,1,1,1,'','{\"typeId\":\"29\",\"authorId\":\"1\",\"title\":\"Test Course\",\"slug\":\"test-course\",\"postDate\":1534185720,\"expiryDate\":null,\"enabled\":true,\"newParentId\":null,\"fields\":{\"66\":\"<p>In Kent State University\'s basic Responsive Web Design course, you will learn the fundamental principles for developing standards-based web sites from a mobile-first and content-first perspective and ensure its functionality for users in terms of both usability and performance.</p>\",\"100\":[\"30\"],\"92\":\"Tuesday/Thursday, 11 a.m. - 12:25 p.m.\",\"101\":[\"97\"],\"93\":[\"32\"],\"102\":[\"96\"]}}','2018-08-13 18:42:33','2018-08-13 18:42:33','aacd1a5e-086e-4a15-a7ce-15a4d02ae6cf'),(37,103,27,1,1,1,'','{\"typeId\":\"27\",\"authorId\":\"1\",\"title\":\"Test Syllabus\",\"slug\":\"test-syllabus\",\"postDate\":1534186260,\"expiryDate\":null,\"enabled\":true,\"newParentId\":null,\"fields\":{\"66\":\"<h3>About This Course<br /></h3>\\n<p>Responsive web design isnt just a technical solution for web design - its an entire process that brings multiple disciplines together to form one product that works across multiple devices. The responsive design process includes user experience, content strategy, information architecture, visual design, development, usability testing and technical testing. Students who will succeed in this field will need to be familiar with not just one, but all of these processes, while working in a team-based environment.</p>\\n<p>In this course you will learn the fundamental principles for developing standards-based web sites from a mobile-first and content-first perspective. We will explore each aspect of an agile-inspired process, during which youll learn each step of what it takes to build a website and ensure its functionality for its users in terms of both usability and performance.</p>\\n<h4>Topics</h4>\\n<p>Just a few of the topics planned to be covered in the Responsive Web Design course include:</p>\\n<ul><li>Atomic Design</li>\\n<li>Pattern Libraries and Style Guides</li>\\n<li>Sketching</li>\\n<li>User Research Techniques</li>\\n<li>Rapid Prototyping</li>\\n<li>HTML/CSS/JavaScript</li>\\n<li>Modern Web Design Workflows</li>\\n<li>Mobile Content Strategy</li>\\n<li>Browser Testing</li>\\n<li>Version Control</li>\\n<li>Paired and Team Coding</li>\\n<li>Mobile-First Design</li>\\n<li>Style Tiles and Web Design Techniques</li>\\n<li>Modern Web Layout Tools</li>\\n</ul><h3>Prerequisites</h3>\\n<p>Sophomore standing. This course has no other prerequisites, however you must be proficient in basic web and computer applications. You will be expected to write HTML, CSS and light JavaScript code (familiarity with these will be helpful, but is not necessary). You will also be working in vector-based editing tools to help prototype visual designs. Success in this course will depend on your willingness to try learn new skills and collaborate with others from different backgrounds to solve complex problems.</p>\\n<h3>Subject to Change Statement</h3>\\n<p>The syllabus and course schedule may be subject to change. Changes will be communicated via email. It is the responsibility of students to check email messages and course announcements to stay current in the course.</p>\\n<h3>Course Goals</h3>\\n<p>In this course, students will:</p>\\n<ul><li>Apply a modern workflow to a responsive web design, including competitive research techniques, content development, information architecture, design and development.</li>\\n<li>Gather and architect content for the web, with a focus on prioritizing content for use on multiple devices.</li>\\n<li>Rapidly prototype web design modules, developing style tiles and reusable patterns for colors, typography, layout and user interface elements.</li>\\n<li>Create interactive prototypes and wireframes in HTML/CSS, using standards-compliant HTML and CSS, media queries and responsive layouts.</li>\\n<li>Test prototypes for common performance, usability and web browser issues.</li>\\n<li>Use version control to create a staging server on which websites will be hosted and updated.</li>\\n<li>Work in a team environment, collaborating with students from a variety of disciplines.</li>\\n<li>Solve common web design problems both independently and as a group, through the use of online resources, books, videos and fellow students.</li>\\n</ul><h3>Learning outcomes</h3>\\n<p>Most importantly, by the end of this course, students will be able to:</p>\\n<ul><li>Identify and write the most common HTML/CSS properties, with proper indentation and comments, and understand how to use these properties efficiently.</li>\\n<li>Organize and prioritize website content to fit information architecture best practices, including a mobile-first methodology.</li>\\n<li>Use media queries to create a responsive HTML/CSS/JavaScript prototype that accommodates multiple screen sizes and device types.</li>\\n<li>Speak intelligently about responsive web design and describe why its important to future clients, colleagues or employers.</li>\\n<li>Analyze predefined requirements and constraints that a client or employer may ask of a web designer, and creatively apply these to the solution.</li>\\n<li>Critique and speak intelligently about web design in terms of content, colors, typography, user interface elements and layout.</li>\\n<li>Coordinate a web design project and work with other team members to build deliverables along the way.</li>\\n<li>Understand the various roles that are essential to the web design process and appreciate the skills required for each discipline.</li>\\n<li>See themselves as capable and confident when working in code, even if they are not primarily developers. Be willing to cross organizational lines and take chances.</li>\\n<li>Be motivated to expand their knowledge of web design by following influential web designers and businesses that are currently implementing responsive design.</li>\\n<li>Understand how the student and their current area of study fits into a web design role (and their role as a communicator) and expand on their current background to be able to take on future roles in interactive media.</li>\\n<li>Understand how HTML/CSS prototypes integrate into large, dynamic content management systems and complex organizations.</li>\\n<li>Develop test plans and iterate on future design and content systems after identifying usability or technical issues.</li>\\n<li>Identify solutions to complex design/development problems and use online resources to expand knowledge of HTML/CSS processes.</li>\\n</ul><h3>Course Textbook and Materials</h3>\\n<p>There are 2 required textbooks for the course. One provides detailed examples and instructions for HTML/CSS, and the other provides more practical knowledge on web design topics:</p>\\n<ul><li><em><a href=\\\"https://www.amazon.com/HTML-CSS-Design-Build-Websites/dp/1118008189\\\">HTML and CSS: Design and Build Websites</a></em> by Jon Duckett, November 2011, Wiley. ($18.51 on Amazon)</li>\\n<li><em><a href=\\\"https://abookapart.com/products/responsive-web-design\\\">Responsive Web Design</a></em> by Ethan Marcotte, Second Edition, December 2014, A Book Apart. ($9.00/Ebook or $18.00/Paperback + Shipping)</li>\\n</ul><p>This course will also make use of video tutorials from Lynda.com (available at no charge to students taking this course), as well as free online readings and videos.</p>\\n<h3>Class Structure</h3>\\n<p>This class will be held once a week and will have both a lecture/discussion and studio/lab component. Students will be assigned readings from a variety disciplines, authors and topics, which will be discussed during the first half of class. All students will have the opportunity to pair with a student from a different background to work on hands-on examples in class each week, as well as a long-term project that will span the semester. Short homework assignments will be given throughout the semester in order to master key topics.</p>\\n<h3>Preparing for Class</h3>\\n<p>Students are expected to come to class prepared. This means:</p>\\n<ul><li>Familiarization with the required readings or videos.</li>\\n<li>Readiness to participate in class discussions and activities.</li>\\n<li>Participating in class discussions and hands-on activities.</li>\\n<li>Completing assignments on time and submitting them properly to GitHub each week.</li>\\n</ul><h3>Course Schedule</h3>\\n<p>This course will be divided into two parts. Readings, lecture notes and information on preparing for class will be posted to the <a href=\\\"http://www.rwdkent.com\\\">class website</a>.</p>\\n<p>Please see the <a href=\\\"http://www.rwdkent.com/class/schedule\\\">Detailed Course Schedule</a> for specific dates, times and assignments.</p>\\n<h4>Part 1: Principles of Responsive Web Design</h4>\\n<p>Students explore the concept of responsive web design, learn why it matters and will begin implementing simple HTML, CSS and JavaScript in the browser. Students will read Responsive Web Design by Ethan Marcotte as part of this section and will refer to the HTML + CSS textbook frequently.</p>\\n<h4>Part 2: Responsive Design in Practice</h4>\\n<p>Students will apply competitive research findings to a content prototype, collecting, organizing and prioritizing the most important information. Students will begin an iterative design process using CSS, where theyll begin by mocking up design components in digital style tiles and then turning those components into reusable HTML/CSS pattern libraries. Students will learn the importance of designing a visual language for their websites using web typography, colors, user interface elements and layouts. Finally, the content and design will begin to come together in the form of prototypes. Students will learn how prototypes are tested with usability, technical and accessibility testing. Part 2 will end with the presentation and class critique of a website prototype and pattern library.</p>\\n<div class=\\\"page-break\\\"></div>\\n<h3>Assignments</h3>\\n<p>Student learning will be assessed through three types of work: in-class participation, in-class quizzes, short assignments and a multi-stage small group/individual project.</p>\\n<dl><dt>Graduate Students</dt>\\n<dd>Graduate student assignments may include a more challenging component than undergraduate assignments to support advanced mastery of the subject. When working in collaboration with an undergraduate student, only the graduate student is required to complete this component of the assignment.</dd>\\n</dl><p>There are <strong>100</strong> total possible points for the semester.</p>\\n<div class=\\\"table-float\\\">\\n<h4>In-Class Assignments/Quizzes</h4>\\n<table><thead><tr><th style=\\\"text-align:left;\\\">Assignment</th>\\n<th style=\\\"text-align:left;\\\">Points</th>\\n</tr></thead><tbody><tr><td>\\n<a href=\\\"/class/assignments/casestudy/\\\">Explore RWD</a>\\n</td>\\n<td>\\n4\\n</td>\\n</tr><tr><td>\\n<a href=\\\"/class/assignments/test/\\\">HTML/CSS Mini Exam</a>\\n</td>\\n<td>\\n10\\n</td>\\n</tr><tr><td>\\n<a href=\\\"/class/assignments/participation/\\\">In-Class Participation / Attendance</a>\\n</td>\\n<td>\\n4\\n</td>\\n</tr><tr><td>\\n<a href=\\\"/class/assignments/quizzes/\\\">In-Class Quizzes</a>\\n</td>\\n<td>\\n4\\n</td>\\n</tr><tr><td><strong>TOTAL</strong></td>\\n<td><strong>22</strong></td>\\n</tr></tbody></table></div>\\n<div class=\\\"table-float\\\">\\n<h4>CodePen Challenges</h4>\\n<table><thead><tr><th style=\\\"text-align:left;\\\">Assignment</th>\\n<th style=\\\"text-align:left;\\\">Points</th>\\n</tr></thead><tbody><tr><td>\\n<a href=\\\"/class/assignments/html/\\\">HTML Basics 1</a>\\n</td>\\n<td>\\n4\\n</td>\\n</tr><tr><td>\\n<a href=\\\"/class/assignments/html2/\\\">HTML Basics 2</a>\\n</td>\\n<td>\\n4\\n</td>\\n</tr><tr><td>\\n<a href=\\\"/class/assignments/css/\\\">CSS Basics 1</a>\\n</td>\\n<td>\\n4\\n</td>\\n</tr><tr><td>\\n<a href=\\\"/class/assignments/css2/\\\">CSS Basics 2</a>\\n</td>\\n<td>\\n4\\n</td>\\n</tr><tr><td>\\n<a href=\\\"/class/assignments/layout/\\\">Fonts and Media Queries</a>\\n</td>\\n<td>\\n5\\n</td>\\n</tr><tr><td>\\n<a href=\\\"/class/assignments/layout2/\\\">Flexible Boxes and Layout</a>\\n</td>\\n<td>\\n6\\n</td>\\n</tr><tr><td>\\n<a href=\\\"/class/assignments/layout3/\\\">CSS Grids</a>\\n</td>\\n<td>\\n6\\n</td>\\n</tr><tr><td><strong>TOTAL</strong></td>\\n<td><strong>33</strong></td>\\n</tr></tbody></table></div>\\n<div class=\\\"table-float\\\">\\n<h4>Semester Project Assignments</h4>\\n<table><thead><tr><th style=\\\"text-align:left;\\\">Assignment</th>\\n<th style=\\\"text-align:left;\\\">Points</th>\\n</tr></thead><tbody><tr><td>\\n<a href=\\\"/class/assignments/research/\\\">Research and Competitive Analysis</a>\\n</td>\\n<td>\\n5\\n</td>\\n</tr><tr><td>\\n<a href=\\\"/class/assignments/content/\\\">Content, Architecture and Sketching</a>\\n</td>\\n<td>\\n5\\n</td>\\n</tr><tr><td>\\n<a href=\\\"/class/assignments/style/\\\">Style Prototype and Mockups</a>\\n</td>\\n<td>\\n6\\n</td>\\n</tr><tr><td>\\n<a href=\\\"/class/assignments/testing/\\\">Usability and Technical Testing</a>\\n</td>\\n<td>\\n5\\n</td>\\n</tr><tr><td>\\n<a href=\\\"/class/assignments/templates/\\\">HTML/CSS Templates/Patterns</a>\\n</td>\\n<td>\\n15\\n</td>\\n</tr><tr><td>\\n<a href=\\\"/class/assignments/timeline-presentation/\\\">Project Hub, Pattern Library &amp; Review Session</a>\\n</td>\\n<td>\\n5\\n</td>\\n</tr><tr><td>\\n<a href=\\\"/class/assignments/assessment/\\\">Group and Self Assessment</a>\\n</td>\\n<td>\\n4\\n</td>\\n</tr><tr><td><strong>TOTAL</strong></td>\\n<td><strong>45</strong></td>\\n</tr></tbody></table></div>\\n<h3>Attendance Policy</h3>\\n<p>Well be covering many topics during class, as well as working in groups on exercises to help you master web design techniques. Therefore, attending each of the 15 classes is crucial. I will allow <strong>two missed classes</strong> for the semester. All subsequent absences will only be accepted for the following reasons: sickness (with medical note only), athletic event (with coachs note), religious observation, military responsibility (with documentation) and death in the family (with documentation).</p>\\n<p>Students who miss more than two classes without proper documentation will receive a 0 for their class participation grade for the semester.</p>\\n<p>If you miss class, you are still responsible for contacting the instructor to see what was assigned that day, as well as meeting all assignment deadlines.</p>\\n<p>Some assignments, such as in-class presentations, testing and quizzes, require attendance in order to receive full credit for the assignment.</p>\\n<h3>Late Submissions</h3>\\n<p>The assignments deadlines are to help you manage the workload and stay on track with the course. If an assignment will be late, students must contact the instructor and explain. Kent State accepts the following reasons for late assignments: sickness with medical note, athletic event (with coachs note), religious observation, military responsibility (with documentation), death in the family (with documentation).</p>\\n<p>My policy for late assignments has 3 rules:</p>\\n<ul><li>Late assignments will be accepted so long as you contact the instructor to indicate that it will be late and provide an explanation.</li>\\n<li>Late assignments must be submitted within 1 week of the original due date, without penalty, so long as the student meets the first rule. After 1 week the assignment will be marked as 0.</li>\\n<li>An additional extension may be possible in exceptional circumstances, with documentation. This requires a face-to-face conversation between the student and the instructor.</li>\\n</ul><h3>Group Work</h3>\\n<p>This class uses team-based learning for part or all of the semester. Students must agree to follow the <a href=\\\"../groups/policies\\\">Group Rules &amp; Expectations</a> throughout the course of the project.</p>\\n<h3>Grading</h3>\\n<p>Final letter grades will be assigned on the basis of the following table. Graduate student assignments will take into account additional advanced components (described within the assignment), differing from undergraduate assignments.</p>\\n<table><thead><tr><th style=\\\"text-align:left;\\\">Letter</th>\\n<th style=\\\"text-align:left;\\\">Percentage</th>\\n</tr></thead><tbody><tr><td style=\\\"text-align:left;\\\">A</td>\\n<td style=\\\"text-align:left;\\\">93% or higher</td>\\n</tr><tr><td style=\\\"text-align:left;\\\">A-</td>\\n<td style=\\\"text-align:left;\\\">90-92%</td>\\n</tr><tr><td style=\\\"text-align:left;\\\">B+</td>\\n<td style=\\\"text-align:left;\\\">87-89%</td>\\n</tr><tr><td style=\\\"text-align:left;\\\">B</td>\\n<td style=\\\"text-align:left;\\\">83-86%</td>\\n</tr><tr><td style=\\\"text-align:left;\\\">B-</td>\\n<td style=\\\"text-align:left;\\\">80-82%</td>\\n</tr><tr><td style=\\\"text-align:left;\\\">C</td>\\n<td style=\\\"text-align:left;\\\">70-79%</td>\\n</tr><tr><td style=\\\"text-align:left;\\\">D</td>\\n<td style=\\\"text-align:left;\\\">60-69%</td>\\n</tr><tr><td style=\\\"text-align:left;\\\">F</td>\\n<td style=\\\"text-align:left;\\\">&lt; 60%</td>\\n</tr></tbody></table><h3>Hardware &amp; Software</h3>\\n<ul><li>Although a laptop is not required, if you have a laptop you are encouraged to bring it to class, as it may be helpful for following along in class. Youll also be viewing and testing your work on multiple devices, so phones and tablets are encouraged.</li>\\n<li>Computers will be provided for in-class work, but you may be asked to share with another student. Students will also be permitted to work on these computers outside of class, when needed.</li>\\n<li>We will be using a variety of free and paid software programs and tools.</li>\\n<li>Paid software may only be used on university-owned computers and will be provided at no charge. If you would like to use paid software on your personal computer, you will need to purchase a license.</li>\\n<li>Software programs and tools to be used in the course include: Sketch, Illustrator, Atom, GitHub, web browsers and Google Drive.</li>\\n</ul><div class=\\\"page-break\\\"></div>\\n<h3>Communicating with the Instructor</h3>\\n<p>My office hours for this semester are:</p>\\n<ul><li>Tuesdays: 4:30 - 5:30 p.m.</li>\\n<li>Thursdays: 4:00 - 5:00 p.m.</li>\\n</ul><h4>Email</h4>\\n<p>My email address is <a href=\\\"/cdn-cgi/l/email-protection#3f5c575e53535e575e517f565b5a5e5d5e4c5a545a514b115c5052\\\"><span class=\\\"__cf_email__\\\">[email protected]</span></a>. Here is my email policy:</p>\\n<ul><li>I will usually respond within 24 hours during the week (Mon-Fri). Do not expect an immediate response.</li>\\n<li>I typically check email in the afternoons or evenings, not in the mornings.</li>\\n<li>I may not respond to email on weekends.</li>\\n</ul><h3>University Policies and Procedures</h3>\\n<p>The following policies and procedures apply to students enrolled at Kent State University. For a complete listing of university policies, please visit the Policy Register page on the Kent State University website.</p>\\n<h4>Course enrollment and withdrawal</h4>\\n<p>University policy requires all students to be officially registered in each class they are attending. Students who are not officially registered for a course by published deadlines should not be attending classes and will not receive credit or a grade for the course. Each student must confirm enrollment by checking his/her class schedule (using Student Tools in FlashFast) prior to the deadline indicated. Registration errors must be corrected prior to the deadline.</p>\\n<p>Every class has its own schedule of deadlines and considerations. To view the add/drop schedule and other important dates for this class, click the CRN link next to each course on View or Print Course Schedule and Purchase Textbooks or click the green clock from Add or Drop a Course from the Student Category/Resources Page/Courses and Registration Section in FlashLine to access course deadlines.</p>\\n<h4>Incomplete grades</h4>\\n<p>The administrative mark of IN (Incomplete) may be given to students who are unable to complete the work due to extenuating circumstances. To be eligible, undergraduate students must be currently passing and have completed at least 12 weeks of the semester. Graduate students must be currently earning a C or better grade and are unable to complete the required work between the course withdrawal deadline and the end of classes. The time line shall be adjusted appropriate for summer sessions and flexibly scheduled courses. Appropriate documentation is generally required to support the extenuating circumstance. The student must initiate the request for the Incomplete mark from the instructor, and it is the responsibility of the student to arrange to make up the incomplete work. Incomplete grades must be made up within one semester (not including summer sessions) for undergraduate students and one calendar year for graduate students. Unless the course is completed or an extension is granted, incomplete grades will automatically lapse to the grade designated on the Incomplete Mark Form at the end of one semester for undergraduate students and at the end of one year for graduate students.</p>\\n<h4>University use of electronic mail</h4>\\n<p>A university-assigned student email account shall be an official university means of communication with all students at Kent State University. Students are responsible for all information sent to them via their university-assigned email account. If a student chooses to forward information in their university email account, he or she is responsible for all information, including attachments, sent to any other email account. To stay current with university information, students are expected to check their official university email account and other electronic communications on a frequent and consistent basis. Recognizing that some communications may be time-critical, the university recommends that electronic communications be checked minimally twice a week.</p>\\n<h4>Plagiarism and academic integrity</h4>\\n<p>Students enrolled in the university, at all its campuses, are to perform their academic work according to standards set by faculty members, departments, schools and colleges of the university; and cheating and plagiarism constitute fraudulent misrepresentation for which no credit can be given and for which appropriate sanctions are warranted and will be applied. For more information: http://www.kent.edu/plagiarism.</p>\\n<h4>Students with disabilities</h4>\\n<p>University Policy 3342-3-01.3 requires that students with disabilities be provided reasonable accommodations to ensure their equal access to course content. If you have a documented disability and require accommodations, please contact the instructor at the beginning of the semester to make arrangements for necessary classroom adjustments. Please note, you must first verify your eligibility for these through Student Accessibility Services (contact 330-672-3391 or visit www.kent.edu/sas for more information on registration procedures).</p>\\n<h4>Student survey of instruction evaluation</h4>\\n<p>It is a standard practice of Kent State University to distribute and administer to the learners a confidential and anonymous questionnaire at the completion of the course. The results will be forwarded to the Instructor only at the completion of the class and the submission of all grades. The Instructor will then incorporate the feedback received in future course offerings and in his continual improvement of the course. Please candidly and honestly describe your opinions of the strengths and weakness you experienced as a learner in the course.</p>\\n<h4>Notice of my copyright and intellectual property rights</h4>\\n<p>Any intellectual property displayed or distributed to students during this course (including but not limited to powerpoints, notes, quizzes, examinations) by the professor/lecturer/instructor remains the intellectual property of the professor/lecturer/instructor. This means that the student may not distribute, publish or provide such intellectual property to any other person or entity for any reason, commercial or otherwise, without the express written permission of the professor/lecturer/instructor.</p>\",\"103\":[\"102\"]}}','2018-08-13 18:51:41','2018-08-13 18:51:41','08ef9a6b-28ad-4688-96a6-8c401f4e92be'),(38,103,27,1,1,2,'','{\"typeId\":\"27\",\"authorId\":\"1\",\"title\":\"Test Syllabus\",\"slug\":\"test-syllabus\",\"postDate\":1534186260,\"expiryDate\":null,\"enabled\":true,\"newParentId\":null,\"fields\":{\"103\":[\"102\"],\"104\":{\"104\":{\"type\":\"about\",\"enabled\":true,\"collapsed\":false,\"fields\":{\"body\":\"<p>Responsive web design isnt just a technical solution for web design - its an entire process that brings multiple disciplines together to form one product that works across multiple devices. The responsive design process includes user experience, content strategy, information architecture, visual design, development, usability testing and technical testing. Students who will succeed in this field will need to be familiar with not just one, but all of these processes, while working in a team-based environment.</p>\\n<p>In this course you will learn the fundamental principles for developing standards-based web sites from a mobile-first and content-first perspective. We will explore each aspect of an agile-inspired process, during which youll learn each step of what it takes to build a website and ensure its functionality for its users in terms of both usability and performance.</p>\"}},\"105\":{\"type\":\"prerequisites\",\"enabled\":true,\"collapsed\":false,\"fields\":{\"body\":\"<p>Sophomore standing. This course has no other prerequisites, however you must be proficient in basic web and computer applications. You will be expected to write HTML, CSS and light JavaScript code (familiarity with these will be helpful, but is not necessary). You will also be working in vector-based editing tools to help prototype visual designs. Success in this course will depend on your willingness to try learn new skills and collaborate with others from different backgrounds to solve complex problems.</p>\"}},\"106\":{\"type\":\"change\",\"enabled\":true,\"collapsed\":false,\"fields\":{\"body\":\"<p>The syllabus and course schedule may be subject to change. Changes will be communicated via email. It is the responsibility of students to check email messages and course announcements to stay current in the course.</p>\"}},\"107\":{\"type\":\"goals\",\"enabled\":true,\"collapsed\":false,\"fields\":{\"body\":\"<p>In this course, students will:</p>\\n<ul><li>Apply a modern workflow to a responsive web design, including competitive research techniques, content development, information architecture, design and development.</li>\\n<li>Gather and architect content for the web, with a focus on prioritizing content for use on multiple devices.</li>\\n<li>Rapidly prototype web design modules, developing style tiles and reusable patterns for colors, typography, layout and user interface elements.</li>\\n<li>Create interactive prototypes and wireframes in HTML/CSS, using standards-compliant HTML and CSS, media queries and responsive layouts.</li>\\n<li>Test prototypes for common performance, usability and web browser issues.</li>\\n<li>Use version control to create a staging server on which websites will be hosted and updated.</li>\\n<li>Work in a team environment, collaborating with students from a variety of disciplines.</li>\\n<li>Solve common web design problems both independently and as a group, through the use of online resources, books, videos and fellow students.</li>\\n</ul>\"}},\"108\":{\"type\":\"learning\",\"enabled\":true,\"collapsed\":false,\"fields\":{\"body\":\"<p>Most importantly, by the end of this course, students will be able to:</p>\\n<ul><li>Identify and write the most common HTML/CSS properties, with proper indentation and comments, and understand how to use these properties efficiently.</li>\\n<li>Organize and prioritize website content to fit information architecture best practices, including a mobile-first methodology.</li>\\n<li>Use media queries to create a responsive HTML/CSS/JavaScript prototype that accommodates multiple screen sizes and device types.</li>\\n<li>Speak intelligently about responsive web design and describe why its important to future clients, colleagues or employers.</li>\\n<li>Analyze predefined requirements and constraints that a client or employer may ask of a web designer, and creatively apply these to the solution.</li>\\n<li>Critique and speak intelligently about web design in terms of content, colors, typography, user interface elements and layout.</li>\\n<li>Coordinate a web design project and work with other team members to build deliverables along the way.</li>\\n<li>Understand the various roles that are essential to the web design process and appreciate the skills required for each discipline.</li>\\n<li>See themselves as capable and confident when working in code, even if they are not primarily developers. Be willing to cross organizational lines and take chances.</li>\\n<li>Be motivated to expand their knowledge of web design by following influential web designers and businesses that are currently implementing responsive design.</li>\\n<li>Understand how the student and their current area of study fits into a web design role (and their role as a communicator) and expand on their current background to be able to take on future roles in interactive media.</li>\\n<li>Understand how HTML/CSS prototypes integrate into large, dynamic content management systems and complex organizations.</li>\\n<li>Develop test plans and iterate on future design and content systems after identifying usability or technical issues.</li>\\n<li>Identify solutions to complex design/development problems and use online resources to expand knowledge of HTML/CSS processes.</li>\\n</ul>\"}},\"109\":{\"type\":\"materials\",\"enabled\":true,\"collapsed\":false,\"fields\":{\"body\":\"<p>There are 2 required textbooks for the course. One provides detailed examples and instructions for HTML/CSS, and the other provides more practical knowledge on web design topics:</p>\\n<ul><li><em><a href=\\\"https://www.amazon.com/HTML-CSS-Design-Build-Websites/dp/1118008189\\\">HTML and CSS: Design and Build Websites</a></em> by Jon Duckett, November 2011, Wiley. ($18.51 on Amazon)</li>\\n<li><em><a href=\\\"https://abookapart.com/products/responsive-web-design\\\">Responsive Web Design</a></em> by Ethan Marcotte, Second Edition, December 2014, A Book Apart. ($9.00/Ebook or $18.00/Paperback + Shipping)</li>\\n</ul><p>This course will also make use of video tutorials from Lynda.com (available at no charge to students taking this course), as well as free online readings and videos.</p>\"}},\"110\":{\"type\":\"structure\",\"enabled\":true,\"collapsed\":false,\"fields\":{\"body\":\"<p>This class will be held once a week and will have both a lecture/discussion and studio/lab component. Students will be assigned readings from a variety disciplines, authors and topics, which will be discussed during the first half of class. All students will have the opportunity to pair with a student from a different background to work on hands-on examples in class each week, as well as a long-term project that will span the semester. Short homework assignments will be given throughout the semester in order to master key topics.</p>\"}},\"111\":{\"type\":\"preparing\",\"enabled\":true,\"collapsed\":false,\"fields\":{\"body\":\"<p>Students are expected to come to class prepared. This means:</p>\\n<ul><li>Familiarization with the required readings or videos.</li>\\n<li>Readiness to participate in class discussions and activities.</li>\\n<li>Participating in class discussions and hands-on activities.</li>\\n<li>Completing assignments on time and submitting them properly to GitHub each week.</li>\\n</ul>\"}},\"112\":{\"type\":\"schedule\",\"enabled\":true,\"collapsed\":false,\"fields\":{\"body\":\"<p>This course will be divided into two parts. Readings, lecture notes and information on preparing for class will be posted to the <a href=\\\"http://www.rwdkent.com\\\">class website</a>.</p>\\n<p>Please see the <a href=\\\"http://www.rwdkent.com/class/schedule\\\">Detailed Course Schedule</a> for specific dates, times and assignments.</p>\"}},\"113\":{\"type\":\"assignments\",\"enabled\":true,\"collapsed\":false,\"fields\":[]},\"114\":{\"type\":\"attendance\",\"enabled\":true,\"collapsed\":false,\"fields\":{\"body\":\"<p>Well be covering many topics during class, as well as working in groups on exercises to help you master web design techniques. Therefore, attending each of the 15 classes is crucial. I will allow <strong>two missed classes</strong> for the semester. All subsequent absences will only be accepted for the following reasons: sickness (with medical note only), athletic event (with coachs note), religious observation, military responsibility (with documentation) and death in the family (with documentation).</p>\\n<p>Students who miss more than two classes without proper documentation will receive a 0 for their class participation grade for the semester.</p>\\n<p>If you miss class, you are still responsible for contacting the instructor to see what was assigned that day, as well as meeting all assignment deadlines.</p>\\n<p>Some assignments, such as in-class presentations, testing and quizzes, require attendance in order to receive full credit for the assignment.</p>\"}},\"115\":{\"type\":\"late\",\"enabled\":true,\"collapsed\":false,\"fields\":{\"body\":\"<p>The assignments deadlines are to help you manage the workload and stay on track with the course. If an assignment will be late, students must contact the instructor and explain. Kent State accepts the following reasons for late assignments: sickness with medical note, athletic event (with coachs note), religious observation, military responsibility (with documentation), death in the family (with documentation).</p>\\n<p>My policy for late assignments has 3 rules:</p>\\n<ul><li>Late assignments will be accepted so long as you contact the instructor to indicate that it will be late and provide an explanation.</li>\\n<li>Late assignments must be submitted within 1 week of the original due date, without penalty, so long as the student meets the first rule. After 1 week the assignment will be marked as 0.</li>\\n<li>An additional extension may be possible in exceptional circumstances, with documentation. This requires a face-to-face conversation between the student and the instructor.</li>\\n</ul>\"}},\"116\":{\"type\":\"group\",\"enabled\":true,\"collapsed\":false,\"fields\":{\"body\":\"<p>This class uses team-based learning for part or all of the semester. Students must agree to follow the <a href=\\\"../groups/policies\\\">Group Rules &amp; Expectations</a> throughout the course of the project.</p>\"}},\"117\":{\"type\":\"grading\",\"enabled\":true,\"collapsed\":false,\"fields\":{\"body\":\"<p>Final letter grades will be assigned on the basis of the following table. Graduate student assignments will take into account additional advanced components (described within the assignment), differing from undergraduate assignments.</p>\"}},\"118\":{\"type\":\"technology\",\"enabled\":true,\"collapsed\":false,\"fields\":{\"body\":\"<p>Final letter grades will be assigned on the basis of the following table. Graduate student assignments will take into account additional advanced components (described within the assignment), differing from undergraduate assignments.</p>\\n<table><thead><tr><th style=\\\"text-align:left;\\\">Letter</th>\\n<th style=\\\"text-align:left;\\\">Percentage</th>\\n</tr></thead><tbody><tr><td style=\\\"text-align:left;\\\">A</td>\\n<td style=\\\"text-align:left;\\\">93% or higher</td>\\n</tr><tr><td style=\\\"text-align:left;\\\">A-</td>\\n<td style=\\\"text-align:left;\\\">90-92%</td>\\n</tr><tr><td style=\\\"text-align:left;\\\">B+</td>\\n<td style=\\\"text-align:left;\\\">87-89%</td>\\n</tr><tr><td style=\\\"text-align:left;\\\">B</td>\\n<td style=\\\"text-align:left;\\\">83-86%</td>\\n</tr><tr><td style=\\\"text-align:left;\\\">B-</td>\\n<td style=\\\"text-align:left;\\\">80-82%</td>\\n</tr><tr><td style=\\\"text-align:left;\\\">C</td>\\n<td style=\\\"text-align:left;\\\">70-79%</td>\\n</tr><tr><td style=\\\"text-align:left;\\\">D</td>\\n<td style=\\\"text-align:left;\\\">60-69%</td>\\n</tr><tr><td style=\\\"text-align:left;\\\">F</td>\\n<td style=\\\"text-align:left;\\\">&lt; 60%</td>\\n</tr></tbody></table>\"}},\"119\":{\"type\":\"technology\",\"enabled\":true,\"collapsed\":false,\"fields\":{\"body\":\"<ul><li>Although a laptop is not required, if you have a laptop you are encouraged to bring it to class, as it may be helpful for following along in class. Youll also be viewing and testing your work on multiple devices, so phones and tablets are encouraged.</li>\\n<li>Computers will be provided for in-class work, but you may be asked to share with another student. Students will also be permitted to work on these computers outside of class, when needed.</li>\\n<li>We will be using a variety of free and paid software programs and tools.</li>\\n<li>Paid software may only be used on university-owned computers and will be provided at no charge. If you would like to use paid software on your personal computer, you will need to purchase a license.</li>\\n<li>Software programs and tools to be used in the course include: Sketch, Illustrator, Atom, GitHub, web browsers and Google Drive.</li>\\n</ul>\"}},\"120\":{\"type\":\"instructor\",\"enabled\":true,\"collapsed\":false,\"fields\":{\"body\":\"<p>My office hours for this semester are:</p>\\n<ul><li>Tuesdays: 4:30 - 5:30 p.m.</li>\\n<li>Thursdays: 4:00 - 5:00 p.m.</li>\\n</ul><h4>Email</h4>\\n<p>My email address is <a href=\\\"/cdn-cgi/l/email-protection#3f5c575e53535e575e517f565b5a5e5d5e4c5a545a514b115c5052\\\"><span class=\\\"__cf_email__\\\">[email protected]</span></a>. Here is my email policy:</p>\\n<ul><li>I will usually respond within 24 hours during the week (Mon-Fri). Do not expect an immediate response.</li>\\n<li>I typically check email in the afternoons or evenings, not in the mornings.</li>\\n<li>I may not respond to email on weekends.</li>\\n</ul>\"}},\"121\":{\"type\":\"university\",\"enabled\":true,\"collapsed\":false,\"fields\":{\"body\":\"a\"}}}}}','2018-08-13 19:26:53','2018-08-13 19:26:53','a65f3c5d-7783-4522-bccf-93a15af28552'),(39,103,27,1,1,3,'','{\"typeId\":\"27\",\"authorId\":\"1\",\"title\":\"Test Syllabus\",\"slug\":\"test-syllabus\",\"postDate\":1534186260,\"expiryDate\":null,\"enabled\":true,\"newParentId\":null,\"fields\":{\"103\":[\"102\"],\"104\":{\"104\":{\"type\":\"about\",\"enabled\":true,\"collapsed\":false,\"fields\":{\"body\":\"<p>Responsive web design isnt just a technical solution for web design - its an entire process that brings multiple disciplines together to form one product that works across multiple devices. The responsive design process includes user experience, content strategy, information architecture, visual design, development, usability testing and technical testing. Students who will succeed in this field will need to be familiar with not just one, but all of these processes, while working in a team-based environment.</p>\\n<p>In this course you will learn the fundamental principles for developing standards-based web sites from a mobile-first and content-first perspective. We will explore each aspect of an agile-inspired process, during which youll learn each step of what it takes to build a website and ensure its functionality for its users in terms of both usability and performance.</p>\"}},\"122\":{\"type\":\"topics\",\"enabled\":true,\"collapsed\":false,\"fields\":{\"body\":\"<p>Just a few of the topics planned to be covered in the Responsive Web Design course include:</p>\\n<ul><li>Atomic Design</li>\\n<li>Pattern Libraries and Style Guides</li>\\n<li>Sketching</li>\\n<li>User Research Techniques</li>\\n<li>Rapid Prototyping</li>\\n<li>HTML/CSS/JavaScript</li>\\n<li>Modern Web Design Workflows</li>\\n<li>Mobile Content Strategy</li>\\n<li>Browser Testing</li>\\n<li>Version Control</li>\\n<li>Paired and Team Coding</li>\\n<li>Mobile-First Design</li>\\n<li>Style Tiles and Web Design Techniques</li>\\n<li>Modern Web Layout Tools</li>\\n</ul>\"}},\"105\":{\"type\":\"prerequisites\",\"enabled\":true,\"collapsed\":false,\"fields\":{\"body\":\"<p>Sophomore standing. This course has no other prerequisites, however you must be proficient in basic web and computer applications. You will be expected to write HTML, CSS and light JavaScript code (familiarity with these will be helpful, but is not necessary). You will also be working in vector-based editing tools to help prototype visual designs. Success in this course will depend on your willingness to try learn new skills and collaborate with others from different backgrounds to solve complex problems.</p>\"}},\"106\":{\"type\":\"change\",\"enabled\":true,\"collapsed\":false,\"fields\":{\"body\":\"<p>The syllabus and course schedule may be subject to change. Changes will be communicated via email. It is the responsibility of students to check email messages and course announcements to stay current in the course.</p>\"}},\"107\":{\"type\":\"goals\",\"enabled\":true,\"collapsed\":false,\"fields\":{\"body\":\"<p>In this course, students will:</p>\\n<ul><li>Apply a modern workflow to a responsive web design, including competitive research techniques, content development, information architecture, design and development.</li>\\n<li>Gather and architect content for the web, with a focus on prioritizing content for use on multiple devices.</li>\\n<li>Rapidly prototype web design modules, developing style tiles and reusable patterns for colors, typography, layout and user interface elements.</li>\\n<li>Create interactive prototypes and wireframes in HTML/CSS, using standards-compliant HTML and CSS, media queries and responsive layouts.</li>\\n<li>Test prototypes for common performance, usability and web browser issues.</li>\\n<li>Use version control to create a staging server on which websites will be hosted and updated.</li>\\n<li>Work in a team environment, collaborating with students from a variety of disciplines.</li>\\n<li>Solve common web design problems both independently and as a group, through the use of online resources, books, videos and fellow students.</li>\\n</ul>\"}},\"108\":{\"type\":\"learning\",\"enabled\":true,\"collapsed\":false,\"fields\":{\"body\":\"<p>Most importantly, by the end of this course, students will be able to:</p>\\n<ul><li>Identify and write the most common HTML/CSS properties, with proper indentation and comments, and understand how to use these properties efficiently.</li>\\n<li>Organize and prioritize website content to fit information architecture best practices, including a mobile-first methodology.</li>\\n<li>Use media queries to create a responsive HTML/CSS/JavaScript prototype that accommodates multiple screen sizes and device types.</li>\\n<li>Speak intelligently about responsive web design and describe why its important to future clients, colleagues or employers.</li>\\n<li>Analyze predefined requirements and constraints that a client or employer may ask of a web designer, and creatively apply these to the solution.</li>\\n<li>Critique and speak intelligently about web design in terms of content, colors, typography, user interface elements and layout.</li>\\n<li>Coordinate a web design project and work with other team members to build deliverables along the way.</li>\\n<li>Understand the various roles that are essential to the web design process and appreciate the skills required for each discipline.</li>\\n<li>See themselves as capable and confident when working in code, even if they are not primarily developers. Be willing to cross organizational lines and take chances.</li>\\n<li>Be motivated to expand their knowledge of web design by following influential web designers and businesses that are currently implementing responsive design.</li>\\n<li>Understand how the student and their current area of study fits into a web design role (and their role as a communicator) and expand on their current background to be able to take on future roles in interactive media.</li>\\n<li>Understand how HTML/CSS prototypes integrate into large, dynamic content management systems and complex organizations.</li>\\n<li>Develop test plans and iterate on future design and content systems after identifying usability or technical issues.</li>\\n<li>Identify solutions to complex design/development problems and use online resources to expand knowledge of HTML/CSS processes.</li>\\n</ul>\"}},\"109\":{\"type\":\"materials\",\"enabled\":true,\"collapsed\":false,\"fields\":{\"body\":\"<p>There are 2 required textbooks for the course. One provides detailed examples and instructions for HTML/CSS, and the other provides more practical knowledge on web design topics:</p>\\n<ul><li><em><a href=\\\"https://www.amazon.com/HTML-CSS-Design-Build-Websites/dp/1118008189\\\">HTML and CSS: Design and Build Websites</a></em> by Jon Duckett, November 2011, Wiley. ($18.51 on Amazon)</li>\\n<li><em><a href=\\\"https://abookapart.com/products/responsive-web-design\\\">Responsive Web Design</a></em> by Ethan Marcotte, Second Edition, December 2014, A Book Apart. ($9.00/Ebook or $18.00/Paperback + Shipping)</li>\\n</ul><p>This course will also make use of video tutorials from Lynda.com (available at no charge to students taking this course), as well as free online readings and videos.</p>\"}},\"110\":{\"type\":\"structure\",\"enabled\":true,\"collapsed\":false,\"fields\":{\"body\":\"<p>This class will be held once a week and will have both a lecture/discussion and studio/lab component. Students will be assigned readings from a variety disciplines, authors and topics, which will be discussed during the first half of class. All students will have the opportunity to pair with a student from a different background to work on hands-on examples in class each week, as well as a long-term project that will span the semester. Short homework assignments will be given throughout the semester in order to master key topics.</p>\"}},\"111\":{\"type\":\"preparing\",\"enabled\":true,\"collapsed\":false,\"fields\":{\"body\":\"<p>Students are expected to come to class prepared. This means:</p>\\n<ul><li>Familiarization with the required readings or videos.</li>\\n<li>Readiness to participate in class discussions and activities.</li>\\n<li>Participating in class discussions and hands-on activities.</li>\\n<li>Completing assignments on time and submitting them properly to GitHub each week.</li>\\n</ul>\"}},\"112\":{\"type\":\"schedule\",\"enabled\":true,\"collapsed\":false,\"fields\":{\"body\":\"<p>This course will be divided into two parts. Readings, lecture notes and information on preparing for class will be posted to the <a href=\\\"http://www.rwdkent.com\\\">class website</a>.</p>\\n<p>Please see the <a href=\\\"http://www.rwdkent.com/class/schedule\\\">Detailed Course Schedule</a> for specific dates, times and assignments.</p>\"}},\"113\":{\"type\":\"assignments\",\"enabled\":true,\"collapsed\":false,\"fields\":[]},\"114\":{\"type\":\"attendance\",\"enabled\":true,\"collapsed\":false,\"fields\":{\"body\":\"<p>Well be covering many topics during class, as well as working in groups on exercises to help you master web design techniques. Therefore, attending each of the 15 classes is crucial. I will allow <strong>two missed classes</strong> for the semester. All subsequent absences will only be accepted for the following reasons: sickness (with medical note only), athletic event (with coachs note), religious observation, military responsibility (with documentation) and death in the family (with documentation).</p>\\n<p>Students who miss more than two classes without proper documentation will receive a 0 for their class participation grade for the semester.</p>\\n<p>If you miss class, you are still responsible for contacting the instructor to see what was assigned that day, as well as meeting all assignment deadlines.</p>\\n<p>Some assignments, such as in-class presentations, testing and quizzes, require attendance in order to receive full credit for the assignment.</p>\"}},\"115\":{\"type\":\"late\",\"enabled\":true,\"collapsed\":false,\"fields\":{\"body\":\"<p>The assignments deadlines are to help you manage the workload and stay on track with the course. If an assignment will be late, students must contact the instructor and explain. Kent State accepts the following reasons for late assignments: sickness with medical note, athletic event (with coachs note), religious observation, military responsibility (with documentation), death in the family (with documentation).</p>\\n<p>My policy for late assignments has 3 rules:</p>\\n<ul><li>Late assignments will be accepted so long as you contact the instructor to indicate that it will be late and provide an explanation.</li>\\n<li>Late assignments must be submitted within 1 week of the original due date, without penalty, so long as the student meets the first rule. After 1 week the assignment will be marked as 0.</li>\\n<li>An additional extension may be possible in exceptional circumstances, with documentation. This requires a face-to-face conversation between the student and the instructor.</li>\\n</ul>\"}},\"116\":{\"type\":\"group\",\"enabled\":true,\"collapsed\":false,\"fields\":{\"body\":\"<p>This class uses team-based learning for part or all of the semester. Students must agree to follow the <a href=\\\"../groups/policies\\\">Group Rules &amp; Expectations</a> throughout the course of the project.</p>\"}},\"117\":{\"type\":\"grading\",\"enabled\":true,\"collapsed\":false,\"fields\":{\"body\":\"<p>Final letter grades will be assigned on the basis of the following table. Graduate student assignments will take into account additional advanced components (described within the assignment), differing from undergraduate assignments.</p>\"}},\"118\":{\"type\":\"technology\",\"enabled\":true,\"collapsed\":false,\"fields\":{\"body\":\"<p>Final letter grades will be assigned on the basis of the following table. Graduate student assignments will take into account additional advanced components (described within the assignment), differing from undergraduate assignments.</p>\\n<table><thead><tr><th style=\\\"text-align:left;\\\">Letter</th>\\n<th style=\\\"text-align:left;\\\">Percentage</th>\\n</tr></thead><tbody><tr><td style=\\\"text-align:left;\\\">A</td>\\n<td style=\\\"text-align:left;\\\">93% or higher</td>\\n</tr><tr><td style=\\\"text-align:left;\\\">A-</td>\\n<td style=\\\"text-align:left;\\\">90-92%</td>\\n</tr><tr><td style=\\\"text-align:left;\\\">B+</td>\\n<td style=\\\"text-align:left;\\\">87-89%</td>\\n</tr><tr><td style=\\\"text-align:left;\\\">B</td>\\n<td style=\\\"text-align:left;\\\">83-86%</td>\\n</tr><tr><td style=\\\"text-align:left;\\\">B-</td>\\n<td style=\\\"text-align:left;\\\">80-82%</td>\\n</tr><tr><td style=\\\"text-align:left;\\\">C</td>\\n<td style=\\\"text-align:left;\\\">70-79%</td>\\n</tr><tr><td style=\\\"text-align:left;\\\">D</td>\\n<td style=\\\"text-align:left;\\\">60-69%</td>\\n</tr><tr><td style=\\\"text-align:left;\\\">F</td>\\n<td style=\\\"text-align:left;\\\">&lt; 60%</td>\\n</tr></tbody></table>\"}},\"119\":{\"type\":\"technology\",\"enabled\":true,\"collapsed\":false,\"fields\":{\"body\":\"<ul><li>Although a laptop is not required, if you have a laptop you are encouraged to bring it to class, as it may be helpful for following along in class. Youll also be viewing and testing your work on multiple devices, so phones and tablets are encouraged.</li>\\n<li>Computers will be provided for in-class work, but you may be asked to share with another student. Students will also be permitted to work on these computers outside of class, when needed.</li>\\n<li>We will be using a variety of free and paid software programs and tools.</li>\\n<li>Paid software may only be used on university-owned computers and will be provided at no charge. If you would like to use paid software on your personal computer, you will need to purchase a license.</li>\\n<li>Software programs and tools to be used in the course include: Sketch, Illustrator, Atom, GitHub, web browsers and Google Drive.</li>\\n</ul>\"}},\"120\":{\"type\":\"instructor\",\"enabled\":true,\"collapsed\":false,\"fields\":{\"body\":\"<p>My office hours for this semester are:</p>\\n<ul><li>Tuesdays: 4:30 - 5:30 p.m.</li>\\n<li>Thursdays: 4:00 - 5:00 p.m.</li>\\n</ul><h4>Email</h4>\\n<p>My email address is <a href=\\\"mailto:challahan@ideabasekent.com\\\">challahan@ideabasekent.com</a>. Here is my email policy:</p>\\n<ul><li>I will usually respond within 24 hours during the week (Mon-Fri). Do not expect an immediate response.</li>\\n<li>I typically check email in the afternoons or evenings, not in the mornings.</li>\\n<li>I may not respond to email on weekends.</li>\\n</ul>\"}},\"121\":{\"type\":\"university\",\"enabled\":true,\"collapsed\":false,\"fields\":{\"body\":\"<p>The following policies and procedures apply to students enrolled at Kent State University. For a complete listing of university policies, please visit the Policy Register page on the Kent State University website.</p>\\n<h4>Course enrollment and withdrawal</h4>\\n<p>University policy requires all students to be officially registered in each class they are attending. Students who are not officially registered for a course by published deadlines should not be attending classes and will not receive credit or a grade for the course. Each student must confirm enrollment by checking his/her class schedule (using Student Tools in FlashFast) prior to the deadline indicated. Registration errors must be corrected prior to the deadline.</p>\\n<p>Every class has its own schedule of deadlines and considerations. To view the add/drop schedule and other important dates for this class, click the CRN link next to each course on View or Print Course Schedule and Purchase Textbooks or click the green clock from Add or Drop a Course from the Student Category/Resources Page/Courses and Registration Section in FlashLine to access course deadlines.</p>\\n<h4>Incomplete grades</h4>\\n<p>The administrative mark of IN (Incomplete) may be given to students who are unable to complete the work due to extenuating circumstances. To be eligible, undergraduate students must be currently passing and have completed at least 12 weeks of the semester. Graduate students must be currently earning a C or better grade and are unable to complete the required work between the course withdrawal deadline and the end of classes. The time line shall be adjusted appropriate for summer sessions and flexibly scheduled courses. Appropriate documentation is generally required to support the extenuating circumstance. The student must initiate the request for the Incomplete mark from the instructor, and it is the responsibility of the student to arrange to make up the incomplete work. Incomplete grades must be made up within one semester (not including summer sessions) for undergraduate students and one calendar year for graduate students. Unless the course is completed or an extension is granted, incomplete grades will automatically lapse to the grade designated on the Incomplete Mark Form at the end of one semester for undergraduate students and at the end of one year for graduate students.</p>\\n<h4>University use of electronic mail</h4>\\n<p>A university-assigned student email account shall be an official university means of communication with all students at Kent State University. Students are responsible for all information sent to them via their university-assigned email account. If a student chooses to forward information in their university email account, he or she is responsible for all information, including attachments, sent to any other email account. To stay current with university information, students are expected to check their official university email account and other electronic communications on a frequent and consistent basis. Recognizing that some communications may be time-critical, the university recommends that electronic communications be checked minimally twice a week.</p>\\n<h4>Plagiarism and academic integrity</h4>\\n<p>Students enrolled in the university, at all its campuses, are to perform their academic work according to standards set by faculty members, departments, schools and colleges of the university; and cheating and plagiarism constitute fraudulent misrepresentation for which no credit can be given and for which appropriate sanctions are warranted and will be applied. For more information: http://www.kent.edu/plagiarism.</p>\\n<h4>Students with disabilities</h4>\\n<p>University Policy 3342-3-01.3 requires that students with disabilities be provided reasonable accommodations to ensure their equal access to course content. If you have a documented disability and require accommodations, please contact the instructor at the beginning of the semester to make arrangements for necessary classroom adjustments. Please note, you must first verify your eligibility for these through Student Accessibility Services (contact 330-672-3391 or visit www.kent.edu/sas for more information on registration procedures).</p>\\n<h4>Student survey of instruction evaluation</h4>\\n<p>It is a standard practice of Kent State University to distribute and administer to the learners a confidential and anonymous questionnaire at the completion of the course. The results will be forwarded to the Instructor only at the completion of the class and the submission of all grades. The Instructor will then incorporate the feedback received in future course offerings and in his continual improvement of the course. Please candidly and honestly describe your opinions of the strengths and weakness you experienced as a learner in the course.</p>\\n<h4>Notice of my copyright and intellectual property rights</h4>\\n<p>Any intellectual property displayed or distributed to students during this course (including but not limited to powerpoints, notes, quizzes, examinations) by the professor/lecturer/instructor remains the intellectual property of the professor/lecturer/instructor. This means that the student may not distribute, publish or provide such intellectual property to any other person or entity for any reason, commercial or otherwise, without the express written permission of the professor/lecturer/instructor.</p>\"}}}}}','2018-08-13 19:32:32','2018-08-13 19:32:32','9252dc1d-1dc8-435f-ae0a-3f09a1d0c7e8'),(40,103,27,1,1,4,'','{\"typeId\":\"27\",\"authorId\":\"1\",\"title\":\"Syllabus - Responsive Web Design\",\"slug\":\"test-syllabus\",\"postDate\":1534186260,\"expiryDate\":null,\"enabled\":true,\"newParentId\":null,\"fields\":{\"103\":[\"102\"],\"104\":{\"104\":{\"type\":\"about\",\"enabled\":true,\"collapsed\":false,\"fields\":{\"body\":\"<p>Responsive web design isnt just a technical solution for web design - its an entire process that brings multiple disciplines together to form one product that works across multiple devices. The responsive design process includes user experience, content strategy, information architecture, visual design, development, usability testing and technical testing. Students who will succeed in this field will need to be familiar with not just one, but all of these processes, while working in a team-based environment.</p>\\n<p>In this course you will learn the fundamental principles for developing standards-based web sites from a mobile-first and content-first perspective. We will explore each aspect of an agile-inspired process, during which youll learn each step of what it takes to build a website and ensure its functionality for its users in terms of both usability and performance.</p>\"}},\"122\":{\"type\":\"topics\",\"enabled\":true,\"collapsed\":false,\"fields\":{\"body\":\"<p>Just a few of the topics planned to be covered in the Responsive Web Design course include:</p>\\n<ul><li>Atomic Design</li>\\n<li>Pattern Libraries and Style Guides</li>\\n<li>Sketching</li>\\n<li>User Research Techniques</li>\\n<li>Rapid Prototyping</li>\\n<li>HTML/CSS/JavaScript</li>\\n<li>Modern Web Design Workflows</li>\\n<li>Mobile Content Strategy</li>\\n<li>Browser Testing</li>\\n<li>Version Control</li>\\n<li>Paired and Team Coding</li>\\n<li>Mobile-First Design</li>\\n<li>Style Tiles and Web Design Techniques</li>\\n<li>Modern Web Layout Tools</li>\\n</ul>\"}},\"105\":{\"type\":\"prerequisites\",\"enabled\":true,\"collapsed\":false,\"fields\":{\"body\":\"<p>Sophomore standing. This course has no other prerequisites, however you must be proficient in basic web and computer applications. You will be expected to write HTML, CSS and light JavaScript code (familiarity with these will be helpful, but is not necessary). You will also be working in vector-based editing tools to help prototype visual designs. Success in this course will depend on your willingness to try learn new skills and collaborate with others from different backgrounds to solve complex problems.</p>\"}},\"106\":{\"type\":\"change\",\"enabled\":true,\"collapsed\":false,\"fields\":{\"body\":\"<p>The syllabus and course schedule may be subject to change. Changes will be communicated via email. It is the responsibility of students to check email messages and course announcements to stay current in the course.</p>\"}},\"107\":{\"type\":\"goals\",\"enabled\":true,\"collapsed\":false,\"fields\":{\"body\":\"<p>In this course, students will:</p>\\n<ul><li>Apply a modern workflow to a responsive web design, including competitive research techniques, content development, information architecture, design and development.</li>\\n<li>Gather and architect content for the web, with a focus on prioritizing content for use on multiple devices.</li>\\n<li>Rapidly prototype web design modules, developing style tiles and reusable patterns for colors, typography, layout and user interface elements.</li>\\n<li>Create interactive prototypes and wireframes in HTML/CSS, using standards-compliant HTML and CSS, media queries and responsive layouts.</li>\\n<li>Test prototypes for common performance, usability and web browser issues.</li>\\n<li>Use version control to create a staging server on which websites will be hosted and updated.</li>\\n<li>Work in a team environment, collaborating with students from a variety of disciplines.</li>\\n<li>Solve common web design problems both independently and as a group, through the use of online resources, books, videos and fellow students.</li>\\n</ul>\"}},\"108\":{\"type\":\"learning\",\"enabled\":true,\"collapsed\":false,\"fields\":{\"body\":\"<p>Most importantly, by the end of this course, students will be able to:</p>\\n<ul><li>Identify and write the most common HTML/CSS properties, with proper indentation and comments, and understand how to use these properties efficiently.</li>\\n<li>Organize and prioritize website content to fit information architecture best practices, including a mobile-first methodology.</li>\\n<li>Use media queries to create a responsive HTML/CSS/JavaScript prototype that accommodates multiple screen sizes and device types.</li>\\n<li>Speak intelligently about responsive web design and describe why its important to future clients, colleagues or employers.</li>\\n<li>Analyze predefined requirements and constraints that a client or employer may ask of a web designer, and creatively apply these to the solution.</li>\\n<li>Critique and speak intelligently about web design in terms of content, colors, typography, user interface elements and layout.</li>\\n<li>Coordinate a web design project and work with other team members to build deliverables along the way.</li>\\n<li>Understand the various roles that are essential to the web design process and appreciate the skills required for each discipline.</li>\\n<li>See themselves as capable and confident when working in code, even if they are not primarily developers. Be willing to cross organizational lines and take chances.</li>\\n<li>Be motivated to expand their knowledge of web design by following influential web designers and businesses that are currently implementing responsive design.</li>\\n<li>Understand how the student and their current area of study fits into a web design role (and their role as a communicator) and expand on their current background to be able to take on future roles in interactive media.</li>\\n<li>Understand how HTML/CSS prototypes integrate into large, dynamic content management systems and complex organizations.</li>\\n<li>Develop test plans and iterate on future design and content systems after identifying usability or technical issues.</li>\\n<li>Identify solutions to complex design/development problems and use online resources to expand knowledge of HTML/CSS processes.</li>\\n</ul>\"}},\"109\":{\"type\":\"materials\",\"enabled\":true,\"collapsed\":false,\"fields\":{\"body\":\"<p>There are 2 required textbooks for the course. One provides detailed examples and instructions for HTML/CSS, and the other provides more practical knowledge on web design topics:</p>\\n<ul><li><em><a href=\\\"https://www.amazon.com/HTML-CSS-Design-Build-Websites/dp/1118008189\\\">HTML and CSS: Design and Build Websites</a></em> by Jon Duckett, November 2011, Wiley. ($18.51 on Amazon)</li>\\n<li><em><a href=\\\"https://abookapart.com/products/responsive-web-design\\\">Responsive Web Design</a></em> by Ethan Marcotte, Second Edition, December 2014, A Book Apart. ($9.00/Ebook or $18.00/Paperback + Shipping)</li>\\n</ul><p>This course will also make use of video tutorials from Lynda.com (available at no charge to students taking this course), as well as free online readings and videos.</p>\"}},\"110\":{\"type\":\"structure\",\"enabled\":true,\"collapsed\":false,\"fields\":{\"body\":\"<p>This class will be held once a week and will have both a lecture/discussion and studio/lab component. Students will be assigned readings from a variety disciplines, authors and topics, which will be discussed during the first half of class. All students will have the opportunity to pair with a student from a different background to work on hands-on examples in class each week, as well as a long-term project that will span the semester. Short homework assignments will be given throughout the semester in order to master key topics.</p>\"}},\"111\":{\"type\":\"preparing\",\"enabled\":true,\"collapsed\":false,\"fields\":{\"body\":\"<p>Students are expected to come to class prepared. This means:</p>\\n<ul><li>Familiarization with the required readings or videos.</li>\\n<li>Readiness to participate in class discussions and activities.</li>\\n<li>Participating in class discussions and hands-on activities.</li>\\n<li>Completing assignments on time and submitting them properly to GitHub each week.</li>\\n</ul>\"}},\"112\":{\"type\":\"schedule\",\"enabled\":true,\"collapsed\":false,\"fields\":{\"body\":\"<p>This course will be divided into two parts. Readings, lecture notes and information on preparing for class will be posted to the <a href=\\\"http://www.rwdkent.com\\\">class website</a>.</p>\\n<p>Please see the <a href=\\\"http://www.rwdkent.com/class/schedule\\\">Detailed Course Schedule</a> for specific dates, times and assignments.</p>\"}},\"113\":{\"type\":\"assignments\",\"enabled\":true,\"collapsed\":false,\"fields\":[]},\"114\":{\"type\":\"attendance\",\"enabled\":true,\"collapsed\":false,\"fields\":{\"body\":\"<p>Well be covering many topics during class, as well as working in groups on exercises to help you master web design techniques. Therefore, attending each of the 15 classes is crucial. I will allow <strong>two missed classes</strong> for the semester. All subsequent absences will only be accepted for the following reasons: sickness (with medical note only), athletic event (with coachs note), religious observation, military responsibility (with documentation) and death in the family (with documentation).</p>\\n<p>Students who miss more than two classes without proper documentation will receive a 0 for their class participation grade for the semester.</p>\\n<p>If you miss class, you are still responsible for contacting the instructor to see what was assigned that day, as well as meeting all assignment deadlines.</p>\\n<p>Some assignments, such as in-class presentations, testing and quizzes, require attendance in order to receive full credit for the assignment.</p>\"}},\"115\":{\"type\":\"late\",\"enabled\":true,\"collapsed\":false,\"fields\":{\"body\":\"<p>The assignments deadlines are to help you manage the workload and stay on track with the course. If an assignment will be late, students must contact the instructor and explain. Kent State accepts the following reasons for late assignments: sickness with medical note, athletic event (with coachs note), religious observation, military responsibility (with documentation), death in the family (with documentation).</p>\\n<p>My policy for late assignments has 3 rules:</p>\\n<ul><li>Late assignments will be accepted so long as you contact the instructor to indicate that it will be late and provide an explanation.</li>\\n<li>Late assignments must be submitted within 1 week of the original due date, without penalty, so long as the student meets the first rule. After 1 week the assignment will be marked as 0.</li>\\n<li>An additional extension may be possible in exceptional circumstances, with documentation. This requires a face-to-face conversation between the student and the instructor.</li>\\n</ul>\"}},\"116\":{\"type\":\"group\",\"enabled\":true,\"collapsed\":false,\"fields\":{\"body\":\"<p>This class uses team-based learning for part or all of the semester. Students must agree to follow the <a href=\\\"../groups/policies\\\">Group Rules &amp; Expectations</a> throughout the course of the project.</p>\"}},\"117\":{\"type\":\"grading\",\"enabled\":true,\"collapsed\":false,\"fields\":{\"body\":\"<p>Final letter grades will be assigned on the basis of the following table. Graduate student assignments will take into account additional advanced components (described within the assignment), differing from undergraduate assignments.</p>\"}},\"118\":{\"type\":\"technology\",\"enabled\":true,\"collapsed\":false,\"fields\":{\"body\":\"<p>Final letter grades will be assigned on the basis of the following table. Graduate student assignments will take into account additional advanced components (described within the assignment), differing from undergraduate assignments.</p>\\n<table><thead><tr><th style=\\\"text-align:left;\\\">Letter</th>\\n<th style=\\\"text-align:left;\\\">Percentage</th>\\n</tr></thead><tbody><tr><td style=\\\"text-align:left;\\\">A</td>\\n<td style=\\\"text-align:left;\\\">93% or higher</td>\\n</tr><tr><td style=\\\"text-align:left;\\\">A-</td>\\n<td style=\\\"text-align:left;\\\">90-92%</td>\\n</tr><tr><td style=\\\"text-align:left;\\\">B+</td>\\n<td style=\\\"text-align:left;\\\">87-89%</td>\\n</tr><tr><td style=\\\"text-align:left;\\\">B</td>\\n<td style=\\\"text-align:left;\\\">83-86%</td>\\n</tr><tr><td style=\\\"text-align:left;\\\">B-</td>\\n<td style=\\\"text-align:left;\\\">80-82%</td>\\n</tr><tr><td style=\\\"text-align:left;\\\">C</td>\\n<td style=\\\"text-align:left;\\\">70-79%</td>\\n</tr><tr><td style=\\\"text-align:left;\\\">D</td>\\n<td style=\\\"text-align:left;\\\">60-69%</td>\\n</tr><tr><td style=\\\"text-align:left;\\\">F</td>\\n<td style=\\\"text-align:left;\\\">&lt; 60%</td>\\n</tr></tbody></table>\"}},\"119\":{\"type\":\"technology\",\"enabled\":true,\"collapsed\":false,\"fields\":{\"body\":\"<ul><li>Although a laptop is not required, if you have a laptop you are encouraged to bring it to class, as it may be helpful for following along in class. Youll also be viewing and testing your work on multiple devices, so phones and tablets are encouraged.</li>\\n<li>Computers will be provided for in-class work, but you may be asked to share with another student. Students will also be permitted to work on these computers outside of class, when needed.</li>\\n<li>We will be using a variety of free and paid software programs and tools.</li>\\n<li>Paid software may only be used on university-owned computers and will be provided at no charge. If you would like to use paid software on your personal computer, you will need to purchase a license.</li>\\n<li>Software programs and tools to be used in the course include: Sketch, Illustrator, Atom, GitHub, web browsers and Google Drive.</li>\\n</ul>\"}},\"120\":{\"type\":\"instructor\",\"enabled\":true,\"collapsed\":false,\"fields\":{\"body\":\"<p>My office hours for this semester are:</p>\\n<ul><li>Tuesdays: 4:30 - 5:30 p.m.</li>\\n<li>Thursdays: 4:00 - 5:00 p.m.</li>\\n</ul><h4>Email</h4>\\n<p>My email address is <a href=\\\"mailto:challahan@ideabasekent.com\\\">challahan@ideabasekent.com</a>. Here is my email policy:</p>\\n<ul><li>I will usually respond within 24 hours during the week (Mon-Fri). Do not expect an immediate response.</li>\\n<li>I typically check email in the afternoons or evenings, not in the mornings.</li>\\n<li>I may not respond to email on weekends.</li>\\n</ul>\"}},\"121\":{\"type\":\"university\",\"enabled\":true,\"collapsed\":false,\"fields\":{\"body\":\"<p>The following policies and procedures apply to students enrolled at Kent State University. For a complete listing of university policies, please visit the Policy Register page on the Kent State University website.</p>\\n<h4>Course enrollment and withdrawal</h4>\\n<p>University policy requires all students to be officially registered in each class they are attending. Students who are not officially registered for a course by published deadlines should not be attending classes and will not receive credit or a grade for the course. Each student must confirm enrollment by checking his/her class schedule (using Student Tools in FlashFast) prior to the deadline indicated. Registration errors must be corrected prior to the deadline.</p>\\n<p>Every class has its own schedule of deadlines and considerations. To view the add/drop schedule and other important dates for this class, click the CRN link next to each course on View or Print Course Schedule and Purchase Textbooks or click the green clock from Add or Drop a Course from the Student Category/Resources Page/Courses and Registration Section in FlashLine to access course deadlines.</p>\\n<h4>Incomplete grades</h4>\\n<p>The administrative mark of IN (Incomplete) may be given to students who are unable to complete the work due to extenuating circumstances. To be eligible, undergraduate students must be currently passing and have completed at least 12 weeks of the semester. Graduate students must be currently earning a C or better grade and are unable to complete the required work between the course withdrawal deadline and the end of classes. The time line shall be adjusted appropriate for summer sessions and flexibly scheduled courses. Appropriate documentation is generally required to support the extenuating circumstance. The student must initiate the request for the Incomplete mark from the instructor, and it is the responsibility of the student to arrange to make up the incomplete work. Incomplete grades must be made up within one semester (not including summer sessions) for undergraduate students and one calendar year for graduate students. Unless the course is completed or an extension is granted, incomplete grades will automatically lapse to the grade designated on the Incomplete Mark Form at the end of one semester for undergraduate students and at the end of one year for graduate students.</p>\\n<h4>University use of electronic mail</h4>\\n<p>A university-assigned student email account shall be an official university means of communication with all students at Kent State University. Students are responsible for all information sent to them via their university-assigned email account. If a student chooses to forward information in their university email account, he or she is responsible for all information, including attachments, sent to any other email account. To stay current with university information, students are expected to check their official university email account and other electronic communications on a frequent and consistent basis. Recognizing that some communications may be time-critical, the university recommends that electronic communications be checked minimally twice a week.</p>\\n<h4>Plagiarism and academic integrity</h4>\\n<p>Students enrolled in the university, at all its campuses, are to perform their academic work according to standards set by faculty members, departments, schools and colleges of the university; and cheating and plagiarism constitute fraudulent misrepresentation for which no credit can be given and for which appropriate sanctions are warranted and will be applied. For more information: http://www.kent.edu/plagiarism.</p>\\n<h4>Students with disabilities</h4>\\n<p>University Policy 3342-3-01.3 requires that students with disabilities be provided reasonable accommodations to ensure their equal access to course content. If you have a documented disability and require accommodations, please contact the instructor at the beginning of the semester to make arrangements for necessary classroom adjustments. Please note, you must first verify your eligibility for these through Student Accessibility Services (contact 330-672-3391 or visit <a href=\\\"http://www.kent.edu/sas\\\" class=\\\"redactor-autoparser-object\\\">www.kent.edu/sas</a> for more information on registration procedures).</p>\\n<h4>Student survey of instruction evaluation</h4>\\n<p>It is a standard practice of Kent State University to distribute and administer to the learners a confidential and anonymous questionnaire at the completion of the course. The results will be forwarded to the Instructor only at the completion of the class and the submission of all grades. The Instructor will then incorporate the feedback received in future course offerings and in his continual improvement of the course. Please candidly and honestly describe your opinions of the strengths and weakness you experienced as a learner in the course.</p>\\n<h4>Notice of my copyright and intellectual property rights</h4>\\n<p>Any intellectual property displayed or distributed to students during this course (including but not limited to powerpoints, notes, quizzes, examinations) by the professor/lecturer/instructor remains the intellectual property of the professor/lecturer/instructor. This means that the student may not distribute, publish or provide such intellectual property to any other person or entity for any reason, commercial or otherwise, without the express written permission of the professor/lecturer/instructor.</p>\"}}}}}','2018-08-13 19:33:57','2018-08-13 19:33:57','139cf0e1-5381-4cd8-94d3-f114f0c436f2'),(41,103,27,1,1,5,'','{\"typeId\":\"27\",\"authorId\":\"1\",\"title\":\"Syllabus - Responsive Web Design\",\"slug\":\"test-syllabus\",\"postDate\":1534186260,\"expiryDate\":null,\"enabled\":true,\"newParentId\":null,\"fields\":{\"103\":[\"102\"],\"104\":{\"104\":{\"type\":\"about\",\"enabled\":true,\"collapsed\":false,\"fields\":{\"body\":\"<p>Responsive web design isnt just a technical solution for web design - its an entire process that brings multiple disciplines together to form one product that works across multiple devices. The responsive design process includes user experience, content strategy, information architecture, visual design, development, usability testing and technical testing. Students who will succeed in this field will need to be familiar with not just one, but all of these processes, while working in a team-based environment.</p>\\n<p>In this course you will learn the fundamental principles for developing standards-based web sites from a mobile-first and content-first perspective. We will explore each aspect of an agile-inspired process, during which youll learn each step of what it takes to build a website and ensure its functionality for its users in terms of both usability and performance.</p>\\n<p>Just a few of the topics planned to be covered in the Responsive Web Design course include:</p>\\n<h4>Topics</h4>\\n<ul><li>Atomic Design</li>\\n<li>Pattern Libraries and Style Guides</li>\\n<li>Sketching</li>\\n<li>User Research Techniques</li>\\n<li>Rapid Prototyping</li>\\n<li>HTML/CSS/JavaScript</li>\\n<li>Modern Web Design Workflows</li>\\n<li>Mobile Content Strategy</li>\\n<li>Browser Testing</li>\\n<li>Version Control</li>\\n<li>Paired and Team Coding</li>\\n<li>Mobile-First Design</li>\\n<li>Style Tiles and Web Design Techniques</li>\\n<li>Modern Web Layout Tools</li>\\n</ul>\"}},\"122\":{\"type\":\"topics\",\"enabled\":true,\"collapsed\":false,\"fields\":{\"body\":\"<p>Just a few of the topics planned to be covered in the Responsive Web Design course include:</p>\\n<ul><li>Atomic Design</li>\\n<li>Pattern Libraries and Style Guides</li>\\n<li>Sketching</li>\\n<li>User Research Techniques</li>\\n<li>Rapid Prototyping</li>\\n<li>HTML/CSS/JavaScript</li>\\n<li>Modern Web Design Workflows</li>\\n<li>Mobile Content Strategy</li>\\n<li>Browser Testing</li>\\n<li>Version Control</li>\\n<li>Paired and Team Coding</li>\\n<li>Mobile-First Design</li>\\n<li>Style Tiles and Web Design Techniques</li>\\n<li>Modern Web Layout Tools</li>\\n</ul>\"}},\"105\":{\"type\":\"prerequisites\",\"enabled\":true,\"collapsed\":false,\"fields\":{\"body\":\"<p>Sophomore standing. This course has no other prerequisites, however you must be proficient in basic web and computer applications. You will be expected to write HTML, CSS and light JavaScript code (familiarity with these will be helpful, but is not necessary). You will also be working in vector-based editing tools to help prototype visual designs. Success in this course will depend on your willingness to try learn new skills and collaborate with others from different backgrounds to solve complex problems.</p>\"}},\"106\":{\"type\":\"change\",\"enabled\":true,\"collapsed\":false,\"fields\":{\"body\":\"<p>The syllabus and course schedule may be subject to change. Changes will be communicated via email. It is the responsibility of students to check email messages and course announcements to stay current in the course.</p>\"}},\"107\":{\"type\":\"goals\",\"enabled\":true,\"collapsed\":false,\"fields\":{\"body\":\"<p>In this course, students will:</p>\\n<ul><li>Apply a modern workflow to a responsive web design, including competitive research techniques, content development, information architecture, design and development.</li>\\n<li>Gather and architect content for the web, with a focus on prioritizing content for use on multiple devices.</li>\\n<li>Rapidly prototype web design modules, developing style tiles and reusable patterns for colors, typography, layout and user interface elements.</li>\\n<li>Create interactive prototypes and wireframes in HTML/CSS, using standards-compliant HTML and CSS, media queries and responsive layouts.</li>\\n<li>Test prototypes for common performance, usability and web browser issues.</li>\\n<li>Use version control to create a staging server on which websites will be hosted and updated.</li>\\n<li>Work in a team environment, collaborating with students from a variety of disciplines.</li>\\n<li>Solve common web design problems both independently and as a group, through the use of online resources, books, videos and fellow students.</li>\\n</ul>\"}},\"108\":{\"type\":\"learning\",\"enabled\":true,\"collapsed\":false,\"fields\":{\"body\":\"<p>Most importantly, by the end of this course, students will be able to:</p>\\n<ul><li>Identify and write the most common HTML/CSS properties, with proper indentation and comments, and understand how to use these properties efficiently.</li>\\n<li>Organize and prioritize website content to fit information architecture best practices, including a mobile-first methodology.</li>\\n<li>Use media queries to create a responsive HTML/CSS/JavaScript prototype that accommodates multiple screen sizes and device types.</li>\\n<li>Speak intelligently about responsive web design and describe why its important to future clients, colleagues or employers.</li>\\n<li>Analyze predefined requirements and constraints that a client or employer may ask of a web designer, and creatively apply these to the solution.</li>\\n<li>Critique and speak intelligently about web design in terms of content, colors, typography, user interface elements and layout.</li>\\n<li>Coordinate a web design project and work with other team members to build deliverables along the way.</li>\\n<li>Understand the various roles that are essential to the web design process and appreciate the skills required for each discipline.</li>\\n<li>See themselves as capable and confident when working in code, even if they are not primarily developers. Be willing to cross organizational lines and take chances.</li>\\n<li>Be motivated to expand their knowledge of web design by following influential web designers and businesses that are currently implementing responsive design.</li>\\n<li>Understand how the student and their current area of study fits into a web design role (and their role as a communicator) and expand on their current background to be able to take on future roles in interactive media.</li>\\n<li>Understand how HTML/CSS prototypes integrate into large, dynamic content management systems and complex organizations.</li>\\n<li>Develop test plans and iterate on future design and content systems after identifying usability or technical issues.</li>\\n<li>Identify solutions to complex design/development problems and use online resources to expand knowledge of HTML/CSS processes.</li>\\n</ul>\"}},\"109\":{\"type\":\"materials\",\"enabled\":true,\"collapsed\":false,\"fields\":{\"body\":\"<p>There are 2 required textbooks for the course. One provides detailed examples and instructions for HTML/CSS, and the other provides more practical knowledge on web design topics:</p>\\n<ul><li><em><a href=\\\"https://www.amazon.com/HTML-CSS-Design-Build-Websites/dp/1118008189\\\">HTML and CSS: Design and Build Websites</a></em> by Jon Duckett, November 2011, Wiley. ($18.51 on Amazon)</li>\\n<li><em><a href=\\\"https://abookapart.com/products/responsive-web-design\\\">Responsive Web Design</a></em> by Ethan Marcotte, Second Edition, December 2014, A Book Apart. ($9.00/Ebook or $18.00/Paperback + Shipping)</li>\\n</ul><p>This course will also make use of video tutorials from Lynda.com (available at no charge to students taking this course), as well as free online readings and videos.</p>\"}},\"110\":{\"type\":\"structure\",\"enabled\":true,\"collapsed\":false,\"fields\":{\"body\":\"<p>This class will be held once a week and will have both a lecture/discussion and studio/lab component. Students will be assigned readings from a variety disciplines, authors and topics, which will be discussed during the first half of class. All students will have the opportunity to pair with a student from a different background to work on hands-on examples in class each week, as well as a long-term project that will span the semester. Short homework assignments will be given throughout the semester in order to master key topics.</p>\"}},\"111\":{\"type\":\"preparing\",\"enabled\":true,\"collapsed\":false,\"fields\":{\"body\":\"<p>Students are expected to come to class prepared. This means:</p>\\n<ul><li>Familiarization with the required readings or videos.</li>\\n<li>Readiness to participate in class discussions and activities.</li>\\n<li>Participating in class discussions and hands-on activities.</li>\\n<li>Completing assignments on time and submitting them properly to GitHub each week.</li>\\n</ul>\"}},\"112\":{\"type\":\"schedule\",\"enabled\":true,\"collapsed\":false,\"fields\":{\"body\":\"<p>This course will be divided into two parts. Readings, lecture notes and information on preparing for class will be posted to the <a href=\\\"http://www.rwdkent.com\\\">class website</a>.</p>\\n<p>Please see the <a href=\\\"http://www.rwdkent.com/class/schedule\\\">Detailed Course Schedule</a> for specific dates, times and assignments.</p>\"}},\"113\":{\"type\":\"assignments\",\"enabled\":true,\"collapsed\":false,\"fields\":[]},\"114\":{\"type\":\"attendance\",\"enabled\":true,\"collapsed\":false,\"fields\":{\"body\":\"<p>Well be covering many topics during class, as well as working in groups on exercises to help you master web design techniques. Therefore, attending each of the 15 classes is crucial. I will allow <strong>two missed classes</strong> for the semester. All subsequent absences will only be accepted for the following reasons: sickness (with medical note only), athletic event (with coachs note), religious observation, military responsibility (with documentation) and death in the family (with documentation).</p>\\n<p>Students who miss more than two classes without proper documentation will receive a 0 for their class participation grade for the semester.</p>\\n<p>If you miss class, you are still responsible for contacting the instructor to see what was assigned that day, as well as meeting all assignment deadlines.</p>\\n<p>Some assignments, such as in-class presentations, testing and quizzes, require attendance in order to receive full credit for the assignment.</p>\"}},\"115\":{\"type\":\"late\",\"enabled\":true,\"collapsed\":false,\"fields\":{\"body\":\"<p>The assignments deadlines are to help you manage the workload and stay on track with the course. If an assignment will be late, students must contact the instructor and explain. Kent State accepts the following reasons for late assignments: sickness with medical note, athletic event (with coachs note), religious observation, military responsibility (with documentation), death in the family (with documentation).</p>\\n<p>My policy for late assignments has 3 rules:</p>\\n<ul><li>Late assignments will be accepted so long as you contact the instructor to indicate that it will be late and provide an explanation.</li>\\n<li>Late assignments must be submitted within 1 week of the original due date, without penalty, so long as the student meets the first rule. After 1 week the assignment will be marked as 0.</li>\\n<li>An additional extension may be possible in exceptional circumstances, with documentation. This requires a face-to-face conversation between the student and the instructor.</li>\\n</ul>\"}},\"116\":{\"type\":\"group\",\"enabled\":true,\"collapsed\":false,\"fields\":{\"body\":\"<p>This class uses team-based learning for part or all of the semester. Students must agree to follow the <a href=\\\"../groups/policies\\\">Group Rules &amp; Expectations</a> throughout the course of the project.</p>\"}},\"117\":{\"type\":\"grading\",\"enabled\":true,\"collapsed\":false,\"fields\":{\"body\":\"<p>Final letter grades will be assigned on the basis of the following table. Graduate student assignments will take into account additional advanced components (described within the assignment), differing from undergraduate assignments.</p>\"}},\"118\":{\"type\":\"technology\",\"enabled\":true,\"collapsed\":false,\"fields\":{\"body\":\"<p>Final letter grades will be assigned on the basis of the following table. Graduate student assignments will take into account additional advanced components (described within the assignment), differing from undergraduate assignments.</p>\\n<table><thead><tr><th style=\\\"text-align:left;\\\">Letter</th>\\n<th style=\\\"text-align:left;\\\">Percentage</th>\\n</tr></thead><tbody><tr><td style=\\\"text-align:left;\\\">A</td>\\n<td style=\\\"text-align:left;\\\">93% or higher</td>\\n</tr><tr><td style=\\\"text-align:left;\\\">A-</td>\\n<td style=\\\"text-align:left;\\\">90-92%</td>\\n</tr><tr><td style=\\\"text-align:left;\\\">B+</td>\\n<td style=\\\"text-align:left;\\\">87-89%</td>\\n</tr><tr><td style=\\\"text-align:left;\\\">B</td>\\n<td style=\\\"text-align:left;\\\">83-86%</td>\\n</tr><tr><td style=\\\"text-align:left;\\\">B-</td>\\n<td style=\\\"text-align:left;\\\">80-82%</td>\\n</tr><tr><td style=\\\"text-align:left;\\\">C</td>\\n<td style=\\\"text-align:left;\\\">70-79%</td>\\n</tr><tr><td style=\\\"text-align:left;\\\">D</td>\\n<td style=\\\"text-align:left;\\\">60-69%</td>\\n</tr><tr><td style=\\\"text-align:left;\\\">F</td>\\n<td style=\\\"text-align:left;\\\">&lt; 60%</td>\\n</tr></tbody></table>\"}},\"119\":{\"type\":\"technology\",\"enabled\":true,\"collapsed\":false,\"fields\":{\"body\":\"<ul><li>Although a laptop is not required, if you have a laptop you are encouraged to bring it to class, as it may be helpful for following along in class. Youll also be viewing and testing your work on multiple devices, so phones and tablets are encouraged.</li>\\n<li>Computers will be provided for in-class work, but you may be asked to share with another student. Students will also be permitted to work on these computers outside of class, when needed.</li>\\n<li>We will be using a variety of free and paid software programs and tools.</li>\\n<li>Paid software may only be used on university-owned computers and will be provided at no charge. If you would like to use paid software on your personal computer, you will need to purchase a license.</li>\\n<li>Software programs and tools to be used in the course include: Sketch, Illustrator, Atom, GitHub, web browsers and Google Drive.</li>\\n</ul>\"}},\"120\":{\"type\":\"instructor\",\"enabled\":true,\"collapsed\":false,\"fields\":{\"body\":\"<p>My office hours for this semester are:</p>\\n<ul><li>Tuesdays: 4:30 - 5:30 p.m.</li>\\n<li>Thursdays: 4:00 - 5:00 p.m.</li>\\n</ul><h4>Email</h4>\\n<p>My email address is <a href=\\\"mailto:challahan@ideabasekent.com\\\">challahan@ideabasekent.com</a>. Here is my email policy:</p>\\n<ul><li>I will usually respond within 24 hours during the week (Mon-Fri). Do not expect an immediate response.</li>\\n<li>I typically check email in the afternoons or evenings, not in the mornings.</li>\\n<li>I may not respond to email on weekends.</li>\\n</ul>\"}},\"121\":{\"type\":\"university\",\"enabled\":true,\"collapsed\":false,\"fields\":{\"body\":\"<p>The following policies and procedures apply to students enrolled at Kent State University. For a complete listing of university policies, please visit the Policy Register page on the Kent State University website.</p>\\n<h4>Course enrollment and withdrawal</h4>\\n<p>University policy requires all students to be officially registered in each class they are attending. Students who are not officially registered for a course by published deadlines should not be attending classes and will not receive credit or a grade for the course. Each student must confirm enrollment by checking his/her class schedule (using Student Tools in FlashFast) prior to the deadline indicated. Registration errors must be corrected prior to the deadline.</p>\\n<p>Every class has its own schedule of deadlines and considerations. To view the add/drop schedule and other important dates for this class, click the CRN link next to each course on View or Print Course Schedule and Purchase Textbooks or click the green clock from Add or Drop a Course from the Student Category/Resources Page/Courses and Registration Section in FlashLine to access course deadlines.</p>\\n<h4>Incomplete grades</h4>\\n<p>The administrative mark of IN (Incomplete) may be given to students who are unable to complete the work due to extenuating circumstances. To be eligible, undergraduate students must be currently passing and have completed at least 12 weeks of the semester. Graduate students must be currently earning a C or better grade and are unable to complete the required work between the course withdrawal deadline and the end of classes. The time line shall be adjusted appropriate for summer sessions and flexibly scheduled courses. Appropriate documentation is generally required to support the extenuating circumstance. The student must initiate the request for the Incomplete mark from the instructor, and it is the responsibility of the student to arrange to make up the incomplete work. Incomplete grades must be made up within one semester (not including summer sessions) for undergraduate students and one calendar year for graduate students. Unless the course is completed or an extension is granted, incomplete grades will automatically lapse to the grade designated on the Incomplete Mark Form at the end of one semester for undergraduate students and at the end of one year for graduate students.</p>\\n<h4>University use of electronic mail</h4>\\n<p>A university-assigned student email account shall be an official university means of communication with all students at Kent State University. Students are responsible for all information sent to them via their university-assigned email account. If a student chooses to forward information in their university email account, he or she is responsible for all information, including attachments, sent to any other email account. To stay current with university information, students are expected to check their official university email account and other electronic communications on a frequent and consistent basis. Recognizing that some communications may be time-critical, the university recommends that electronic communications be checked minimally twice a week.</p>\\n<h4>Plagiarism and academic integrity</h4>\\n<p>Students enrolled in the university, at all its campuses, are to perform their academic work according to standards set by faculty members, departments, schools and colleges of the university; and cheating and plagiarism constitute fraudulent misrepresentation for which no credit can be given and for which appropriate sanctions are warranted and will be applied. For more information: http://www.kent.edu/plagiarism.</p>\\n<h4>Students with disabilities</h4>\\n<p>University Policy 3342-3-01.3 requires that students with disabilities be provided reasonable accommodations to ensure their equal access to course content. If you have a documented disability and require accommodations, please contact the instructor at the beginning of the semester to make arrangements for necessary classroom adjustments. Please note, you must first verify your eligibility for these through Student Accessibility Services (contact 330-672-3391 or visit <a href=\\\"http://www.kent.edu/sas\\\" class=\\\"redactor-autoparser-object\\\">www.kent.edu/sas</a> for more information on registration procedures).</p>\\n<h4>Student survey of instruction evaluation</h4>\\n<p>It is a standard practice of Kent State University to distribute and administer to the learners a confidential and anonymous questionnaire at the completion of the course. The results will be forwarded to the Instructor only at the completion of the class and the submission of all grades. The Instructor will then incorporate the feedback received in future course offerings and in his continual improvement of the course. Please candidly and honestly describe your opinions of the strengths and weakness you experienced as a learner in the course.</p>\\n<h4>Notice of my copyright and intellectual property rights</h4>\\n<p>Any intellectual property displayed or distributed to students during this course (including but not limited to powerpoints, notes, quizzes, examinations) by the professor/lecturer/instructor remains the intellectual property of the professor/lecturer/instructor. This means that the student may not distribute, publish or provide such intellectual property to any other person or entity for any reason, commercial or otherwise, without the express written permission of the professor/lecturer/instructor.</p>\"}}}}}','2018-08-13 21:24:47','2018-08-13 21:24:47','3cd0e31d-1fe2-421c-b4e9-767a5ee11482'),(42,103,27,1,1,6,'','{\"typeId\":\"27\",\"authorId\":\"1\",\"title\":\"Syllabus - Responsive Web Design\",\"slug\":\"test-syllabus\",\"postDate\":1534186260,\"expiryDate\":null,\"enabled\":true,\"newParentId\":null,\"fields\":{\"103\":[\"102\"],\"104\":{\"104\":{\"type\":\"about\",\"enabled\":true,\"collapsed\":false,\"fields\":{\"body\":\"<p>Responsive web design isnt just a technical solution for web design - its an entire process that brings multiple disciplines together to form one product that works across multiple devices. The responsive design process includes user experience, content strategy, information architecture, visual design, development, usability testing and technical testing. Students who will succeed in this field will need to be familiar with not just one, but all of these processes, while working in a team-based environment.</p>\\n<p>In this course you will learn the fundamental principles for developing standards-based web sites from a mobile-first and content-first perspective. We will explore each aspect of an agile-inspired process, during which youll learn each step of what it takes to build a website and ensure its functionality for its users in terms of both usability and performance.</p>\\n<p>Just a few of the topics planned to be covered in the Responsive Web Design course include:</p>\\n<h4>Topics</h4>\\n<ul><li>Atomic Design</li>\\n<li>Pattern Libraries and Style Guides</li>\\n<li>Sketching</li>\\n<li>User Research Techniques</li>\\n<li>Rapid Prototyping</li>\\n<li>HTML/CSS/JavaScript</li>\\n<li>Modern Web Design Workflows</li>\\n<li>Mobile Content Strategy</li>\\n<li>Browser Testing</li>\\n<li>Version Control</li>\\n<li>Paired and Team Coding</li>\\n<li>Mobile-First Design</li>\\n<li>Style Tiles and Web Design Techniques</li>\\n<li>Modern Web Layout Tools</li>\\n</ul>\"}},\"105\":{\"type\":\"prerequisites\",\"enabled\":true,\"collapsed\":false,\"fields\":{\"body\":\"<p>Sophomore standing. This course has no other prerequisites, however you must be proficient in basic web and computer applications. You will be expected to write HTML, CSS and light JavaScript code (familiarity with these will be helpful, but is not necessary). You will also be working in vector-based editing tools to help prototype visual designs. Success in this course will depend on your willingness to try learn new skills and collaborate with others from different backgrounds to solve complex problems.</p>\"}},\"106\":{\"type\":\"change\",\"enabled\":true,\"collapsed\":false,\"fields\":{\"body\":\"<p>The syllabus and course schedule may be subject to change. Changes will be communicated via email. It is the responsibility of students to check email messages and course announcements to stay current in the course.</p>\"}},\"107\":{\"type\":\"goals\",\"enabled\":true,\"collapsed\":false,\"fields\":{\"body\":\"<p>In this course, students will:</p>\\n<ul><li>Apply a modern workflow to a responsive web design, including competitive research techniques, content development, information architecture, design and development.</li>\\n<li>Gather and architect content for the web, with a focus on prioritizing content for use on multiple devices.</li>\\n<li>Rapidly prototype web design modules, developing style tiles and reusable patterns for colors, typography, layout and user interface elements.</li>\\n<li>Create interactive prototypes and wireframes in HTML/CSS, using standards-compliant HTML and CSS, media queries and responsive layouts.</li>\\n<li>Test prototypes for common performance, usability and web browser issues.</li>\\n<li>Use version control to create a staging server on which websites will be hosted and updated.</li>\\n<li>Work in a team environment, collaborating with students from a variety of disciplines.</li>\\n<li>Solve common web design problems both independently and as a group, through the use of online resources, books, videos and fellow students.</li>\\n</ul>\"}},\"108\":{\"type\":\"learning\",\"enabled\":true,\"collapsed\":false,\"fields\":{\"body\":\"<p>Most importantly, by the end of this course, students will be able to:</p>\\n<ul><li>Identify and write the most common HTML/CSS properties, with proper indentation and comments, and understand how to use these properties efficiently.</li>\\n<li>Organize and prioritize website content to fit information architecture best practices, including a mobile-first methodology.</li>\\n<li>Use media queries to create a responsive HTML/CSS/JavaScript prototype that accommodates multiple screen sizes and device types.</li>\\n<li>Speak intelligently about responsive web design and describe why its important to future clients, colleagues or employers.</li>\\n<li>Analyze predefined requirements and constraints that a client or employer may ask of a web designer, and creatively apply these to the solution.</li>\\n<li>Critique and speak intelligently about web design in terms of content, colors, typography, user interface elements and layout.</li>\\n<li>Coordinate a web design project and work with other team members to build deliverables along the way.</li>\\n<li>Understand the various roles that are essential to the web design process and appreciate the skills required for each discipline.</li>\\n<li>See themselves as capable and confident when working in code, even if they are not primarily developers. Be willing to cross organizational lines and take chances.</li>\\n<li>Be motivated to expand their knowledge of web design by following influential web designers and businesses that are currently implementing responsive design.</li>\\n<li>Understand how the student and their current area of study fits into a web design role (and their role as a communicator) and expand on their current background to be able to take on future roles in interactive media.</li>\\n<li>Understand how HTML/CSS prototypes integrate into large, dynamic content management systems and complex organizations.</li>\\n<li>Develop test plans and iterate on future design and content systems after identifying usability or technical issues.</li>\\n<li>Identify solutions to complex design/development problems and use online resources to expand knowledge of HTML/CSS processes.</li>\\n</ul>\"}},\"109\":{\"type\":\"materials\",\"enabled\":true,\"collapsed\":false,\"fields\":{\"body\":\"<p>There are 2 required textbooks for the course. One provides detailed examples and instructions for HTML/CSS, and the other provides more practical knowledge on web design topics:</p>\\n<ul><li><em><a href=\\\"https://www.amazon.com/HTML-CSS-Design-Build-Websites/dp/1118008189\\\">HTML and CSS: Design and Build Websites</a></em> by Jon Duckett, November 2011, Wiley. ($18.51 on Amazon)</li>\\n<li><em><a href=\\\"https://abookapart.com/products/responsive-web-design\\\">Responsive Web Design</a></em> by Ethan Marcotte, Second Edition, December 2014, A Book Apart. ($9.00/Ebook or $18.00/Paperback + Shipping)</li>\\n</ul><p>This course will also make use of video tutorials from Lynda.com (available at no charge to students taking this course), as well as free online readings and videos.</p>\"}},\"110\":{\"type\":\"structure\",\"enabled\":true,\"collapsed\":false,\"fields\":{\"body\":\"<p>This class will be held once a week and will have both a lecture/discussion and studio/lab component. Students will be assigned readings from a variety disciplines, authors and topics, which will be discussed during the first half of class. All students will have the opportunity to pair with a student from a different background to work on hands-on examples in class each week, as well as a long-term project that will span the semester. Short homework assignments will be given throughout the semester in order to master key topics.</p>\"}},\"111\":{\"type\":\"preparing\",\"enabled\":true,\"collapsed\":false,\"fields\":{\"body\":\"<p>Students are expected to come to class prepared. This means:</p>\\n<ul><li>Familiarization with the required readings or videos.</li>\\n<li>Readiness to participate in class discussions and activities.</li>\\n<li>Participating in class discussions and hands-on activities.</li>\\n<li>Completing assignments on time and submitting them properly to GitHub each week.</li>\\n</ul>\"}},\"112\":{\"type\":\"schedule\",\"enabled\":true,\"collapsed\":false,\"fields\":{\"body\":\"<p>This course will be divided into two parts. Readings, lecture notes and information on preparing for class will be posted to the <a href=\\\"http://www.rwdkent.com\\\">class website</a>.</p>\\n<p>Please see the <a href=\\\"http://www.rwdkent.com/class/schedule\\\">Detailed Course Schedule</a> for specific dates, times and assignments.</p>\"}},\"113\":{\"type\":\"assignments\",\"enabled\":true,\"collapsed\":false,\"fields\":[]},\"114\":{\"type\":\"attendance\",\"enabled\":true,\"collapsed\":false,\"fields\":{\"body\":\"<p>Well be covering many topics during class, as well as working in groups on exercises to help you master web design techniques. Therefore, attending each of the 15 classes is crucial. I will allow <strong>two missed classes</strong> for the semester. All subsequent absences will only be accepted for the following reasons: sickness (with medical note only), athletic event (with coachs note), religious observation, military responsibility (with documentation) and death in the family (with documentation).</p>\\n<p>Students who miss more than two classes without proper documentation will receive a 0 for their class participation grade for the semester.</p>\\n<p>If you miss class, you are still responsible for contacting the instructor to see what was assigned that day, as well as meeting all assignment deadlines.</p>\\n<p>Some assignments, such as in-class presentations, testing and quizzes, require attendance in order to receive full credit for the assignment.</p>\"}},\"115\":{\"type\":\"late\",\"enabled\":true,\"collapsed\":false,\"fields\":{\"body\":\"<p>The assignments deadlines are to help you manage the workload and stay on track with the course. If an assignment will be late, students must contact the instructor and explain. Kent State accepts the following reasons for late assignments: sickness with medical note, athletic event (with coachs note), religious observation, military responsibility (with documentation), death in the family (with documentation).</p>\\n<p>My policy for late assignments has 3 rules:</p>\\n<ul><li>Late assignments will be accepted so long as you contact the instructor to indicate that it will be late and provide an explanation.</li>\\n<li>Late assignments must be submitted within 1 week of the original due date, without penalty, so long as the student meets the first rule. After 1 week the assignment will be marked as 0.</li>\\n<li>An additional extension may be possible in exceptional circumstances, with documentation. This requires a face-to-face conversation between the student and the instructor.</li>\\n</ul>\"}},\"116\":{\"type\":\"group\",\"enabled\":true,\"collapsed\":false,\"fields\":{\"body\":\"<p>This class uses team-based learning for part or all of the semester. Students must agree to follow the <a href=\\\"../groups/policies\\\">Group Rules &amp; Expectations</a> throughout the course of the project.</p>\"}},\"117\":{\"type\":\"grading\",\"enabled\":true,\"collapsed\":false,\"fields\":{\"body\":\"<p>Final letter grades will be assigned on the basis of the following table. Graduate student assignments will take into account additional advanced components (described within the assignment), differing from undergraduate assignments.</p>\"}},\"118\":{\"type\":\"technology\",\"enabled\":true,\"collapsed\":false,\"fields\":{\"body\":\"<p>Final letter grades will be assigned on the basis of the following table. Graduate student assignments will take into account additional advanced components (described within the assignment), differing from undergraduate assignments.</p>\\n\\n<table><thead><tr><th style=\\\"text-align:left;\\\">Letter</th>\\n<th style=\\\"text-align:left;\\\">Percentage</th>\\n</tr></thead><tbody><tr><td style=\\\"text-align:left;\\\">A</td>\\n<td style=\\\"text-align:left;\\\">93% or higher</td>\\n</tr><tr><td style=\\\"text-align:left;\\\">A-</td>\\n<td style=\\\"text-align:left;\\\">90-92%</td>\\n</tr><tr><td style=\\\"text-align:left;\\\">B+</td>\\n<td style=\\\"text-align:left;\\\">87-89%</td>\\n</tr><tr><td style=\\\"text-align:left;\\\">B</td>\\n<td style=\\\"text-align:left;\\\">83-86%</td>\\n</tr><tr><td style=\\\"text-align:left;\\\">B-</td>\\n<td style=\\\"text-align:left;\\\">80-82%</td>\\n</tr><tr><td style=\\\"text-align:left;\\\">C</td>\\n<td style=\\\"text-align:left;\\\">70-79%</td>\\n</tr><tr><td style=\\\"text-align:left;\\\">D</td>\\n<td style=\\\"text-align:left;\\\">60-69%</td>\\n</tr><tr><td style=\\\"text-align:left;\\\">F</td>\\n<td style=\\\"text-align:left;\\\">&lt; 60%</td>\\n</tr></tbody></table>\"}},\"119\":{\"type\":\"technology\",\"enabled\":true,\"collapsed\":false,\"fields\":{\"body\":\"<ul><li>Although a laptop is not required, if you have a laptop you are encouraged to bring it to class, as it may be helpful for following along in class. Youll also be viewing and testing your work on multiple devices, so phones and tablets are encouraged.</li>\\n<li>Computers will be provided for in-class work, but you may be asked to share with another student. Students will also be permitted to work on these computers outside of class, when needed.</li>\\n<li>We will be using a variety of free and paid software programs and tools.</li>\\n<li>Paid software may only be used on university-owned computers and will be provided at no charge. If you would like to use paid software on your personal computer, you will need to purchase a license.</li>\\n<li>Software programs and tools to be used in the course include: Sketch, Illustrator, Atom, GitHub, web browsers and Google Drive.</li>\\n</ul>\"}},\"120\":{\"type\":\"communicating\",\"enabled\":true,\"collapsed\":false,\"fields\":{\"body\":\"<p>My office hours for this semester are:</p>\\n<ul><li>Tuesdays: 4:30 - 5:30 p.m.</li>\\n<li>Thursdays: 4:00 - 5:00 p.m.</li>\\n</ul><h4>Email</h4>\\n<p>My email address is <a href=\\\"mailto:challahan@ideabasekent.com\\\">challahan@ideabasekent.com</a>. Here is my email policy:</p>\\n<ul><li>I will usually respond within 24 hours during the week (Mon-Fri). Do not expect an immediate response.</li>\\n<li>I typically check email in the afternoons or evenings, not in the mornings.</li>\\n<li>I may not respond to email on weekends.</li>\\n</ul>\"}},\"121\":{\"type\":\"university\",\"enabled\":true,\"collapsed\":false,\"fields\":{\"body\":\"<p>The following policies and procedures apply to students enrolled at Kent State University. For a complete listing of university policies, please visit the Policy Register page on the Kent State University website.</p>\\n<h4>Course enrollment and withdrawal</h4>\\n<p>University policy requires all students to be officially registered in each class they are attending. Students who are not officially registered for a course by published deadlines should not be attending classes and will not receive credit or a grade for the course. Each student must confirm enrollment by checking his/her class schedule (using Student Tools in FlashFast) prior to the deadline indicated. Registration errors must be corrected prior to the deadline.</p>\\n<p>Every class has its own schedule of deadlines and considerations. To view the add/drop schedule and other important dates for this class, click the CRN link next to each course on View or Print Course Schedule and Purchase Textbooks or click the green clock from Add or Drop a Course from the Student Category/Resources Page/Courses and Registration Section in FlashLine to access course deadlines.</p>\\n<h4>Incomplete grades</h4>\\n<p>The administrative mark of IN (Incomplete) may be given to students who are unable to complete the work due to extenuating circumstances. To be eligible, undergraduate students must be currently passing and have completed at least 12 weeks of the semester. Graduate students must be currently earning a C or better grade and are unable to complete the required work between the course withdrawal deadline and the end of classes. The time line shall be adjusted appropriate for summer sessions and flexibly scheduled courses. Appropriate documentation is generally required to support the extenuating circumstance. The student must initiate the request for the Incomplete mark from the instructor, and it is the responsibility of the student to arrange to make up the incomplete work. Incomplete grades must be made up within one semester (not including summer sessions) for undergraduate students and one calendar year for graduate students. Unless the course is completed or an extension is granted, incomplete grades will automatically lapse to the grade designated on the Incomplete Mark Form at the end of one semester for undergraduate students and at the end of one year for graduate students.</p>\\n<h4>University use of electronic mail</h4>\\n<p>A university-assigned student email account shall be an official university means of communication with all students at Kent State University. Students are responsible for all information sent to them via their university-assigned email account. If a student chooses to forward information in their university email account, he or she is responsible for all information, including attachments, sent to any other email account. To stay current with university information, students are expected to check their official university email account and other electronic communications on a frequent and consistent basis. Recognizing that some communications may be time-critical, the university recommends that electronic communications be checked minimally twice a week.</p>\\n<h4>Plagiarism and academic integrity</h4>\\n<p>Students enrolled in the university, at all its campuses, are to perform their academic work according to standards set by faculty members, departments, schools and colleges of the university; and cheating and plagiarism constitute fraudulent misrepresentation for which no credit can be given and for which appropriate sanctions are warranted and will be applied. For more information: http://www.kent.edu/plagiarism.</p>\\n<h4>Students with disabilities</h4>\\n<p>University Policy 3342-3-01.3 requires that students with disabilities be provided reasonable accommodations to ensure their equal access to course content. If you have a documented disability and require accommodations, please contact the instructor at the beginning of the semester to make arrangements for necessary classroom adjustments. Please note, you must first verify your eligibility for these through Student Accessibility Services (contact 330-672-3391 or visit <a href=\\\"http://www.kent.edu/sas\\\" class=\\\"redactor-autoparser-object\\\">www.kent.edu/sas</a> for more information on registration procedures).</p>\\n<h4>Student survey of instruction evaluation</h4>\\n<p>It is a standard practice of Kent State University to distribute and administer to the learners a confidential and anonymous questionnaire at the completion of the course. The results will be forwarded to the Instructor only at the completion of the class and the submission of all grades. The Instructor will then incorporate the feedback received in future course offerings and in his continual improvement of the course. Please candidly and honestly describe your opinions of the strengths and weakness you experienced as a learner in the course.</p>\\n<h4>Notice of my copyright and intellectual property rights</h4>\\n<p>Any intellectual property displayed or distributed to students during this course (including but not limited to powerpoints, notes, quizzes, examinations) by the professor/lecturer/instructor remains the intellectual property of the professor/lecturer/instructor. This means that the student may not distribute, publish or provide such intellectual property to any other person or entity for any reason, commercial or otherwise, without the express written permission of the professor/lecturer/instructor.</p>\"}}}}}','2018-08-14 15:36:42','2018-08-14 15:36:42','3d45c700-4918-46db-ad24-e906cd400624'),(43,103,27,1,1,7,'','{\"typeId\":\"27\",\"authorId\":\"1\",\"title\":\"Syllabus - Responsive Web Design\",\"slug\":\"test-syllabus\",\"postDate\":1534186260,\"expiryDate\":null,\"enabled\":true,\"newParentId\":null,\"fields\":{\"103\":[\"102\"],\"104\":{\"104\":{\"type\":\"about\",\"enabled\":true,\"collapsed\":false,\"fields\":{\"body\":\"<p>Responsive web design isnt just a technical solution for web design - its an entire process that brings multiple disciplines together to form one product that works across multiple devices. The responsive design process includes user experience, content strategy, information architecture, visual design, development, usability testing and technical testing. Students who will succeed in this field will need to be familiar with not just one, but all of these processes, while working in a team-based environment.</p>\\n<p>In this course you will learn the fundamental principles for developing standards-based web sites from a mobile-first and content-first perspective. We will explore each aspect of an agile-inspired process, during which youll learn each step of what it takes to build a website and ensure its functionality for its users in terms of both usability and performance.</p>\\n<p>Just a few of the topics planned to be covered in the Responsive Web Design course include:</p>\\n<h4>Topics</h4>\\n<ul><li>Atomic Design</li>\\n<li>Pattern Libraries and Style Guides</li>\\n<li>Sketching</li>\\n<li>User Research Techniques</li>\\n<li>Rapid Prototyping</li>\\n<li>HTML/CSS/JavaScript</li>\\n<li>Modern Web Design Workflows</li>\\n<li>Mobile Content Strategy</li>\\n<li>Browser Testing</li>\\n<li>Version Control</li>\\n<li>Paired and Team Coding</li>\\n<li>Mobile-First Design</li>\\n<li>Style Tiles and Web Design Techniques</li>\\n<li>Modern Web Layout Tools</li>\\n</ul>\"}},\"105\":{\"type\":\"prerequisites\",\"enabled\":true,\"collapsed\":false,\"fields\":{\"body\":\"<p>Sophomore standing. This course has no other prerequisites, however you must be proficient in basic web and computer applications. You will be expected to write HTML, CSS and light JavaScript code (familiarity with these will be helpful, but is not necessary). You will also be working in vector-based editing tools to help prototype visual designs. Success in this course will depend on your willingness to try learn new skills and collaborate with others from different backgrounds to solve complex problems.</p>\"}},\"106\":{\"type\":\"change\",\"enabled\":true,\"collapsed\":false,\"fields\":{\"body\":\"<p>The syllabus and course schedule may be subject to change. Changes will be communicated via email. It is the responsibility of students to check email messages and course announcements to stay current in the course.</p>\"}},\"107\":{\"type\":\"goals\",\"enabled\":true,\"collapsed\":false,\"fields\":{\"body\":\"<p>In this course, students will:</p>\\n<ul><li>Apply a modern workflow to a responsive web design, including competitive research techniques, content development, information architecture, design and development.</li>\\n<li>Gather and architect content for the web, with a focus on prioritizing content for use on multiple devices.</li>\\n<li>Rapidly prototype web design modules, developing style tiles and reusable patterns for colors, typography, layout and user interface elements.</li>\\n<li>Create interactive prototypes and wireframes in HTML/CSS, using standards-compliant HTML and CSS, media queries and responsive layouts.</li>\\n<li>Test prototypes for common performance, usability and web browser issues.</li>\\n<li>Use version control to create a staging server on which websites will be hosted and updated.</li>\\n<li>Work in a team environment, collaborating with students from a variety of disciplines.</li>\\n<li>Solve common web design problems both independently and as a group, through the use of online resources, books, videos and fellow students.</li>\\n</ul>\"}},\"108\":{\"type\":\"learning\",\"enabled\":true,\"collapsed\":false,\"fields\":{\"body\":\"<p>Most importantly, by the end of this course, students will be able to:</p>\\n<ul><li>Identify and write the most common HTML/CSS properties, with proper indentation and comments, and understand how to use these properties efficiently.</li>\\n<li>Organize and prioritize website content to fit information architecture best practices, including a mobile-first methodology.</li>\\n<li>Use media queries to create a responsive HTML/CSS/JavaScript prototype that accommodates multiple screen sizes and device types.</li>\\n<li>Speak intelligently about responsive web design and describe why its important to future clients, colleagues or employers.</li>\\n<li>Analyze predefined requirements and constraints that a client or employer may ask of a web designer, and creatively apply these to the solution.</li>\\n<li>Critique and speak intelligently about web design in terms of content, colors, typography, user interface elements and layout.</li>\\n<li>Coordinate a web design project and work with other team members to build deliverables along the way.</li>\\n<li>Understand the various roles that are essential to the web design process and appreciate the skills required for each discipline.</li>\\n<li>See themselves as capable and confident when working in code, even if they are not primarily developers. Be willing to cross organizational lines and take chances.</li>\\n<li>Be motivated to expand their knowledge of web design by following influential web designers and businesses that are currently implementing responsive design.</li>\\n<li>Understand how the student and their current area of study fits into a web design role (and their role as a communicator) and expand on their current background to be able to take on future roles in interactive media.</li>\\n<li>Understand how HTML/CSS prototypes integrate into large, dynamic content management systems and complex organizations.</li>\\n<li>Develop test plans and iterate on future design and content systems after identifying usability or technical issues.</li>\\n<li>Identify solutions to complex design/development problems and use online resources to expand knowledge of HTML/CSS processes.</li>\\n</ul>\"}},\"109\":{\"type\":\"materials\",\"enabled\":true,\"collapsed\":false,\"fields\":{\"body\":\"<p>There are 2 required textbooks for the course. One provides detailed examples and instructions for HTML/CSS, and the other provides more practical knowledge on web design topics:</p>\\n<ul><li><em><a href=\\\"https://www.amazon.com/HTML-CSS-Design-Build-Websites/dp/1118008189\\\">HTML and CSS: Design and Build Websites</a></em> by Jon Duckett, November 2011, Wiley. ($18.51 on Amazon)</li>\\n<li><em><a href=\\\"https://abookapart.com/products/responsive-web-design\\\">Responsive Web Design</a></em> by Ethan Marcotte, Second Edition, December 2014, A Book Apart. ($9.00/Ebook or $18.00/Paperback + Shipping)</li>\\n</ul><p>This course will also make use of video tutorials from Lynda.com (available at no charge to students taking this course), as well as free online readings and videos.</p>\"}},\"110\":{\"type\":\"structure\",\"enabled\":true,\"collapsed\":false,\"fields\":{\"body\":\"<p>This class will be held once a week and will have both a lecture/discussion and studio/lab component. Students will be assigned readings from a variety disciplines, authors and topics, which will be discussed during the first half of class. All students will have the opportunity to pair with a student from a different background to work on hands-on examples in class each week, as well as a long-term project that will span the semester. Short homework assignments will be given throughout the semester in order to master key topics.</p>\"}},\"111\":{\"type\":\"preparing\",\"enabled\":true,\"collapsed\":false,\"fields\":{\"body\":\"<p>Students are expected to come to class prepared. This means:</p>\\n<ul><li>Familiarization with the required readings or videos.</li>\\n<li>Readiness to participate in class discussions and activities.</li>\\n<li>Participating in class discussions and hands-on activities.</li>\\n<li>Completing assignments on time and submitting them properly to GitHub each week.</li>\\n</ul>\"}},\"112\":{\"type\":\"schedule\",\"enabled\":true,\"collapsed\":false,\"fields\":{\"body\":\"<p>This course will be divided into two parts. Readings, lecture notes and information on preparing for class will be posted to the <a href=\\\"http://www.rwdkent.com\\\">class website</a>.</p>\\n<p>Please see the <a href=\\\"http://www.rwdkent.com/class/schedule\\\">Detailed Course Schedule</a> for specific dates, times and assignments.</p>\"}},\"113\":{\"type\":\"assignments\",\"enabled\":true,\"collapsed\":false,\"fields\":[]},\"114\":{\"type\":\"attendance\",\"enabled\":true,\"collapsed\":false,\"fields\":{\"body\":\"<p>Well be covering many topics during class, as well as working in groups on exercises to help you master web design techniques. Therefore, attending each of the 15 classes is crucial. I will allow <strong>two missed classes</strong> for the semester. All subsequent absences will only be accepted for the following reasons: sickness (with medical note only), athletic event (with coachs note), religious observation, military responsibility (with documentation) and death in the family (with documentation).</p>\\n<p>Students who miss more than two classes without proper documentation will receive a 0 for their class participation grade for the semester.</p>\\n<p>If you miss class, you are still responsible for contacting the instructor to see what was assigned that day, as well as meeting all assignment deadlines.</p>\\n<p>Some assignments, such as in-class presentations, testing and quizzes, require attendance in order to receive full credit for the assignment.</p>\"}},\"115\":{\"type\":\"late\",\"enabled\":true,\"collapsed\":false,\"fields\":{\"body\":\"<p>The assignments deadlines are to help you manage the workload and stay on track with the course. If an assignment will be late, students must contact the instructor and explain. Kent State accepts the following reasons for late assignments: sickness with medical note, athletic event (with coachs note), religious observation, military responsibility (with documentation), death in the family (with documentation).</p>\\n<p>My policy for late assignments has 3 rules:</p>\\n<ul><li>Late assignments will be accepted so long as you contact the instructor to indicate that it will be late and provide an explanation.</li>\\n<li>Late assignments must be submitted within 1 week of the original due date, without penalty, so long as the student meets the first rule. After 1 week the assignment will be marked as 0.</li>\\n<li>An additional extension may be possible in exceptional circumstances, with documentation. This requires a face-to-face conversation between the student and the instructor.</li>\\n</ul>\"}},\"116\":{\"type\":\"group\",\"enabled\":true,\"collapsed\":false,\"fields\":{\"body\":\"<p>This class uses team-based learning for part or all of the semester. Students must agree to follow the <a href=\\\"../groups/policies\\\">Group Rules &amp; Expectations</a> throughout the course of the project.</p>\"}},\"117\":{\"type\":\"grading\",\"enabled\":true,\"collapsed\":false,\"fields\":{\"body\":\"<p>Final letter grades will be assigned on the basis of the following table. Graduate student assignments will take into account additional advanced components (described within the assignment), differing from undergraduate assignments.</p>\"}},\"118\":{\"type\":\"technology\",\"enabled\":true,\"collapsed\":false,\"fields\":{\"body\":\"<p>Final letter grades will be assigned on the basis of the following table. Graduate student assignments will take into account additional advanced components (described within the assignment), differing from undergraduate assignments.</p>\"}},\"119\":{\"type\":\"technology\",\"enabled\":true,\"collapsed\":false,\"fields\":{\"body\":\"<ul><li>Although a laptop is not required, if you have a laptop you are encouraged to bring it to class, as it may be helpful for following along in class. Youll also be viewing and testing your work on multiple devices, so phones and tablets are encouraged.</li>\\n<li>Computers will be provided for in-class work, but you may be asked to share with another student. Students will also be permitted to work on these computers outside of class, when needed.</li>\\n<li>We will be using a variety of free and paid software programs and tools.</li>\\n<li>Paid software may only be used on university-owned computers and will be provided at no charge. If you would like to use paid software on your personal computer, you will need to purchase a license.</li>\\n<li>Software programs and tools to be used in the course include: Sketch, Illustrator, Atom, GitHub, web browsers and Google Drive.</li>\\n</ul>\"}},\"120\":{\"type\":\"communicating\",\"enabled\":true,\"collapsed\":false,\"fields\":{\"body\":\"<p>My office hours for this semester are:</p>\\n<ul><li>Tuesdays: 4:30 - 5:30 p.m.</li>\\n<li>Thursdays: 4:00 - 5:00 p.m.</li>\\n</ul><h4>Email</h4>\\n<p>My email address is <a href=\\\"mailto:challahan@ideabasekent.com\\\">challahan@ideabasekent.com</a>. Here is my email policy:</p>\\n<ul><li>I will usually respond within 24 hours during the week (Mon-Fri). Do not expect an immediate response.</li>\\n<li>I typically check email in the afternoons or evenings, not in the mornings.</li>\\n<li>I may not respond to email on weekends.</li>\\n</ul>\"}},\"121\":{\"type\":\"university\",\"enabled\":true,\"collapsed\":false,\"fields\":{\"body\":\"<p>The following policies and procedures apply to students enrolled at Kent State University. For a complete listing of university policies, please visit the Policy Register page on the Kent State University website.</p>\\n<h4>Course enrollment and withdrawal</h4>\\n<p>University policy requires all students to be officially registered in each class they are attending. Students who are not officially registered for a course by published deadlines should not be attending classes and will not receive credit or a grade for the course. Each student must confirm enrollment by checking his/her class schedule (using Student Tools in FlashFast) prior to the deadline indicated. Registration errors must be corrected prior to the deadline.</p>\\n<p>Every class has its own schedule of deadlines and considerations. To view the add/drop schedule and other important dates for this class, click the CRN link next to each course on View or Print Course Schedule and Purchase Textbooks or click the green clock from Add or Drop a Course from the Student Category/Resources Page/Courses and Registration Section in FlashLine to access course deadlines.</p>\\n<h4>Incomplete grades</h4>\\n<p>The administrative mark of IN (Incomplete) may be given to students who are unable to complete the work due to extenuating circumstances. To be eligible, undergraduate students must be currently passing and have completed at least 12 weeks of the semester. Graduate students must be currently earning a C or better grade and are unable to complete the required work between the course withdrawal deadline and the end of classes. The time line shall be adjusted appropriate for summer sessions and flexibly scheduled courses. Appropriate documentation is generally required to support the extenuating circumstance. The student must initiate the request for the Incomplete mark from the instructor, and it is the responsibility of the student to arrange to make up the incomplete work. Incomplete grades must be made up within one semester (not including summer sessions) for undergraduate students and one calendar year for graduate students. Unless the course is completed or an extension is granted, incomplete grades will automatically lapse to the grade designated on the Incomplete Mark Form at the end of one semester for undergraduate students and at the end of one year for graduate students.</p>\\n<h4>University use of electronic mail</h4>\\n<p>A university-assigned student email account shall be an official university means of communication with all students at Kent State University. Students are responsible for all information sent to them via their university-assigned email account. If a student chooses to forward information in their university email account, he or she is responsible for all information, including attachments, sent to any other email account. To stay current with university information, students are expected to check their official university email account and other electronic communications on a frequent and consistent basis. Recognizing that some communications may be time-critical, the university recommends that electronic communications be checked minimally twice a week.</p>\\n<h4>Plagiarism and academic integrity</h4>\\n<p>Students enrolled in the university, at all its campuses, are to perform their academic work according to standards set by faculty members, departments, schools and colleges of the university; and cheating and plagiarism constitute fraudulent misrepresentation for which no credit can be given and for which appropriate sanctions are warranted and will be applied. For more information: http://www.kent.edu/plagiarism.</p>\\n<h4>Students with disabilities</h4>\\n<p>University Policy 3342-3-01.3 requires that students with disabilities be provided reasonable accommodations to ensure their equal access to course content. If you have a documented disability and require accommodations, please contact the instructor at the beginning of the semester to make arrangements for necessary classroom adjustments. Please note, you must first verify your eligibility for these through Student Accessibility Services (contact 330-672-3391 or visit <a href=\\\"http://www.kent.edu/sas\\\" class=\\\"redactor-autoparser-object\\\">www.kent.edu/sas</a> for more information on registration procedures).</p>\\n<h4>Student survey of instruction evaluation</h4>\\n<p>It is a standard practice of Kent State University to distribute and administer to the learners a confidential and anonymous questionnaire at the completion of the course. The results will be forwarded to the Instructor only at the completion of the class and the submission of all grades. The Instructor will then incorporate the feedback received in future course offerings and in his continual improvement of the course. Please candidly and honestly describe your opinions of the strengths and weakness you experienced as a learner in the course.</p>\\n<h4>Notice of my copyright and intellectual property rights</h4>\\n<p>Any intellectual property displayed or distributed to students during this course (including but not limited to powerpoints, notes, quizzes, examinations) by the professor/lecturer/instructor remains the intellectual property of the professor/lecturer/instructor. This means that the student may not distribute, publish or provide such intellectual property to any other person or entity for any reason, commercial or otherwise, without the express written permission of the professor/lecturer/instructor.</p>\"}}}}}','2018-08-14 15:53:41','2018-08-14 15:53:41','e0838f3f-44c3-4b57-8898-aa9b94fd1299'),(44,103,27,1,1,8,'','{\"typeId\":\"27\",\"authorId\":\"1\",\"title\":\"Syllabus - Responsive Web Design\",\"slug\":\"test-syllabus\",\"postDate\":1534186260,\"expiryDate\":null,\"enabled\":true,\"newParentId\":null,\"fields\":{\"103\":[\"102\"],\"104\":{\"104\":{\"type\":\"about\",\"enabled\":true,\"collapsed\":false,\"fields\":{\"body\":\"<p>Responsive web design isnt just a technical solution for web design - its an entire process that brings multiple disciplines together to form one product that works across multiple devices. The responsive design process includes user experience, content strategy, information architecture, visual design, development, usability testing and technical testing. Students who will succeed in this field will need to be familiar with not just one, but all of these processes, while working in a team-based environment.</p>\\n<p>In this course you will learn the fundamental principles for developing standards-based web sites from a mobile-first and content-first perspective. We will explore each aspect of an agile-inspired process, during which youll learn each step of what it takes to build a website and ensure its functionality for its users in terms of both usability and performance.</p>\\n<p>Just a few of the topics planned to be covered in the Responsive Web Design course include:</p>\\n<h4>Topics</h4>\\n<ul><li>Atomic Design</li>\\n<li>Pattern Libraries and Style Guides</li>\\n<li>Sketching</li>\\n<li>User Research Techniques</li>\\n<li>Rapid Prototyping</li>\\n<li>HTML/CSS/JavaScript</li>\\n<li>Modern Web Design Workflows</li>\\n<li>Mobile Content Strategy</li>\\n<li>Browser Testing</li>\\n<li>Version Control</li>\\n<li>Paired and Team Coding</li>\\n<li>Mobile-First Design</li>\\n<li>Style Tiles and Web Design Techniques</li>\\n<li>Modern Web Layout Tools</li>\\n</ul>\"}},\"105\":{\"type\":\"prerequisites\",\"enabled\":true,\"collapsed\":false,\"fields\":{\"body\":\"<p>Sophomore standing. This course has no other prerequisites, however you must be proficient in basic web and computer applications. You will be expected to write HTML, CSS and light JavaScript code (familiarity with these will be helpful, but is not necessary). You will also be working in vector-based editing tools to help prototype visual designs. Success in this course will depend on your willingness to try learn new skills and collaborate with others from different backgrounds to solve complex problems.</p>\"}},\"106\":{\"type\":\"change\",\"enabled\":true,\"collapsed\":false,\"fields\":{\"body\":\"<p>The syllabus and course schedule may be subject to change. Changes will be communicated via email. It is the responsibility of students to check email messages and course announcements to stay current in the course.</p>\"}},\"107\":{\"type\":\"goals\",\"enabled\":true,\"collapsed\":false,\"fields\":{\"body\":\"<p>In this course, students will:</p>\\n<ul><li>Apply a modern workflow to a responsive web design, including competitive research techniques, content development, information architecture, design and development.</li>\\n<li>Gather and architect content for the web, with a focus on prioritizing content for use on multiple devices.</li>\\n<li>Rapidly prototype web design modules, developing style tiles and reusable patterns for colors, typography, layout and user interface elements.</li>\\n<li>Create interactive prototypes and wireframes in HTML/CSS, using standards-compliant HTML and CSS, media queries and responsive layouts.</li>\\n<li>Test prototypes for common performance, usability and web browser issues.</li>\\n<li>Use version control to create a staging server on which websites will be hosted and updated.</li>\\n<li>Work in a team environment, collaborating with students from a variety of disciplines.</li>\\n<li>Solve common web design problems both independently and as a group, through the use of online resources, books, videos and fellow students.</li>\\n</ul>\"}},\"108\":{\"type\":\"learning\",\"enabled\":true,\"collapsed\":false,\"fields\":{\"body\":\"<p>Most importantly, by the end of this course, students will be able to:</p>\\n<ul><li>Identify and write the most common HTML/CSS properties, with proper indentation and comments, and understand how to use these properties efficiently.</li>\\n<li>Organize and prioritize website content to fit information architecture best practices, including a mobile-first methodology.</li>\\n<li>Use media queries to create a responsive HTML/CSS/JavaScript prototype that accommodates multiple screen sizes and device types.</li>\\n<li>Speak intelligently about responsive web design and describe why its important to future clients, colleagues or employers.</li>\\n<li>Analyze predefined requirements and constraints that a client or employer may ask of a web designer, and creatively apply these to the solution.</li>\\n<li>Critique and speak intelligently about web design in terms of content, colors, typography, user interface elements and layout.</li>\\n<li>Coordinate a web design project and work with other team members to build deliverables along the way.</li>\\n<li>Understand the various roles that are essential to the web design process and appreciate the skills required for each discipline.</li>\\n<li>See themselves as capable and confident when working in code, even if they are not primarily developers. Be willing to cross organizational lines and take chances.</li>\\n<li>Be motivated to expand their knowledge of web design by following influential web designers and businesses that are currently implementing responsive design.</li>\\n<li>Understand how the student and their current area of study fits into a web design role (and their role as a communicator) and expand on their current background to be able to take on future roles in interactive media.</li>\\n<li>Understand how HTML/CSS prototypes integrate into large, dynamic content management systems and complex organizations.</li>\\n<li>Develop test plans and iterate on future design and content systems after identifying usability or technical issues.</li>\\n<li>Identify solutions to complex design/development problems and use online resources to expand knowledge of HTML/CSS processes.</li>\\n</ul>\"}},\"109\":{\"type\":\"materials\",\"enabled\":true,\"collapsed\":false,\"fields\":{\"body\":\"<p>There are 2 required textbooks for the course. One provides detailed examples and instructions for HTML/CSS, and the other provides more practical knowledge on web design topics:</p>\\n<ul><li><em><a href=\\\"https://www.amazon.com/HTML-CSS-Design-Build-Websites/dp/1118008189\\\">HTML and CSS: Design and Build Websites</a></em> by Jon Duckett, November 2011, Wiley. ($18.51 on Amazon)</li>\\n<li><em><a href=\\\"https://abookapart.com/products/responsive-web-design\\\">Responsive Web Design</a></em> by Ethan Marcotte, Second Edition, December 2014, A Book Apart. ($9.00/Ebook or $18.00/Paperback + Shipping)</li>\\n</ul><p>This course will also make use of video tutorials from Lynda.com (available at no charge to students taking this course), as well as free online readings and videos.</p>\"}},\"110\":{\"type\":\"structure\",\"enabled\":true,\"collapsed\":false,\"fields\":{\"body\":\"<p>This class will be held once a week and will have both a lecture/discussion and studio/lab component. Students will be assigned readings from a variety disciplines, authors and topics, which will be discussed during the first half of class. All students will have the opportunity to pair with a student from a different background to work on hands-on examples in class each week, as well as a long-term project that will span the semester. Short homework assignments will be given throughout the semester in order to master key topics.</p>\"}},\"111\":{\"type\":\"preparing\",\"enabled\":true,\"collapsed\":false,\"fields\":{\"body\":\"<p>Students are expected to come to class prepared. This means:</p>\\n<ul><li>Familiarization with the required readings or videos.</li>\\n<li>Readiness to participate in class discussions and activities.</li>\\n<li>Participating in class discussions and hands-on activities.</li>\\n<li>Completing assignments on time and submitting them properly to GitHub each week.</li>\\n</ul>\"}},\"112\":{\"type\":\"schedule\",\"enabled\":true,\"collapsed\":false,\"fields\":{\"body\":\"<p>This course will be divided into two parts. Readings, lecture notes and information on preparing for class will be posted to the <a href=\\\"http://www.rwdkent.com\\\">class website</a>.</p>\\n<p>Please see the <a href=\\\"http://www.rwdkent.com/class/schedule\\\">Detailed Course Schedule</a> for specific dates, times and assignments.</p>\"}},\"113\":{\"type\":\"assignments\",\"enabled\":true,\"collapsed\":false,\"fields\":[]},\"114\":{\"type\":\"attendance\",\"enabled\":true,\"collapsed\":false,\"fields\":{\"body\":\"<p>Well be covering many topics during class, as well as working in groups on exercises to help you master web design techniques. Therefore, attending each of the 15 classes is crucial. I will allow <strong>two missed classes</strong> for the semester. All subsequent absences will only be accepted for the following reasons: sickness (with medical note only), athletic event (with coachs note), religious observation, military responsibility (with documentation) and death in the family (with documentation).</p>\\n<p>Students who miss more than two classes without proper documentation will receive a 0 for their class participation grade for the semester.</p>\\n<p>If you miss class, you are still responsible for contacting the instructor to see what was assigned that day, as well as meeting all assignment deadlines.</p>\\n<p>Some assignments, such as in-class presentations, testing and quizzes, require attendance in order to receive full credit for the assignment.</p>\"}},\"115\":{\"type\":\"late\",\"enabled\":true,\"collapsed\":false,\"fields\":{\"body\":\"<p>The assignments deadlines are to help you manage the workload and stay on track with the course. If an assignment will be late, students must contact the instructor and explain. Kent State accepts the following reasons for late assignments: sickness with medical note, athletic event (with coachs note), religious observation, military responsibility (with documentation), death in the family (with documentation).</p>\\n<p>My policy for late assignments has 3 rules:</p>\\n<ul><li>Late assignments will be accepted so long as you contact the instructor to indicate that it will be late and provide an explanation.</li>\\n<li>Late assignments must be submitted within 1 week of the original due date, without penalty, so long as the student meets the first rule. After 1 week the assignment will be marked as 0.</li>\\n<li>An additional extension may be possible in exceptional circumstances, with documentation. This requires a face-to-face conversation between the student and the instructor.</li>\\n</ul>\"}},\"116\":{\"type\":\"group\",\"enabled\":true,\"collapsed\":false,\"fields\":{\"body\":\"<p>This class uses team-based learning for part or all of the semester. Students must agree to follow the <a href=\\\"../groups/policies\\\">Group Rules &amp; Expectations</a> throughout the course of the project.</p>\"}},\"117\":{\"type\":\"grading\",\"enabled\":true,\"collapsed\":false,\"fields\":{\"body\":\"<p>Final letter grades will be assigned on the basis of the following table. Graduate student assignments will take into account additional advanced components (described within the assignment), differing from undergraduate assignments.</p>\"}},\"119\":{\"type\":\"technology\",\"enabled\":true,\"collapsed\":false,\"fields\":{\"body\":\"<ul><li>Although a laptop is not required, if you have a laptop you are encouraged to bring it to class, as it may be helpful for following along in class. Youll also be viewing and testing your work on multiple devices, so phones and tablets are encouraged.</li>\\n<li>Computers will be provided for in-class work, but you may be asked to share with another student. Students will also be permitted to work on these computers outside of class, when needed.</li>\\n<li>We will be using a variety of free and paid software programs and tools.</li>\\n<li>Paid software may only be used on university-owned computers and will be provided at no charge. If you would like to use paid software on your personal computer, you will need to purchase a license.</li>\\n<li>Software programs and tools to be used in the course include: Sketch, Illustrator, Atom, GitHub, web browsers and Google Drive.</li>\\n</ul>\"}},\"120\":{\"type\":\"communicating\",\"enabled\":true,\"collapsed\":false,\"fields\":{\"body\":\"<p>My office hours for this semester are:</p>\\n<ul><li>Tuesdays: 4:30 - 5:30 p.m.</li>\\n<li>Thursdays: 4:00 - 5:00 p.m.</li>\\n</ul><h4>Email</h4>\\n<p>My email address is <a href=\\\"mailto:challahan@ideabasekent.com\\\">challahan@ideabasekent.com</a>. Here is my email policy:</p>\\n<ul><li>I will usually respond within 24 hours during the week (Mon-Fri). Do not expect an immediate response.</li>\\n<li>I typically check email in the afternoons or evenings, not in the mornings.</li>\\n<li>I may not respond to email on weekends.</li>\\n</ul>\"}},\"121\":{\"type\":\"university\",\"enabled\":true,\"collapsed\":false,\"fields\":{\"body\":\"<p>The following policies and procedures apply to students enrolled at Kent State University. For a complete listing of university policies, please visit the Policy Register page on the Kent State University website.</p>\\n<h4>Course enrollment and withdrawal</h4>\\n<p>University policy requires all students to be officially registered in each class they are attending. Students who are not officially registered for a course by published deadlines should not be attending classes and will not receive credit or a grade for the course. Each student must confirm enrollment by checking his/her class schedule (using Student Tools in FlashFast) prior to the deadline indicated. Registration errors must be corrected prior to the deadline.</p>\\n<p>Every class has its own schedule of deadlines and considerations. To view the add/drop schedule and other important dates for this class, click the CRN link next to each course on View or Print Course Schedule and Purchase Textbooks or click the green clock from Add or Drop a Course from the Student Category/Resources Page/Courses and Registration Section in FlashLine to access course deadlines.</p>\\n<h4>Incomplete grades</h4>\\n<p>The administrative mark of IN (Incomplete) may be given to students who are unable to complete the work due to extenuating circumstances. To be eligible, undergraduate students must be currently passing and have completed at least 12 weeks of the semester. Graduate students must be currently earning a C or better grade and are unable to complete the required work between the course withdrawal deadline and the end of classes. The time line shall be adjusted appropriate for summer sessions and flexibly scheduled courses. Appropriate documentation is generally required to support the extenuating circumstance. The student must initiate the request for the Incomplete mark from the instructor, and it is the responsibility of the student to arrange to make up the incomplete work. Incomplete grades must be made up within one semester (not including summer sessions) for undergraduate students and one calendar year for graduate students. Unless the course is completed or an extension is granted, incomplete grades will automatically lapse to the grade designated on the Incomplete Mark Form at the end of one semester for undergraduate students and at the end of one year for graduate students.</p>\\n<h4>University use of electronic mail</h4>\\n<p>A university-assigned student email account shall be an official university means of communication with all students at Kent State University. Students are responsible for all information sent to them via their university-assigned email account. If a student chooses to forward information in their university email account, he or she is responsible for all information, including attachments, sent to any other email account. To stay current with university information, students are expected to check their official university email account and other electronic communications on a frequent and consistent basis. Recognizing that some communications may be time-critical, the university recommends that electronic communications be checked minimally twice a week.</p>\\n<h4>Plagiarism and academic integrity</h4>\\n<p>Students enrolled in the university, at all its campuses, are to perform their academic work according to standards set by faculty members, departments, schools and colleges of the university; and cheating and plagiarism constitute fraudulent misrepresentation for which no credit can be given and for which appropriate sanctions are warranted and will be applied. For more information: http://www.kent.edu/plagiarism.</p>\\n<h4>Students with disabilities</h4>\\n<p>University Policy 3342-3-01.3 requires that students with disabilities be provided reasonable accommodations to ensure their equal access to course content. If you have a documented disability and require accommodations, please contact the instructor at the beginning of the semester to make arrangements for necessary classroom adjustments. Please note, you must first verify your eligibility for these through Student Accessibility Services (contact 330-672-3391 or visit <a href=\\\"http://www.kent.edu/sas\\\" class=\\\"redactor-autoparser-object\\\">www.kent.edu/sas</a> for more information on registration procedures).</p>\\n<h4>Student survey of instruction evaluation</h4>\\n<p>It is a standard practice of Kent State University to distribute and administer to the learners a confidential and anonymous questionnaire at the completion of the course. The results will be forwarded to the Instructor only at the completion of the class and the submission of all grades. The Instructor will then incorporate the feedback received in future course offerings and in his continual improvement of the course. Please candidly and honestly describe your opinions of the strengths and weakness you experienced as a learner in the course.</p>\\n<h4>Notice of my copyright and intellectual property rights</h4>\\n<p>Any intellectual property displayed or distributed to students during this course (including but not limited to powerpoints, notes, quizzes, examinations) by the professor/lecturer/instructor remains the intellectual property of the professor/lecturer/instructor. This means that the student may not distribute, publish or provide such intellectual property to any other person or entity for any reason, commercial or otherwise, without the express written permission of the professor/lecturer/instructor.</p>\"}}}}}','2018-08-14 16:10:50','2018-08-14 16:10:50','4dafa897-b843-4eb6-a81c-4188a00db5a4'),(45,103,27,1,1,9,'','{\"typeId\":\"27\",\"authorId\":\"1\",\"title\":\"Syllabus - Responsive Web Design\",\"slug\":\"test-syllabus\",\"postDate\":1534186260,\"expiryDate\":null,\"enabled\":true,\"newParentId\":null,\"fields\":{\"103\":[\"102\"],\"104\":{\"104\":{\"type\":\"about\",\"enabled\":true,\"collapsed\":false,\"fields\":{\"body\":\"<p>Responsive web design isnt just a technical solution for web design - its an entire process that brings multiple disciplines together to form one product that works across multiple devices. The responsive design process includes user experience, content strategy, information architecture, visual design, development, usability testing and technical testing. Students who will succeed in this field will need to be familiar with not just one, but all of these processes, while working in a team-based environment.</p>\\n<p>In this course you will learn the fundamental principles for developing standards-based web sites from a mobile-first and content-first perspective. We will explore each aspect of an agile-inspired process, during which youll learn each step of what it takes to build a website and ensure its functionality for its users in terms of both usability and performance.</p>\\n<p>Just a few of the topics planned to be covered in the Responsive Web Design course include:</p>\\n<h4>Topics</h4>\\n<ul><li>Atomic Design</li>\\n<li>Pattern Libraries and Style Guides</li>\\n<li>Sketching</li>\\n<li>User Research Techniques</li>\\n<li>Rapid Prototyping</li>\\n<li>HTML/CSS/JavaScript</li>\\n<li>Modern Web Design Workflows</li>\\n<li>Mobile Content Strategy</li>\\n<li>Browser Testing</li>\\n<li>Version Control</li>\\n<li>Paired and Team Coding</li>\\n<li>Mobile-First Design</li>\\n<li>Style Tiles and Web Design Techniques</li>\\n<li>Modern Web Layout Tools</li>\\n</ul>\"}},\"105\":{\"type\":\"prerequisites\",\"enabled\":true,\"collapsed\":false,\"fields\":{\"body\":\"<p>Sophomore standing. This course has no other prerequisites, however you must be proficient in basic web and computer applications. You will be expected to write HTML, CSS and light JavaScript code (familiarity with these will be helpful, but is not necessary). You will also be working in vector-based editing tools to help prototype visual designs. Success in this course will depend on your willingness to try learn new skills and collaborate with others from different backgrounds to solve complex problems.</p>\"}},\"106\":{\"type\":\"change\",\"enabled\":true,\"collapsed\":false,\"fields\":{\"body\":\"<p>The syllabus and course schedule may be subject to change. Changes will be communicated via email. It is the responsibility of students to check email messages and course announcements to stay current in the course.</p>\"}},\"107\":{\"type\":\"goals\",\"enabled\":true,\"collapsed\":false,\"fields\":{\"body\":\"<p>In this course, students will:</p>\\n<ul><li>Apply a modern workflow to a responsive web design, including competitive research techniques, content development, information architecture, design and development.</li>\\n<li>Gather and architect content for the web, with a focus on prioritizing content for use on multiple devices.</li>\\n<li>Rapidly prototype web design modules, developing style tiles and reusable patterns for colors, typography, layout and user interface elements.</li>\\n<li>Create interactive prototypes and wireframes in HTML/CSS, using standards-compliant HTML and CSS, media queries and responsive layouts.</li>\\n<li>Test prototypes for common performance, usability and web browser issues.</li>\\n<li>Use version control to create a staging server on which websites will be hosted and updated.</li>\\n<li>Work in a team environment, collaborating with students from a variety of disciplines.</li>\\n<li>Solve common web design problems both independently and as a group, through the use of online resources, books, videos and fellow students.</li>\\n</ul>\"}},\"108\":{\"type\":\"learning\",\"enabled\":true,\"collapsed\":false,\"fields\":{\"body\":\"<p>Most importantly, by the end of this course, students will be able to:</p>\\n<ul><li>Identify and write the most common HTML/CSS properties, with proper indentation and comments, and understand how to use these properties efficiently.</li>\\n<li>Organize and prioritize website content to fit information architecture best practices, including a mobile-first methodology.</li>\\n<li>Use media queries to create a responsive HTML/CSS/JavaScript prototype that accommodates multiple screen sizes and device types.</li>\\n<li>Speak intelligently about responsive web design and describe why its important to future clients, colleagues or employers.</li>\\n<li>Analyze predefined requirements and constraints that a client or employer may ask of a web designer, and creatively apply these to the solution.</li>\\n<li>Critique and speak intelligently about web design in terms of content, colors, typography, user interface elements and layout.</li>\\n<li>Coordinate a web design project and work with other team members to build deliverables along the way.</li>\\n<li>Understand the various roles that are essential to the web design process and appreciate the skills required for each discipline.</li>\\n<li>See themselves as capable and confident when working in code, even if they are not primarily developers. Be willing to cross organizational lines and take chances.</li>\\n<li>Be motivated to expand their knowledge of web design by following influential web designers and businesses that are currently implementing responsive design.</li>\\n<li>Understand how the student and their current area of study fits into a web design role (and their role as a communicator) and expand on their current background to be able to take on future roles in interactive media.</li>\\n<li>Understand how HTML/CSS prototypes integrate into large, dynamic content management systems and complex organizations.</li>\\n<li>Develop test plans and iterate on future design and content systems after identifying usability or technical issues.</li>\\n<li>Identify solutions to complex design/development problems and use online resources to expand knowledge of HTML/CSS processes.</li>\\n</ul>\"}},\"109\":{\"type\":\"materials\",\"enabled\":true,\"collapsed\":false,\"fields\":{\"body\":\"<p>There are 2 required textbooks for the course. One provides detailed examples and instructions for HTML/CSS, and the other provides more practical knowledge on web design topics:</p>\\n<ul><li><em><a href=\\\"https://www.amazon.com/HTML-CSS-Design-Build-Websites/dp/1118008189\\\">HTML and CSS: Design and Build Websites</a></em> by Jon Duckett, November 2011, Wiley. ($18.51 on Amazon)</li>\\n<li><em><a href=\\\"https://abookapart.com/products/responsive-web-design\\\">Responsive Web Design</a></em> by Ethan Marcotte, Second Edition, December 2014, A Book Apart. ($9.00/Ebook or $18.00/Paperback + Shipping)</li>\\n</ul><p>This course will also make use of video tutorials from Lynda.com (available at no charge to students taking this course), as well as free online readings and videos.</p>\"}},\"110\":{\"type\":\"structure\",\"enabled\":true,\"collapsed\":false,\"fields\":{\"body\":\"<p>This class will be held once a week and will have both a lecture/discussion and studio/lab component. Students will be assigned readings from a variety disciplines, authors and topics, which will be discussed during the first half of class. All students will have the opportunity to pair with a student from a different background to work on hands-on examples in class each week, as well as a long-term project that will span the semester. Short homework assignments will be given throughout the semester in order to master key topics.</p>\"}},\"111\":{\"type\":\"preparing\",\"enabled\":true,\"collapsed\":false,\"fields\":{\"body\":\"<p>Students are expected to come to class prepared. This means:</p>\\n<ul><li>Familiarization with the required readings or videos.</li>\\n<li>Readiness to participate in class discussions and activities.</li>\\n<li>Participating in class discussions and hands-on activities.</li>\\n<li>Completing assignments on time and submitting them properly to GitHub each week.</li>\\n</ul>\"}},\"112\":{\"type\":\"schedule\",\"enabled\":true,\"collapsed\":false,\"fields\":{\"body\":\"<p>This course will be divided into two parts. Readings, lecture notes and information on preparing for class will be posted to the <a href=\\\"http://www.rwdkent.com\\\">class website</a>.</p>\\n<p>Please see the <a href=\\\"http://www.rwdkent.com/class/schedule\\\">Detailed Course Schedule</a> for specific dates, times and assignments.</p>\"}},\"113\":{\"type\":\"assignments\",\"enabled\":true,\"collapsed\":false,\"fields\":[]},\"114\":{\"type\":\"attendance\",\"enabled\":true,\"collapsed\":false,\"fields\":{\"body\":\"<p>Well be covering many topics during class, as well as working in groups on exercises to help you master web design techniques. Therefore, attending each of the 15 classes is crucial. I will allow <strong>two missed classes</strong> for the semester. All subsequent absences will only be accepted for the following reasons: sickness (with medical note only), athletic event (with coachs note), religious observation, military responsibility (with documentation) and death in the family (with documentation).</p>\\n<p>Students who miss more than two classes without proper documentation will receive a 0 for their class participation grade for the semester.</p>\\n<p>If you miss class, you are still responsible for contacting the instructor to see what was assigned that day, as well as meeting all assignment deadlines.</p>\\n<p>Some assignments, such as in-class presentations, testing and quizzes, require attendance in order to receive full credit for the assignment.</p>\"}},\"115\":{\"type\":\"late\",\"enabled\":true,\"collapsed\":false,\"fields\":{\"body\":\"<p>The assignments deadlines are to help you manage the workload and stay on track with the course. If an assignment will be late, students must contact the instructor and explain. Kent State accepts the following reasons for late assignments: sickness with medical note, athletic event (with coachs note), religious observation, military responsibility (with documentation), death in the family (with documentation).</p>\\n<p>My policy for late assignments has 3 rules:</p>\\n<ul><li>Late assignments will be accepted so long as you contact the instructor to indicate that it will be late and provide an explanation.</li>\\n<li>Late assignments must be submitted within 1 week of the original due date, without penalty, so long as the student meets the first rule. After 1 week the assignment will be marked as 0.</li>\\n<li>An additional extension may be possible in exceptional circumstances, with documentation. This requires a face-to-face conversation between the student and the instructor.</li>\\n</ul>\"}},\"116\":{\"type\":\"group\",\"enabled\":true,\"collapsed\":false,\"fields\":{\"body\":\"<p>This class uses team-based learning for part or all of the semester. Students must agree to follow the <a href=\\\"../groups/policies\\\">Group Rules &amp; Expectations</a> throughout the course of the project.</p>\"}},\"117\":{\"type\":\"grading\",\"enabled\":true,\"collapsed\":false,\"fields\":{\"body\":\"<p>Final letter grades will be assigned on the basis of the following table. Graduate student assignments will take into account additional advanced components (described within the assignment), differing from undergraduate assignments. </p>\\n\\n<table><thead><tr><th style=\\\"text-align:left;\\\">Letter</th>\\n <th style=\\\"text-align:left;\\\">Percentage</th>\\n </tr></thead><tbody><tr><td style=\\\"text-align:left;\\\">A</td>\\n <td style=\\\"text-align:left;\\\">93% or higher</td>\\n </tr><tr><td style=\\\"text-align:left;\\\">A-</td>\\n <td style=\\\"text-align:left;\\\">90-92%</td>\\n </tr><tr><td style=\\\"text-align:left;\\\">B+</td>\\n <td style=\\\"text-align:left;\\\">87-89%</td>\\n </tr><tr><td style=\\\"text-align:left;\\\">B</td>\\n <td style=\\\"text-align:left;\\\">83-86%</td>\\n </tr><tr><td style=\\\"text-align:left;\\\">B-</td>\\n <td style=\\\"text-align:left;\\\">80-82%</td>\\n </tr><tr><td style=\\\"text-align:left;\\\">C</td>\\n <td style=\\\"text-align:left;\\\">70-79%</td>\\n </tr><tr><td style=\\\"text-align:left;\\\">D</td>\\n <td style=\\\"text-align:left;\\\">60-69%</td>\\n </tr><tr><td style=\\\"text-align:left;\\\">F</td>\\n <td style=\\\"text-align:left;\\\">&lt; 60%</td>\\n </tr></tbody></table>\"}},\"119\":{\"type\":\"technology\",\"enabled\":true,\"collapsed\":false,\"fields\":{\"body\":\"<ul><li>Although a laptop is not required, if you have a laptop you are encouraged to bring it to class, as it may be helpful for following along in class. Youll also be viewing and testing your work on multiple devices, so phones and tablets are encouraged.</li>\\n<li>Computers will be provided for in-class work, but you may be asked to share with another student. Students will also be permitted to work on these computers outside of class, when needed.</li>\\n<li>We will be using a variety of free and paid software programs and tools.</li>\\n<li>Paid software may only be used on university-owned computers and will be provided at no charge. If you would like to use paid software on your personal computer, you will need to purchase a license.</li>\\n<li>Software programs and tools to be used in the course include: Sketch, Illustrator, Atom, GitHub, web browsers and Google Drive.</li>\\n</ul>\"}},\"120\":{\"type\":\"communicating\",\"enabled\":true,\"collapsed\":false,\"fields\":{\"body\":\"<p>My office hours for this semester are:</p>\\n<ul><li>Tuesdays: 4:30 - 5:30 p.m.</li>\\n<li>Thursdays: 4:00 - 5:00 p.m.</li>\\n</ul><h4>Email</h4>\\n<p>My email address is <a href=\\\"mailto:challahan@ideabasekent.com\\\">challahan@ideabasekent.com</a>. Here is my email policy:</p>\\n<ul><li>I will usually respond within 24 hours during the week (Mon-Fri). Do not expect an immediate response.</li>\\n<li>I typically check email in the afternoons or evenings, not in the mornings.</li>\\n<li>I may not respond to email on weekends.</li>\\n</ul>\"}},\"121\":{\"type\":\"university\",\"enabled\":true,\"collapsed\":false,\"fields\":{\"body\":\"<p>The following policies and procedures apply to students enrolled at Kent State University. For a complete listing of university policies, please visit the Policy Register page on the Kent State University website.</p>\\n<h4>Course enrollment and withdrawal</h4>\\n<p>University policy requires all students to be officially registered in each class they are attending. Students who are not officially registered for a course by published deadlines should not be attending classes and will not receive credit or a grade for the course. Each student must confirm enrollment by checking his/her class schedule (using Student Tools in FlashFast) prior to the deadline indicated. Registration errors must be corrected prior to the deadline.</p>\\n<p>Every class has its own schedule of deadlines and considerations. To view the add/drop schedule and other important dates for this class, click the CRN link next to each course on View or Print Course Schedule and Purchase Textbooks or click the green clock from Add or Drop a Course from the Student Category/Resources Page/Courses and Registration Section in FlashLine to access course deadlines.</p>\\n<h4>Incomplete grades</h4>\\n<p>The administrative mark of IN (Incomplete) may be given to students who are unable to complete the work due to extenuating circumstances. To be eligible, undergraduate students must be currently passing and have completed at least 12 weeks of the semester. Graduate students must be currently earning a C or better grade and are unable to complete the required work between the course withdrawal deadline and the end of classes. The time line shall be adjusted appropriate for summer sessions and flexibly scheduled courses. Appropriate documentation is generally required to support the extenuating circumstance. The student must initiate the request for the Incomplete mark from the instructor, and it is the responsibility of the student to arrange to make up the incomplete work. Incomplete grades must be made up within one semester (not including summer sessions) for undergraduate students and one calendar year for graduate students. Unless the course is completed or an extension is granted, incomplete grades will automatically lapse to the grade designated on the Incomplete Mark Form at the end of one semester for undergraduate students and at the end of one year for graduate students.</p>\\n<h4>University use of electronic mail</h4>\\n<p>A university-assigned student email account shall be an official university means of communication with all students at Kent State University. Students are responsible for all information sent to them via their university-assigned email account. If a student chooses to forward information in their university email account, he or she is responsible for all information, including attachments, sent to any other email account. To stay current with university information, students are expected to check their official university email account and other electronic communications on a frequent and consistent basis. Recognizing that some communications may be time-critical, the university recommends that electronic communications be checked minimally twice a week.</p>\\n<h4>Plagiarism and academic integrity</h4>\\n<p>Students enrolled in the university, at all its campuses, are to perform their academic work according to standards set by faculty members, departments, schools and colleges of the university; and cheating and plagiarism constitute fraudulent misrepresentation for which no credit can be given and for which appropriate sanctions are warranted and will be applied. For more information: http://www.kent.edu/plagiarism.</p>\\n<h4>Students with disabilities</h4>\\n<p>University Policy 3342-3-01.3 requires that students with disabilities be provided reasonable accommodations to ensure their equal access to course content. If you have a documented disability and require accommodations, please contact the instructor at the beginning of the semester to make arrangements for necessary classroom adjustments. Please note, you must first verify your eligibility for these through Student Accessibility Services (contact 330-672-3391 or visit <a href=\\\"http://www.kent.edu/sas\\\" class=\\\"redactor-autoparser-object\\\">www.kent.edu/sas</a> for more information on registration procedures).</p>\\n<h4>Student survey of instruction evaluation</h4>\\n<p>It is a standard practice of Kent State University to distribute and administer to the learners a confidential and anonymous questionnaire at the completion of the course. The results will be forwarded to the Instructor only at the completion of the class and the submission of all grades. The Instructor will then incorporate the feedback received in future course offerings and in his continual improvement of the course. Please candidly and honestly describe your opinions of the strengths and weakness you experienced as a learner in the course.</p>\\n<h4>Notice of my copyright and intellectual property rights</h4>\\n<p>Any intellectual property displayed or distributed to students during this course (including but not limited to powerpoints, notes, quizzes, examinations) by the professor/lecturer/instructor remains the intellectual property of the professor/lecturer/instructor. This means that the student may not distribute, publish or provide such intellectual property to any other person or entity for any reason, commercial or otherwise, without the express written permission of the professor/lecturer/instructor.</p>\"}}}}}','2018-08-14 16:11:34','2018-08-14 16:11:34','1f979a6c-fd57-4e42-b321-c1a37ffc110f'),(46,103,27,1,1,10,'','{\"typeId\":\"27\",\"authorId\":\"1\",\"title\":\"Syllabus - Responsive Web Design\",\"slug\":\"test-syllabus\",\"postDate\":1534186260,\"expiryDate\":null,\"enabled\":true,\"newParentId\":null,\"fields\":{\"103\":[\"102\"],\"104\":{\"104\":{\"type\":\"about\",\"enabled\":true,\"collapsed\":false,\"fields\":{\"body\":\"<p>Responsive web design isnt just a technical solution for web design - its an entire process that brings multiple disciplines together to form one product that works across multiple devices. The responsive design process includes user experience, content strategy, information architecture, visual design, development, usability testing and technical testing. Students who will succeed in this field will need to be familiar with not just one, but all of these processes, while working in a team-based environment.</p>\\n<p>In this course you will learn the fundamental principles for developing standards-based web sites from a mobile-first and content-first perspective. We will explore each aspect of an agile-inspired process, during which youll learn each step of what it takes to build a website and ensure its functionality for its users in terms of both usability and performance.</p>\\n<p>Just a few of the topics planned to be covered in the Responsive Web Design course include:</p>\\n<h4>Topics</h4>\\n<ul><li>Atomic Design</li>\\n<li>Pattern Libraries and Style Guides</li>\\n<li>Sketching</li>\\n<li>User Research Techniques</li>\\n<li>Rapid Prototyping</li>\\n<li>HTML/CSS/JavaScript</li>\\n<li>Modern Web Design Workflows</li>\\n<li>Mobile Content Strategy</li>\\n<li>Browser Testing</li>\\n<li>Version Control</li>\\n<li>Paired and Team Coding</li>\\n<li>Mobile-First Design</li>\\n<li>Style Tiles and Web Design Techniques</li>\\n<li>Modern Web Layout Tools</li>\\n</ul>\"}},\"105\":{\"type\":\"prerequisites\",\"enabled\":true,\"collapsed\":false,\"fields\":{\"body\":\"<p>Sophomore standing. This course has no other prerequisites, however you must be proficient in basic web and computer applications. You will be expected to write HTML, CSS and light JavaScript code (familiarity with these will be helpful, but is not necessary). You will also be working in vector-based editing tools to help prototype visual designs. Success in this course will depend on your willingness to try learn new skills and collaborate with others from different backgrounds to solve complex problems.</p>\"}},\"106\":{\"type\":\"change\",\"enabled\":true,\"collapsed\":false,\"fields\":{\"body\":\"<p>The syllabus and course schedule may be subject to change. Changes will be communicated via email. It is the responsibility of students to check email messages and course announcements to stay current in the course.</p>\"}},\"107\":{\"type\":\"goals\",\"enabled\":true,\"collapsed\":false,\"fields\":{\"body\":\"<p>In this course, students will:</p>\\n<ul><li>Apply a modern workflow to a responsive web design, including competitive research techniques, content development, information architecture, design and development.</li>\\n<li>Gather and architect content for the web, with a focus on prioritizing content for use on multiple devices.</li>\\n<li>Rapidly prototype web design modules, developing style tiles and reusable patterns for colors, typography, layout and user interface elements.</li>\\n<li>Create interactive prototypes and wireframes in HTML/CSS, using standards-compliant HTML and CSS, media queries and responsive layouts.</li>\\n<li>Test prototypes for common performance, usability and web browser issues.</li>\\n<li>Use version control to create a staging server on which websites will be hosted and updated.</li>\\n<li>Work in a team environment, collaborating with students from a variety of disciplines.</li>\\n<li>Solve common web design problems both independently and as a group, through the use of online resources, books, videos and fellow students.</li>\\n</ul>\"}},\"108\":{\"type\":\"learning\",\"enabled\":true,\"collapsed\":false,\"fields\":{\"body\":\"<p>Most importantly, by the end of this course, students will be able to:</p>\\n<ul><li>Identify and write the most common HTML/CSS properties, with proper indentation and comments, and understand how to use these properties efficiently.</li>\\n<li>Organize and prioritize website content to fit information architecture best practices, including a mobile-first methodology.</li>\\n<li>Use media queries to create a responsive HTML/CSS/JavaScript prototype that accommodates multiple screen sizes and device types.</li>\\n<li>Speak intelligently about responsive web design and describe why its important to future clients, colleagues or employers.</li>\\n<li>Analyze predefined requirements and constraints that a client or employer may ask of a web designer, and creatively apply these to the solution.</li>\\n<li>Critique and speak intelligently about web design in terms of content, colors, typography, user interface elements and layout.</li>\\n<li>Coordinate a web design project and work with other team members to build deliverables along the way.</li>\\n<li>Understand the various roles that are essential to the web design process and appreciate the skills required for each discipline.</li>\\n<li>See themselves as capable and confident when working in code, even if they are not primarily developers. Be willing to cross organizational lines and take chances.</li>\\n<li>Be motivated to expand their knowledge of web design by following influential web designers and businesses that are currently implementing responsive design.</li>\\n<li>Understand how the student and their current area of study fits into a web design role (and their role as a communicator) and expand on their current background to be able to take on future roles in interactive media.</li>\\n<li>Understand how HTML/CSS prototypes integrate into large, dynamic content management systems and complex organizations.</li>\\n<li>Develop test plans and iterate on future design and content systems after identifying usability or technical issues.</li>\\n<li>Identify solutions to complex design/development problems and use online resources to expand knowledge of HTML/CSS processes.</li>\\n</ul>\"}},\"109\":{\"type\":\"materials\",\"enabled\":true,\"collapsed\":false,\"fields\":{\"body\":\"<p>There are 2 required textbooks for the course. One provides detailed examples and instructions for HTML/CSS, and the other provides more practical knowledge on web design topics:</p>\\n<ul><li><em><a href=\\\"https://www.amazon.com/HTML-CSS-Design-Build-Websites/dp/1118008189\\\">HTML and CSS: Design and Build Websites</a></em> by Jon Duckett, November 2011, Wiley. ($18.51 on Amazon)</li>\\n<li><em><a href=\\\"https://abookapart.com/products/responsive-web-design\\\">Responsive Web Design</a></em> by Ethan Marcotte, Second Edition, December 2014, A Book Apart. ($9.00/Ebook or $18.00/Paperback + Shipping)</li>\\n</ul><p>This course will also make use of video tutorials from Lynda.com (available at no charge to students taking this course), as well as free online readings and videos.</p>\"}},\"110\":{\"type\":\"structure\",\"enabled\":true,\"collapsed\":false,\"fields\":{\"body\":\"<p>This class will be held once a week and will have both a lecture/discussion and studio/lab component. Students will be assigned readings from a variety disciplines, authors and topics, which will be discussed during the first half of class. All students will have the opportunity to pair with a student from a different background to work on hands-on examples in class each week, as well as a long-term project that will span the semester. Short homework assignments will be given throughout the semester in order to master key topics.</p>\"}},\"111\":{\"type\":\"preparing\",\"enabled\":true,\"collapsed\":false,\"fields\":{\"body\":\"<p>Students are expected to come to class prepared. This means:</p>\\n<ul><li>Familiarization with the required readings or videos.</li>\\n<li>Readiness to participate in class discussions and activities.</li>\\n<li>Participating in class discussions and hands-on activities.</li>\\n<li>Completing assignments on time and submitting them properly to GitHub each week.</li>\\n</ul>\"}},\"112\":{\"type\":\"schedule\",\"enabled\":true,\"collapsed\":false,\"fields\":{\"body\":\"<p>This course will be divided into two parts. Readings, lecture notes and information on preparing for class will be posted to the <a href=\\\"http://www.rwdkent.com\\\">class website</a>.</p>\\n<p>Please see the <a href=\\\"http://www.rwdkent.com/class/schedule\\\">Detailed Course Schedule</a> for specific dates, times and assignments.</p>\\n<h4>Part 1: Principles of Responsive Web Design</h4>\\n<p>Students explore the concept of responsive web design, learn why it matters and will begin implementing simple HTML, CSS and JavaScript in the browser. Students will read Responsive Web Design by Ethan Marcotte as part of this section and will refer to the HTML + CSS textbook frequently.</p>\\n<h4>Part 2: Responsive Design in Practice</h4>\\n<p>Students will apply competitive research findings to a content prototype, collecting, organizing and prioritizing the most important information. Students will begin an iterative design process using CSS, where theyll begin by mocking up design components in digital style tiles and then turning those components into reusable HTML/CSS pattern libraries. Students will learn the importance of designing a visual language for their websites using web typography, colors, user interface elements and layouts. Finally, the content and design will begin to come together in the form of prototypes. Students will learn how prototypes are tested with usability, technical and accessibility testing. Part 2 will end with the presentation and class critique of a website prototype and pattern library.</p>\"}},\"113\":{\"type\":\"assignments\",\"enabled\":true,\"collapsed\":false,\"fields\":[]},\"114\":{\"type\":\"attendance\",\"enabled\":true,\"collapsed\":false,\"fields\":{\"body\":\"<p>Well be covering many topics during class, as well as working in groups on exercises to help you master web design techniques. Therefore, attending each of the 15 classes is crucial. I will allow <strong>two missed classes</strong> for the semester. All subsequent absences will only be accepted for the following reasons: sickness (with medical note only), athletic event (with coachs note), religious observation, military responsibility (with documentation) and death in the family (with documentation).</p>\\n<p>Students who miss more than two classes without proper documentation will receive a 0 for their class participation grade for the semester.</p>\\n<p>If you miss class, you are still responsible for contacting the instructor to see what was assigned that day, as well as meeting all assignment deadlines.</p>\\n<p>Some assignments, such as in-class presentations, testing and quizzes, require attendance in order to receive full credit for the assignment.</p>\"}},\"115\":{\"type\":\"late\",\"enabled\":true,\"collapsed\":false,\"fields\":{\"body\":\"<p>The assignments deadlines are to help you manage the workload and stay on track with the course. If an assignment will be late, students must contact the instructor and explain. Kent State accepts the following reasons for late assignments: sickness with medical note, athletic event (with coachs note), religious observation, military responsibility (with documentation), death in the family (with documentation).</p>\\n<p>My policy for late assignments has 3 rules:</p>\\n<ul><li>Late assignments will be accepted so long as you contact the instructor to indicate that it will be late and provide an explanation.</li>\\n<li>Late assignments must be submitted within 1 week of the original due date, without penalty, so long as the student meets the first rule. After 1 week the assignment will be marked as 0.</li>\\n<li>An additional extension may be possible in exceptional circumstances, with documentation. This requires a face-to-face conversation between the student and the instructor.</li>\\n</ul>\"}},\"116\":{\"type\":\"group\",\"enabled\":true,\"collapsed\":false,\"fields\":{\"body\":\"<p>This class uses team-based learning for part or all of the semester. Students must agree to follow the <a href=\\\"../groups/policies\\\">Group Rules &amp; Expectations</a> throughout the course of the project.</p>\"}},\"117\":{\"type\":\"grading\",\"enabled\":true,\"collapsed\":false,\"fields\":{\"body\":\"<p>Final letter grades will be assigned on the basis of the following table. Graduate student assignments will take into account additional advanced components (described within the assignment), differing from undergraduate assignments. </p>\\n<table><thead><tr><th style=\\\"text-align:left;\\\">Letter</th>\\n <th style=\\\"text-align:left;\\\">Percentage</th>\\n </tr></thead><tbody><tr><td style=\\\"text-align:left;\\\">A</td>\\n <td style=\\\"text-align:left;\\\">93% or higher</td>\\n </tr><tr><td style=\\\"text-align:left;\\\">A-</td>\\n <td style=\\\"text-align:left;\\\">90-92%</td>\\n </tr><tr><td style=\\\"text-align:left;\\\">B+</td>\\n <td style=\\\"text-align:left;\\\">87-89%</td>\\n </tr><tr><td style=\\\"text-align:left;\\\">B</td>\\n <td style=\\\"text-align:left;\\\">83-86%</td>\\n </tr><tr><td style=\\\"text-align:left;\\\">B-</td>\\n <td style=\\\"text-align:left;\\\">80-82%</td>\\n </tr><tr><td style=\\\"text-align:left;\\\">C</td>\\n <td style=\\\"text-align:left;\\\">70-79%</td>\\n </tr><tr><td style=\\\"text-align:left;\\\">D</td>\\n <td style=\\\"text-align:left;\\\">60-69%</td>\\n </tr><tr><td style=\\\"text-align:left;\\\">F</td>\\n <td style=\\\"text-align:left;\\\">&lt; 60%</td>\\n </tr></tbody></table>\"}},\"119\":{\"type\":\"technology\",\"enabled\":true,\"collapsed\":false,\"fields\":{\"body\":\"<ul><li>Although a laptop is not required, if you have a laptop you are encouraged to bring it to class, as it may be helpful for following along in class. Youll also be viewing and testing your work on multiple devices, so phones and tablets are encouraged.</li>\\n<li>Computers will be provided for in-class work, but you may be asked to share with another student. Students will also be permitted to work on these computers outside of class, when needed.</li>\\n<li>We will be using a variety of free and paid software programs and tools.</li>\\n<li>Paid software may only be used on university-owned computers and will be provided at no charge. If you would like to use paid software on your personal computer, you will need to purchase a license.</li>\\n<li>Software programs and tools to be used in the course include: Sketch, Illustrator, Atom, GitHub, web browsers and Google Drive.</li>\\n</ul>\"}},\"120\":{\"type\":\"communicating\",\"enabled\":true,\"collapsed\":false,\"fields\":{\"body\":\"<p>My office hours for this semester are:</p>\\n<ul><li>Tuesdays: 4:30 - 5:30 p.m.</li>\\n<li>Thursdays: 4:00 - 5:00 p.m.</li>\\n</ul><h4>Email</h4>\\n<p>My email address is <a href=\\\"mailto:challahan@ideabasekent.com\\\">challahan@ideabasekent.com</a>. Here is my email policy:</p>\\n<ul><li>I will usually respond within 24 hours during the week (Mon-Fri). Do not expect an immediate response.</li>\\n<li>I typically check email in the afternoons or evenings, not in the mornings.</li>\\n<li>I may not respond to email on weekends.</li>\\n</ul>\"}},\"121\":{\"type\":\"university\",\"enabled\":true,\"collapsed\":false,\"fields\":{\"body\":\"<p>The following policies and procedures apply to students enrolled at Kent State University. For a complete listing of university policies, please visit the Policy Register page on the Kent State University website.</p>\\n<h4>Course enrollment and withdrawal</h4>\\n<p>University policy requires all students to be officially registered in each class they are attending. Students who are not officially registered for a course by published deadlines should not be attending classes and will not receive credit or a grade for the course. Each student must confirm enrollment by checking his/her class schedule (using Student Tools in FlashFast) prior to the deadline indicated. Registration errors must be corrected prior to the deadline.</p>\\n<p>Every class has its own schedule of deadlines and considerations. To view the add/drop schedule and other important dates for this class, click the CRN link next to each course on View or Print Course Schedule and Purchase Textbooks or click the green clock from Add or Drop a Course from the Student Category/Resources Page/Courses and Registration Section in FlashLine to access course deadlines.</p>\\n<h4>Incomplete grades</h4>\\n<p>The administrative mark of IN (Incomplete) may be given to students who are unable to complete the work due to extenuating circumstances. To be eligible, undergraduate students must be currently passing and have completed at least 12 weeks of the semester. Graduate students must be currently earning a C or better grade and are unable to complete the required work between the course withdrawal deadline and the end of classes. The time line shall be adjusted appropriate for summer sessions and flexibly scheduled courses. Appropriate documentation is generally required to support the extenuating circumstance. The student must initiate the request for the Incomplete mark from the instructor, and it is the responsibility of the student to arrange to make up the incomplete work. Incomplete grades must be made up within one semester (not including summer sessions) for undergraduate students and one calendar year for graduate students. Unless the course is completed or an extension is granted, incomplete grades will automatically lapse to the grade designated on the Incomplete Mark Form at the end of one semester for undergraduate students and at the end of one year for graduate students.</p>\\n<h4>University use of electronic mail</h4>\\n<p>A university-assigned student email account shall be an official university means of communication with all students at Kent State University. Students are responsible for all information sent to them via their university-assigned email account. If a student chooses to forward information in their university email account, he or she is responsible for all information, including attachments, sent to any other email account. To stay current with university information, students are expected to check their official university email account and other electronic communications on a frequent and consistent basis. Recognizing that some communications may be time-critical, the university recommends that electronic communications be checked minimally twice a week.</p>\\n<h4>Plagiarism and academic integrity</h4>\\n<p>Students enrolled in the university, at all its campuses, are to perform their academic work according to standards set by faculty members, departments, schools and colleges of the university; and cheating and plagiarism constitute fraudulent misrepresentation for which no credit can be given and for which appropriate sanctions are warranted and will be applied. For more information: http://www.kent.edu/plagiarism.</p>\\n<h4>Students with disabilities</h4>\\n<p>University Policy 3342-3-01.3 requires that students with disabilities be provided reasonable accommodations to ensure their equal access to course content. If you have a documented disability and require accommodations, please contact the instructor at the beginning of the semester to make arrangements for necessary classroom adjustments. Please note, you must first verify your eligibility for these through Student Accessibility Services (contact 330-672-3391 or visit <a href=\\\"http://www.kent.edu/sas\\\" class=\\\"redactor-autoparser-object\\\">www.kent.edu/sas</a> for more information on registration procedures).</p>\\n<h4>Student survey of instruction evaluation</h4>\\n<p>It is a standard practice of Kent State University to distribute and administer to the learners a confidential and anonymous questionnaire at the completion of the course. The results will be forwarded to the Instructor only at the completion of the class and the submission of all grades. The Instructor will then incorporate the feedback received in future course offerings and in his continual improvement of the course. Please candidly and honestly describe your opinions of the strengths and weakness you experienced as a learner in the course.</p>\\n<h4>Notice of my copyright and intellectual property rights</h4>\\n<p>Any intellectual property displayed or distributed to students during this course (including but not limited to powerpoints, notes, quizzes, examinations) by the professor/lecturer/instructor remains the intellectual property of the professor/lecturer/instructor. This means that the student may not distribute, publish or provide such intellectual property to any other person or entity for any reason, commercial or otherwise, without the express written permission of the professor/lecturer/instructor.</p>\"}}}}}','2018-08-14 16:14:34','2018-08-14 16:14:34','c78a6ffc-2fdc-436c-8169-4e48ca6fe046'),(47,69,22,1,1,9,'','{\"typeId\":\"22\",\"authorId\":null,\"title\":\"About\",\"slug\":\"about\",\"postDate\":1533657240,\"expiryDate\":null,\"enabled\":true,\"newParentId\":null,\"fields\":{\"66\":\"<p class=\\\"section-introduction\\\">In 2010, Ethan Marcotte published his famous article on A List Apart called <a href=\\\"http://alistapart.com/article/responsive-web-design\\\">Responsive Web Design</a>. The article was quickly followed by the <a href=\\\"http://abookapart.com/products/responsive-web-design\\\">Responsive Web Design Book</a>, published by A Book Apart in 2011. In this book, Marcotte popularized the idea of using flexible grids and CSS media queries to build a single website that scales across mobile phones, tablets, desktop computers, televisions and everything in between.</p>\\n<p>Since then, Responsive Web Design has become not just a technical solution for web design - its an entire process that brings multiple disciplines together to form one product that works across multiple devices. The responsive design process includes user experience, content strategy, information architecture, visual design, HTML/CSS/JavaScript development, usability testing and technical testing.</p>\\n<h2>RWD at Kent State</h2>\\n<p>Kent State University\'s Responsive Web Design classes were designed with the goal of bringing together students from multiple disciplines from within the <a href=\\\"http://www.kent.edu/cci\\\">College of Communication and Information</a> and giving them the skills they need to work with and become web designers. The classes are hands-on and encourage active learning. The class is constantly evolving, always integrating the latest advancements in design, development and user experience design.</p>\\n<p>I\'m making this information public with the hope that others will find it helpful when creating similar programs at their educational institutions.</p>\\n<h2>About the Instructor: Christopher Hallahan</h2>\\n<p>I work full time for Kent State\'s <a href=\\\"http://www.kent.edu/cci\\\">College of Communication &amp; Information (CCI)</a> as a User Experience Designer at the college and <a href=\\\"http://www.ideabasekent.com\\\">IdeaBase</a>, a collaborative, student-run agency located in Downtown Kent, where we conduct research, design and development work for real-world clients, both inside and outside the university.</p>\\n<p>My degrees are both from Kent State University - a bachelor\'s degree (2008) in Electronic Media (School of Journalism and Mass Communication) and master\'s degree (2010) in User Experience Design (School of Library &amp; Information Science).</p>\\n<p>You can learn more about me at my personal website, <a href=\\\"http://www.chrishallahan.com\\\">www.chrishallahan.com</a>.</p>\",\"101\":[\"97\"]}}','2018-08-14 17:27:21','2018-08-14 17:27:21','40777ee7-1a8a-4339-b62d-0dc050ae375a'),(48,69,22,1,1,10,'','{\"typeId\":\"22\",\"authorId\":null,\"title\":\"About\",\"slug\":\"about\",\"postDate\":1533657240,\"expiryDate\":null,\"enabled\":true,\"newParentId\":null,\"fields\":{\"66\":\"<p class=\\\"section-introduction\\\">In 2010, Ethan Marcotte published his famous article on A List Apart called <a href=\\\"http://alistapart.com/article/responsive-web-design\\\">Responsive Web Design</a>. The article was quickly followed by the <a href=\\\"http://abookapart.com/products/responsive-web-design\\\">Responsive Web Design Book</a>, published by A Book Apart in 2011. In this book, Marcotte popularized the idea of using flexible grids and CSS media queries to build a single website that scales across mobile phones, tablets, desktop computers, televisions and everything in between.</p>\\n<p>Since then, Responsive Web Design has become not just a technical solution for web design - its an entire process that brings multiple disciplines together to form one product that works across multiple devices. The responsive design process includes user experience, content strategy, information architecture, visual design, HTML/CSS/JavaScript development, usability testing and technical testing.</p>\\n<h2>RWD at Kent State</h2>\\n<p>Kent State University\'s Responsive Web Design classes were designed with the goal of bringing together students from multiple disciplines from within the <a href=\\\"http://www.kent.edu/cci\\\">College of Communication and Information</a> and giving them the skills they need to work with and become web designers. The classes are hands-on and encourage active learning. The class is constantly evolving, always integrating the latest advancements in design, development and user experience design.</p>\\n<p>I\'m making this information public with the hope that others will find it helpful when creating similar programs at their educational institutions.</p>\",\"101\":[\"97\"]}}','2018-08-14 17:35:22','2018-08-14 17:35:22','b6a0c3fb-0f18-4bdd-833d-5f7eda98b0dc'),(49,122,28,1,1,1,'','{\"typeId\":\"28\",\"authorId\":\"1\",\"title\":\"Test Announcement\",\"slug\":\"test-announcement\",\"postDate\":1534275720,\"expiryDate\":null,\"enabled\":true,\"newParentId\":null,\"fields\":{\"123\":{\"123\":{\"type\":\"paragraph\",\"enabled\":true,\"collapsed\":false,\"fields\":{\"paragraph\":\"adsf\"}}}}}','2018-08-14 19:42:54','2018-08-14 19:42:54','f2873e86-0ee4-404c-8de8-fb549c0ae4d7'),(50,122,28,1,1,2,'','{\"typeId\":\"28\",\"authorId\":\"1\",\"title\":\"Test Announcement\",\"slug\":\"test-announcement\",\"postDate\":1534275720,\"expiryDate\":null,\"enabled\":true,\"newParentId\":null,\"fields\":{\"123\":{\"123\":{\"type\":\"paragraph\",\"enabled\":true,\"collapsed\":false,\"fields\":{\"paragraph\":\"<p>All - hope you all had a great weekend. I wanted to remind you that Im offering 1-1 help and open office hours today, Monday from 3 p.m. - 5 p.m. at IdeaBase.</p>\\n<p>Please feel free to stop by at any time (there will likely be several people there at the same time).</p>\\n<p>Also, heres what is due for finals week:</p>\"}},\"124\":{\"type\":\"hr\",\"enabled\":true,\"collapsed\":false,\"fields\":[]},\"125\":{\"type\":\"paragraph\",\"enabled\":true,\"collapsed\":false,\"fields\":{\"paragraph\":\"<h2>Remaining Assignments &amp; Deliverables</h2>\\n<p>Here are the remaining items youll need to turn in for the semester.</p>\\n<h3>Testing and Testing Results (5 pts)</h3>\\n<p>We did technical, accessibility and usability testing in class last week. You should have turned in the link to the Google Sheet via Blackboard.</p>\"}},\"126\":{\"type\":\"button\",\"enabled\":true,\"collapsed\":false,\"fields\":{\"text\":\"View Testing Assignment\",\"buttonUrl\":\"https://rwdkent.com/assignments/testing\"}},\"127\":{\"type\":\"hr\",\"enabled\":true,\"collapsed\":false,\"fields\":[]},\"128\":{\"type\":\"paragraph\",\"enabled\":true,\"collapsed\":false,\"fields\":{\"paragraph\":\"<h3>Dec. 12 at 5:30 p.m. - Final Templates/Prototypes (15 pts)</h3>\\n<p>Your 3 final prototypes should be completed and online via GitHub before the final class.</p>\\n<p>Your prototypes should be linked together (so we can navigate them like a real site) but also linked from your Project Hub page.</p>\\n<p>Youll turn in the link to your final prototype via Blackboard for grading on Dec. 12.</p>\"}},\"129\":{\"type\":\"button\",\"enabled\":true,\"collapsed\":false,\"fields\":{\"text\":\"View Templates/Prototypes Assignment\",\"buttonUrl\":\"https://rwdkent.com/assignments/templates\"}},\"130\":{\"type\":\"hr\",\"enabled\":true,\"collapsed\":false,\"fields\":[]},\"131\":{\"type\":\"paragraph\",\"enabled\":true,\"collapsed\":false,\"fields\":{\"paragraph\":\"<h3>Dec. 12 at 5:30 p.m. - Project Hub, Pattern Library &amp; Review Session (5 pts)</h3>\\n<p>This is the final 10-15 minute presentation that youll conduct on Tuesday of finals week (same as class time, 5:30 p.m.). During this time, youll demo all of your deliverables via your Project Hub page. The class will also use your website on multiple devices and give you feedback by completing a short survey for each presentation.</p>\\n<p>This also includes a demo of a small Pattern Library showing 5 of your most common patterns used on the site. Please follow the instructions on the website.</p>\\n<p>There is nothing to turn in on Blackboard for this part.</p>\\n<p>Here are some guidelines for your sharing sessions:</p>\\n<ul><li>Should Last About 10-15 minutes (these can be fairly informal)</li>\\n<li>Bring up prototypes on multiple devices to pass around</li>\\n<li>Bring Up Your Project Hub</li>\\n<li>Brief History of Project (Goals, Process, etc.)</li>\\n<li>Show Templates and Implementation at different breakpoints</li>\\n<li>Show Main Components in Pattern Library</li>\\n<li>Discuss Next Steps</li>\\n<li>Get Feedback and Questions from Class/Client</li>\\n</ul><p>During each presentation, each class member (and instructor) will use their own devices to submit an evaluation of the final project.</p>\"}},\"132\":{\"type\":\"button\",\"enabled\":true,\"collapsed\":false,\"fields\":{\"text\":\"View Project Hub & Review Session Assignment\",\"buttonUrl\":\"https://rwdkent.com/assignments/timeline-presentation\"}},\"133\":{\"type\":\"hr\",\"enabled\":true,\"collapsed\":false,\"fields\":[]},\"134\":{\"type\":\"paragraph\",\"enabled\":true,\"collapsed\":false,\"fields\":{\"paragraph\":\"<h2>Self &amp; Group Assessment</h2>\\n<p>After Tuesday, youll still need to submit a separate survey that evaluates your individual and team performance. Please wait until youve submitted your projects before taking the survey. This is the last assignment youll submit for RWD!</p>\"}},\"135\":{\"type\":\"button\",\"enabled\":true,\"collapsed\":false,\"fields\":{\"text\":\"Access the Group/Self Assessment\",\"buttonUrl\":\"https://rwdkent.com/assignments/assessment/\"}},\"136\":{\"type\":\"hr\",\"enabled\":true,\"collapsed\":false,\"fields\":[]},\"137\":{\"type\":\"paragraph\",\"enabled\":true,\"collapsed\":false,\"fields\":{\"paragraph\":\"<p>Please email me if you have any questions, and Ill see everyone on Tuesday for the final class!</p>\"}}}}}','2018-08-14 19:50:09','2018-08-14 19:50:09','c0165a61-a2d3-4bd4-8d82-11e423297b5b'),(51,138,35,1,1,1,'Revision from Aug 14, 2018, 4:03:30 PM','{\"typeId\":\"35\",\"authorId\":null,\"title\":\"Announcements Homepage\",\"slug\":\"announcements-homepage\",\"postDate\":1534276920,\"expiryDate\":null,\"enabled\":\"1\",\"newParentId\":null,\"fields\":[]}','2018-08-14 20:04:28','2018-08-14 20:04:28','d8353ed8-1c2a-46e2-809a-36d13011dce9'),(52,138,35,1,1,2,'','{\"typeId\":\"35\",\"authorId\":null,\"title\":\"Announcements Homepage\",\"slug\":\"announcements-homepage\",\"postDate\":1534276920,\"expiryDate\":null,\"enabled\":true,\"newParentId\":null,\"fields\":{\"66\":\"<p>In our announcements we talk about the process of creating a new responsive web design course. The announcements will also contain recaps of our individual class sessions. You can get more updates by <a href=\\\"https://www.twitter.com/rwdkent\\\">following @RWDKent on Twitter</a>.</p>\"}}','2018-08-14 20:04:28','2018-08-14 20:04:28','141278cf-fbca-44cb-a32a-1edc05f944de'),(53,138,35,1,1,3,'','{\"typeId\":\"35\",\"authorId\":null,\"title\":\"Announcements Homepage\",\"slug\":\"announcements-homepage\",\"postDate\":1534276920,\"expiryDate\":null,\"enabled\":true,\"newParentId\":null,\"fields\":{\"66\":\"<p>In our announcements we talk about the process of creating a new responsive web design course. The announcements will also contain recaps of our individual class sessions. You can get more updates by <a href=\\\"https://www.twitter.com/rwdkent\\\">following @RWDKent on Twitter</a>.</p>\",\"57\":\"Announcements\"}}','2018-08-14 20:05:24','2018-08-14 20:05:24','c42dcc3c-dc8a-418d-97ae-a86f591e58f6'),(54,139,36,1,1,1,'Revision from Aug 14, 2018, 4:06:57 PM','{\"typeId\":\"36\",\"authorId\":null,\"title\":\"Courses Homepage\",\"slug\":\"courses-homepage\",\"postDate\":1534277160,\"expiryDate\":null,\"enabled\":\"1\",\"newParentId\":null,\"fields\":[]}','2018-08-14 20:07:04','2018-08-14 20:07:04','77698761-9906-4336-859b-63dd59a71c81'),(55,139,36,1,1,2,'','{\"typeId\":\"36\",\"authorId\":null,\"title\":\"Courses Homepage\",\"slug\":\"courses-homepage\",\"postDate\":1534277160,\"expiryDate\":null,\"enabled\":true,\"newParentId\":null,\"fields\":{\"57\":\"Courses\"}}','2018-08-14 20:07:04','2018-08-14 20:07:04','ce512339-9770-49b1-a170-66f8784c37d8'),(56,138,35,1,1,4,'','{\"typeId\":\"35\",\"authorId\":null,\"title\":\"Announcements Homepage\",\"slug\":\"announcements-homepage\",\"postDate\":1534276920,\"expiryDate\":null,\"enabled\":true,\"newParentId\":null,\"fields\":{\"66\":\"<p>In our announcements we talk about the process of creating a new responsive web design course. Announcements will also contain recaps of our individual class sessions. You can get more updates by <a href=\\\"https://www.twitter.com/rwdkent\\\">following @RWDKent on Twitter</a>.</p>\",\"57\":\"Announcements\"}}','2018-08-14 20:10:32','2018-08-14 20:10:32','179263ca-764d-4d1b-b39d-83a3038d2833'),(57,122,28,1,1,3,'','{\"typeId\":\"28\",\"authorId\":\"1\",\"title\":\"Test Announcement\",\"slug\":\"test-announcement\",\"postDate\":1534275720,\"expiryDate\":null,\"enabled\":true,\"newParentId\":null,\"fields\":{\"123\":{\"123\":{\"type\":\"paragraph\",\"enabled\":true,\"collapsed\":false,\"fields\":{\"paragraph\":\"<p>Please feel free to stop by at any time (there will likely be several people there at the same time).</p>\\n\\n<p>Also, heres what is due for finals week:</p>\"}},\"124\":{\"type\":\"hr\",\"enabled\":true,\"collapsed\":false,\"fields\":[]},\"125\":{\"type\":\"paragraph\",\"enabled\":true,\"collapsed\":false,\"fields\":{\"paragraph\":\"<h2>Remaining Assignments &amp; Deliverables</h2>\\n<p>Here are the remaining items youll need to turn in for the semester.</p>\\n<h3>Testing and Testing Results (5 pts)</h3>\\n<p>We did technical, accessibility and usability testing in class last week. You should have turned in the link to the Google Sheet via Blackboard.</p>\"}},\"126\":{\"type\":\"button\",\"enabled\":true,\"collapsed\":false,\"fields\":{\"text\":\"View Testing Assignment\",\"buttonUrl\":\"https://rwdkent.com/assignments/testing\"}},\"127\":{\"type\":\"hr\",\"enabled\":true,\"collapsed\":false,\"fields\":[]},\"128\":{\"type\":\"paragraph\",\"enabled\":true,\"collapsed\":false,\"fields\":{\"paragraph\":\"<h3>Dec. 12 at 5:30 p.m. - Final Templates/Prototypes (15 pts)</h3>\\n<p>Your 3 final prototypes should be completed and online via GitHub before the final class.</p>\\n<p>Your prototypes should be linked together (so we can navigate them like a real site) but also linked from your Project Hub page.</p>\\n<p>Youll turn in the link to your final prototype via Blackboard for grading on Dec. 12.</p>\"}},\"129\":{\"type\":\"button\",\"enabled\":true,\"collapsed\":false,\"fields\":{\"text\":\"View Templates/Prototypes Assignment\",\"buttonUrl\":\"https://rwdkent.com/assignments/templates\"}},\"130\":{\"type\":\"hr\",\"enabled\":true,\"collapsed\":false,\"fields\":[]},\"131\":{\"type\":\"paragraph\",\"enabled\":true,\"collapsed\":false,\"fields\":{\"paragraph\":\"<h3>Dec. 12 at 5:30 p.m. - Project Hub, Pattern Library &amp; Review Session (5 pts)</h3>\\n<p>This is the final 10-15 minute presentation that youll conduct on Tuesday of finals week (same as class time, 5:30 p.m.). During this time, youll demo all of your deliverables via your Project Hub page. The class will also use your website on multiple devices and give you feedback by completing a short survey for each presentation.</p>\\n<p>This also includes a demo of a small Pattern Library showing 5 of your most common patterns used on the site. Please follow the instructions on the website.</p>\\n<p>There is nothing to turn in on Blackboard for this part.</p>\\n<p>Here are some guidelines for your sharing sessions:</p>\\n<ul><li>Should Last About 10-15 minutes (these can be fairly informal)</li>\\n<li>Bring up prototypes on multiple devices to pass around</li>\\n<li>Bring Up Your Project Hub</li>\\n<li>Brief History of Project (Goals, Process, etc.)</li>\\n<li>Show Templates and Implementation at different breakpoints</li>\\n<li>Show Main Components in Pattern Library</li>\\n<li>Discuss Next Steps</li>\\n<li>Get Feedback and Questions from Class/Client</li>\\n</ul><p>During each presentation, each class member (and instructor) will use their own devices to submit an evaluation of the final project.</p>\"}},\"132\":{\"type\":\"button\",\"enabled\":true,\"collapsed\":false,\"fields\":{\"text\":\"View Project Hub & Review Session Assignment\",\"buttonUrl\":\"https://rwdkent.com/assignments/timeline-presentation\"}},\"133\":{\"type\":\"hr\",\"enabled\":true,\"collapsed\":false,\"fields\":[]},\"134\":{\"type\":\"paragraph\",\"enabled\":true,\"collapsed\":false,\"fields\":{\"paragraph\":\"<h2>Self &amp; Group Assessment</h2>\\n<p>After Tuesday, youll still need to submit a separate survey that evaluates your individual and team performance. Please wait until youve submitted your projects before taking the survey. This is the last assignment youll submit for RWD!</p>\"}},\"135\":{\"type\":\"button\",\"enabled\":true,\"collapsed\":false,\"fields\":{\"text\":\"Access the Group/Self Assessment\",\"buttonUrl\":\"https://rwdkent.com/assignments/assessment/\"}},\"136\":{\"type\":\"hr\",\"enabled\":true,\"collapsed\":false,\"fields\":[]},\"137\":{\"type\":\"paragraph\",\"enabled\":true,\"collapsed\":false,\"fields\":{\"paragraph\":\"<p>Please email me if you have any questions, and Ill see everyone on Tuesday for the final class!</p>\"}}}}}','2018-08-14 20:48:02','2018-08-14 20:48:02','b1e0bf56-9088-4227-a730-ddcf6b05aa09'),(58,122,28,1,1,4,'','{\"typeId\":\"28\",\"authorId\":\"1\",\"title\":\"Test Announcement\",\"slug\":\"test-announcement\",\"postDate\":1534275720,\"expiryDate\":null,\"enabled\":true,\"newParentId\":null,\"fields\":{\"123\":{\"123\":{\"type\":\"paragraph\",\"enabled\":true,\"collapsed\":false,\"fields\":{\"paragraph\":\"<p>Please feel free to stop by at any time (there will likely be several people there at the same time).</p>\\n<p>Also, heres what is due for finals week:</p>\"}},\"124\":{\"type\":\"hr\",\"enabled\":true,\"collapsed\":false,\"fields\":[]},\"125\":{\"type\":\"paragraph\",\"enabled\":true,\"collapsed\":false,\"fields\":{\"paragraph\":\"<h2>Remaining Assignments &amp; Deliverables</h2>\\n<p>Here are the remaining items youll need to turn in for the semester.</p>\\n<h3>Testing and Testing Results (5 pts)</h3>\\n<p>We did technical, accessibility and usability testing in class last week. You should have turned in the link to the Google Sheet via Blackboard.</p>\"}},\"126\":{\"type\":\"button\",\"enabled\":true,\"collapsed\":false,\"fields\":{\"text\":\"View Testing Assignment\",\"buttonUrl\":\"https://rwdkent.com/assignments/testing\"}},\"127\":{\"type\":\"hr\",\"enabled\":true,\"collapsed\":false,\"fields\":[]},\"128\":{\"type\":\"paragraph\",\"enabled\":true,\"collapsed\":false,\"fields\":{\"paragraph\":\"<h3>Dec. 12 at 5:30 p.m. - Final Templates/Prototypes (15 pts)</h3>\\n<p>Your 3 final prototypes should be completed and online via GitHub before the final class.</p>\\n<p>Your prototypes should be linked together (so we can navigate them like a real site) but also linked from your Project Hub page.</p>\\n<p>Youll turn in the link to your final prototype via Blackboard for grading on Dec. 12.</p>\"}},\"129\":{\"type\":\"button\",\"enabled\":true,\"collapsed\":false,\"fields\":{\"text\":\"View Templates/Prototypes Assignment\",\"buttonUrl\":\"https://rwdkent.com/assignments/templates\"}},\"130\":{\"type\":\"hr\",\"enabled\":true,\"collapsed\":false,\"fields\":[]},\"131\":{\"type\":\"paragraph\",\"enabled\":true,\"collapsed\":false,\"fields\":{\"paragraph\":\"<h3>Dec. 12 at 5:30 p.m. - Project Hub, Pattern Library &amp; Review Session (5 pts)</h3>\\n<p>This is the final 10-15 minute presentation that youll conduct on Tuesday of finals week (same as class time, 5:30 p.m.). During this time, youll demo all of your deliverables via your Project Hub page. The class will also use your website on multiple devices and give you feedback by completing a short survey for each presentation.</p>\\n<p>This also includes a demo of a small Pattern Library showing 5 of your most common patterns used on the site. Please follow the instructions on the website.</p>\\n<p>There is nothing to turn in on Blackboard for this part.</p>\\n<p>Here are some guidelines for your sharing sessions:</p>\\n<ul><li>Should Last About 10-15 minutes (these can be fairly informal)</li>\\n<li>Bring up prototypes on multiple devices to pass around</li>\\n<li>Bring Up Your Project Hub</li>\\n<li>Brief History of Project (Goals, Process, etc.)</li>\\n<li>Show Templates and Implementation at different breakpoints</li>\\n<li>Show Main Components in Pattern Library</li>\\n<li>Discuss Next Steps</li>\\n<li>Get Feedback and Questions from Class/Client</li>\\n</ul><p>During each presentation, each class member (and instructor) will use their own devices to submit an evaluation of the final project.</p>\"}},\"132\":{\"type\":\"button\",\"enabled\":true,\"collapsed\":false,\"fields\":{\"text\":\"View Project Hub & Review Session Assignment\",\"buttonUrl\":\"https://rwdkent.com/assignments/timeline-presentation\"}},\"133\":{\"type\":\"hr\",\"enabled\":true,\"collapsed\":false,\"fields\":[]},\"134\":{\"type\":\"paragraph\",\"enabled\":true,\"collapsed\":false,\"fields\":{\"paragraph\":\"<h2>Self &amp; Group Assessment</h2>\\n<p>After Tuesday, youll still need to submit a separate survey that evaluates your individual and team performance. Please wait until youve submitted your projects before taking the survey. This is the last assignment youll submit for RWD!</p>\"}},\"135\":{\"type\":\"button\",\"enabled\":true,\"collapsed\":false,\"fields\":{\"text\":\"Access the Group/Self Assessment\",\"buttonUrl\":\"https://rwdkent.com/assignments/assessment/\"}},\"136\":{\"type\":\"hr\",\"enabled\":true,\"collapsed\":false,\"fields\":[]},\"137\":{\"type\":\"paragraph\",\"enabled\":true,\"collapsed\":false,\"fields\":{\"paragraph\":\"<p>Please email me if you have any questions, and Ill see everyone on Tuesday for the final class!</p>\"}}},\"128\":\"<p>All - hope you all had a great weekend. I wanted to remind you that Im offering 1-1 help and open office hours today, Monday from 3 p.m. - 5 p.m. at IdeaBase.</p>\"}}','2018-08-14 20:49:02','2018-08-14 20:49:02','da55f8ed-8043-45c1-9dd7-65a53e6c5241'),(59,138,35,1,1,5,'','{\"typeId\":\"35\",\"authorId\":null,\"title\":\"Announcements Homepage\",\"slug\":\"announcements-homepage\",\"postDate\":1534276920,\"expiryDate\":null,\"enabled\":true,\"newParentId\":null,\"fields\":{\"66\":\"<p>In our announcements we talk about the process of creating a new responsive web design course. Announcements will also contain recaps of our individual class sessions. You can get more updates by <a href=\\\"https://www.twitter.com/rwdkent\\\">following @RWDKent on Twitter</a>.</p>\",\"57\":\"Announcements\",\"58\":\"Latest Posts\"}}','2018-08-14 20:50:47','2018-08-14 20:50:47','18bda543-82d0-4655-9da7-41c210fdc917'),(60,122,28,1,1,5,'','{\"typeId\":\"28\",\"authorId\":\"1\",\"title\":\"Test Announcement\",\"slug\":\"test-announcement\",\"postDate\":1534275720,\"expiryDate\":null,\"enabled\":true,\"newParentId\":null,\"fields\":{\"123\":{\"123\":{\"type\":\"paragraph\",\"enabled\":true,\"collapsed\":false,\"fields\":{\"paragraph\":\"<p>Please feel free to stop by at any time (there will likely be several people there at the same time).</p>\\n<p>Also, heres what is due for finals week:</p>\"}},\"124\":{\"type\":\"hr\",\"enabled\":true,\"collapsed\":false,\"fields\":[]},\"125\":{\"type\":\"paragraph\",\"enabled\":true,\"collapsed\":false,\"fields\":{\"paragraph\":\"<h2>Remaining Assignments &amp; Deliverables</h2>\\n<p>Here are the remaining items youll need to turn in for the semester.</p>\\n<h3>Testing and Testing Results (5 pts)</h3>\\n<p>We did technical, accessibility and usability testing in class last week. You should have turned in the link to the Google Sheet via Blackboard.</p>\"}},\"126\":{\"type\":\"button\",\"enabled\":true,\"collapsed\":false,\"fields\":{\"text\":\"View Testing Assignment\",\"buttonUrl\":\"https://rwdkent.com/assignments/testing\"}},\"127\":{\"type\":\"hr\",\"enabled\":true,\"collapsed\":false,\"fields\":[]},\"128\":{\"type\":\"paragraph\",\"enabled\":true,\"collapsed\":false,\"fields\":{\"paragraph\":\"<h3>Dec. 12 at 5:30 p.m. - Final Templates/Prototypes (15 pts)</h3>\\n<p>Your 3 final prototypes should be completed and online via GitHub before the final class.</p>\\n<p>Your prototypes should be linked together (so we can navigate them like a real site) but also linked from your Project Hub page.</p>\\n<p>Youll turn in the link to your final prototype via Blackboard for grading on Dec. 12.</p>\"}},\"129\":{\"type\":\"button\",\"enabled\":true,\"collapsed\":false,\"fields\":{\"text\":\"View Templates/Prototypes Assignment\",\"buttonUrl\":\"https://rwdkent.com/assignments/templates\"}},\"130\":{\"type\":\"hr\",\"enabled\":true,\"collapsed\":false,\"fields\":[]},\"131\":{\"type\":\"paragraph\",\"enabled\":true,\"collapsed\":false,\"fields\":{\"paragraph\":\"<h3>Dec. 12 at 5:30 p.m. - Project Hub, Pattern Library &amp; Review Session (5 pts)</h3>\\n<p>This is the final 10-15 minute presentation that youll conduct on Tuesday of finals week (same as class time, 5:30 p.m.). During this time, youll demo all of your deliverables via your Project Hub page. The class will also use your website on multiple devices and give you feedback by completing a short survey for each presentation.</p>\\n<p>This also includes a demo of a small Pattern Library showing 5 of your most common patterns used on the site. Please follow the instructions on the website.</p>\\n<p>There is nothing to turn in on Blackboard for this part.</p>\\n<p>Here are some guidelines for your sharing sessions:</p>\\n<ul><li>Should Last About 10-15 minutes (these can be fairly informal)</li>\\n<li>Bring up prototypes on multiple devices to pass around</li>\\n<li>Bring Up Your Project Hub</li>\\n<li>Brief History of Project (Goals, Process, etc.)</li>\\n<li>Show Templates and Implementation at different breakpoints</li>\\n<li>Show Main Components in Pattern Library</li>\\n<li>Discuss Next Steps</li>\\n<li>Get Feedback and Questions from Class/Client</li>\\n</ul><p>During each presentation, each class member (and instructor) will use their own devices to submit an evaluation of the final project.</p>\"}},\"132\":{\"type\":\"button\",\"enabled\":true,\"collapsed\":false,\"fields\":{\"text\":\"View Project Hub & Review Session Assignment\",\"buttonUrl\":\"https://rwdkent.com/assignments/timeline-presentation\"}},\"133\":{\"type\":\"hr\",\"enabled\":true,\"collapsed\":false,\"fields\":[]},\"134\":{\"type\":\"paragraph\",\"enabled\":true,\"collapsed\":false,\"fields\":{\"paragraph\":\"<h2>Self &amp; Group Assessment</h2>\\n<p>After Tuesday, youll still need to submit a separate survey that evaluates your individual and team performance. Please wait until youve submitted your projects before taking the survey. This is the last assignment youll submit for RWD!</p>\"}},\"135\":{\"type\":\"button\",\"enabled\":true,\"collapsed\":false,\"fields\":{\"text\":\"Access the Group/Self Assessment\",\"buttonUrl\":\"https://rwdkent.com/assignments/assessment/\"}},\"136\":{\"type\":\"hr\",\"enabled\":true,\"collapsed\":false,\"fields\":[]},\"137\":{\"type\":\"paragraph\",\"enabled\":true,\"collapsed\":false,\"fields\":{\"paragraph\":\"<p>Please email me if you have any questions, and Ill see everyone on Tuesday for the final class!</p>\"}}},\"103\":[\"102\"],\"128\":\"<p>All - hope you all had a great weekend. I wanted to remind you that Im offering 1-1 help and open office hours today, Monday from 3 p.m. - 5 p.m. at IdeaBase.</p>\"}}','2018-08-20 14:50:48','2018-08-20 14:50:48','242a04f2-ed83-43c7-a3e1-36c714a434d4'),(61,140,31,1,1,1,'','{\"typeId\":\"31\",\"authorId\":\"1\",\"title\":\"Test Course\",\"slug\":\"test-course\",\"postDate\":1534781580,\"expiryDate\":null,\"enabled\":true,\"newParentId\":null,\"fields\":[]}','2018-08-20 16:13:43','2018-08-20 16:13:43','475bb50a-baf8-464f-9a67-7035d61b2dcf'),(62,140,31,1,1,2,'','{\"typeId\":\"31\",\"authorId\":\"1\",\"title\":\"Calendar - Test Course\",\"slug\":\"test-course\",\"postDate\":1534781580,\"expiryDate\":null,\"enabled\":true,\"newParentId\":null,\"fields\":[]}','2018-08-20 16:14:01','2018-08-20 16:14:01','f698bd7a-c8fc-4d7a-9f5e-dbab9289c5ec'),(63,103,27,1,1,11,'','{\"typeId\":\"27\",\"authorId\":\"1\",\"title\":\"Syllabus - Test Course\",\"slug\":\"test-syllabus\",\"postDate\":1534186260,\"expiryDate\":null,\"enabled\":true,\"newParentId\":null,\"fields\":{\"103\":[\"102\"],\"104\":{\"104\":{\"type\":\"about\",\"enabled\":true,\"collapsed\":false,\"fields\":{\"body\":\"<p>Responsive web design isnt just a technical solution for web design - its an entire process that brings multiple disciplines together to form one product that works across multiple devices. The responsive design process includes user experience, content strategy, information architecture, visual design, development, usability testing and technical testing. Students who will succeed in this field will need to be familiar with not just one, but all of these processes, while working in a team-based environment.</p>\\n<p>In this course you will learn the fundamental principles for developing standards-based web sites from a mobile-first and content-first perspective. We will explore each aspect of an agile-inspired process, during which youll learn each step of what it takes to build a website and ensure its functionality for its users in terms of both usability and performance.</p>\\n<p>Just a few of the topics planned to be covered in the Responsive Web Design course include:</p>\\n<h4>Topics</h4>\\n<ul><li>Atomic Design</li>\\n<li>Pattern Libraries and Style Guides</li>\\n<li>Sketching</li>\\n<li>User Research Techniques</li>\\n<li>Rapid Prototyping</li>\\n<li>HTML/CSS/JavaScript</li>\\n<li>Modern Web Design Workflows</li>\\n<li>Mobile Content Strategy</li>\\n<li>Browser Testing</li>\\n<li>Version Control</li>\\n<li>Paired and Team Coding</li>\\n<li>Mobile-First Design</li>\\n<li>Style Tiles and Web Design Techniques</li>\\n<li>Modern Web Layout Tools</li>\\n</ul>\"}},\"105\":{\"type\":\"prerequisites\",\"enabled\":true,\"collapsed\":false,\"fields\":{\"body\":\"<p>Sophomore standing. This course has no other prerequisites, however you must be proficient in basic web and computer applications. You will be expected to write HTML, CSS and light JavaScript code (familiarity with these will be helpful, but is not necessary). You will also be working in vector-based editing tools to help prototype visual designs. Success in this course will depend on your willingness to try learn new skills and collaborate with others from different backgrounds to solve complex problems.</p>\"}},\"106\":{\"type\":\"change\",\"enabled\":true,\"collapsed\":false,\"fields\":{\"body\":\"<p>The syllabus and course schedule may be subject to change. Changes will be communicated via email. It is the responsibility of students to check email messages and course announcements to stay current in the course.</p>\"}},\"107\":{\"type\":\"goals\",\"enabled\":true,\"collapsed\":false,\"fields\":{\"body\":\"<p>In this course, students will:</p>\\n<ul><li>Apply a modern workflow to a responsive web design, including competitive research techniques, content development, information architecture, design and development.</li>\\n<li>Gather and architect content for the web, with a focus on prioritizing content for use on multiple devices.</li>\\n<li>Rapidly prototype web design modules, developing style tiles and reusable patterns for colors, typography, layout and user interface elements.</li>\\n<li>Create interactive prototypes and wireframes in HTML/CSS, using standards-compliant HTML and CSS, media queries and responsive layouts.</li>\\n<li>Test prototypes for common performance, usability and web browser issues.</li>\\n<li>Use version control to create a staging server on which websites will be hosted and updated.</li>\\n<li>Work in a team environment, collaborating with students from a variety of disciplines.</li>\\n<li>Solve common web design problems both independently and as a group, through the use of online resources, books, videos and fellow students.</li>\\n</ul>\"}},\"108\":{\"type\":\"learning\",\"enabled\":true,\"collapsed\":false,\"fields\":{\"body\":\"<p>Most importantly, by the end of this course, students will be able to:</p>\\n<ul><li>Identify and write the most common HTML/CSS properties, with proper indentation and comments, and understand how to use these properties efficiently.</li>\\n<li>Organize and prioritize website content to fit information architecture best practices, including a mobile-first methodology.</li>\\n<li>Use media queries to create a responsive HTML/CSS/JavaScript prototype that accommodates multiple screen sizes and device types.</li>\\n<li>Speak intelligently about responsive web design and describe why its important to future clients, colleagues or employers.</li>\\n<li>Analyze predefined requirements and constraints that a client or employer may ask of a web designer, and creatively apply these to the solution.</li>\\n<li>Critique and speak intelligently about web design in terms of content, colors, typography, user interface elements and layout.</li>\\n<li>Coordinate a web design project and work with other team members to build deliverables along the way.</li>\\n<li>Understand the various roles that are essential to the web design process and appreciate the skills required for each discipline.</li>\\n<li>See themselves as capable and confident when working in code, even if they are not primarily developers. Be willing to cross organizational lines and take chances.</li>\\n<li>Be motivated to expand their knowledge of web design by following influential web designers and businesses that are currently implementing responsive design.</li>\\n<li>Understand how the student and their current area of study fits into a web design role (and their role as a communicator) and expand on their current background to be able to take on future roles in interactive media.</li>\\n<li>Understand how HTML/CSS prototypes integrate into large, dynamic content management systems and complex organizations.</li>\\n<li>Develop test plans and iterate on future design and content systems after identifying usability or technical issues.</li>\\n<li>Identify solutions to complex design/development problems and use online resources to expand knowledge of HTML/CSS processes.</li>\\n</ul>\"}},\"109\":{\"type\":\"materials\",\"enabled\":true,\"collapsed\":false,\"fields\":{\"body\":\"<p>There are 2 required textbooks for the course. One provides detailed examples and instructions for HTML/CSS, and the other provides more practical knowledge on web design topics:</p>\\n<ul><li><em><a href=\\\"https://www.amazon.com/HTML-CSS-Design-Build-Websites/dp/1118008189\\\">HTML and CSS: Design and Build Websites</a></em> by Jon Duckett, November 2011, Wiley. ($18.51 on Amazon)</li>\\n<li><em><a href=\\\"https://abookapart.com/products/responsive-web-design\\\">Responsive Web Design</a></em> by Ethan Marcotte, Second Edition, December 2014, A Book Apart. ($9.00/Ebook or $18.00/Paperback + Shipping)</li>\\n</ul><p>This course will also make use of video tutorials from Lynda.com (available at no charge to students taking this course), as well as free online readings and videos.</p>\"}},\"110\":{\"type\":\"structure\",\"enabled\":true,\"collapsed\":false,\"fields\":{\"body\":\"<p>This class will be held once a week and will have both a lecture/discussion and studio/lab component. Students will be assigned readings from a variety disciplines, authors and topics, which will be discussed during the first half of class. All students will have the opportunity to pair with a student from a different background to work on hands-on examples in class each week, as well as a long-term project that will span the semester. Short homework assignments will be given throughout the semester in order to master key topics.</p>\"}},\"111\":{\"type\":\"preparing\",\"enabled\":true,\"collapsed\":false,\"fields\":{\"body\":\"<p>Students are expected to come to class prepared. This means:</p>\\n<ul><li>Familiarization with the required readings or videos.</li>\\n<li>Readiness to participate in class discussions and activities.</li>\\n<li>Participating in class discussions and hands-on activities.</li>\\n<li>Completing assignments on time and submitting them properly to GitHub each week.</li>\\n</ul>\"}},\"112\":{\"type\":\"schedule\",\"enabled\":true,\"collapsed\":false,\"fields\":{\"body\":\"<p>This course will be divided into two parts. Readings, lecture notes and information on preparing for class will be posted to the <a href=\\\"http://www.rwdkent.com\\\">class website</a>.</p>\\n<p>Please see the <a href=\\\"http://www.rwdkent.com/class/schedule\\\">Detailed Course Schedule</a> for specific dates, times and assignments.</p>\\n<h4>Part 1: Principles of Responsive Web Design</h4>\\n<p>Students explore the concept of responsive web design, learn why it matters and will begin implementing simple HTML, CSS and JavaScript in the browser. Students will read Responsive Web Design by Ethan Marcotte as part of this section and will refer to the HTML + CSS textbook frequently.</p>\\n<h4>Part 2: Responsive Design in Practice</h4>\\n<p>Students will apply competitive research findings to a content prototype, collecting, organizing and prioritizing the most important information. Students will begin an iterative design process using CSS, where theyll begin by mocking up design components in digital style tiles and then turning those components into reusable HTML/CSS pattern libraries. Students will learn the importance of designing a visual language for their websites using web typography, colors, user interface elements and layouts. Finally, the content and design will begin to come together in the form of prototypes. Students will learn how prototypes are tested with usability, technical and accessibility testing. Part 2 will end with the presentation and class critique of a website prototype and pattern library.</p>\"}},\"113\":{\"type\":\"assignments\",\"enabled\":true,\"collapsed\":false,\"fields\":[]},\"114\":{\"type\":\"attendance\",\"enabled\":true,\"collapsed\":false,\"fields\":{\"body\":\"<p>Well be covering many topics during class, as well as working in groups on exercises to help you master web design techniques. Therefore, attending each of the 15 classes is crucial. I will allow <strong>two missed classes</strong> for the semester. All subsequent absences will only be accepted for the following reasons: sickness (with medical note only), athletic event (with coachs note), religious observation, military responsibility (with documentation) and death in the family (with documentation).</p>\\n<p>Students who miss more than two classes without proper documentation will receive a 0 for their class participation grade for the semester.</p>\\n<p>If you miss class, you are still responsible for contacting the instructor to see what was assigned that day, as well as meeting all assignment deadlines.</p>\\n<p>Some assignments, such as in-class presentations, testing and quizzes, require attendance in order to receive full credit for the assignment.</p>\"}},\"115\":{\"type\":\"late\",\"enabled\":true,\"collapsed\":false,\"fields\":{\"body\":\"<p>The assignments deadlines are to help you manage the workload and stay on track with the course. If an assignment will be late, students must contact the instructor and explain. Kent State accepts the following reasons for late assignments: sickness with medical note, athletic event (with coachs note), religious observation, military responsibility (with documentation), death in the family (with documentation).</p>\\n<p>My policy for late assignments has 3 rules:</p>\\n<ul><li>Late assignments will be accepted so long as you contact the instructor to indicate that it will be late and provide an explanation.</li>\\n<li>Late assignments must be submitted within 1 week of the original due date, without penalty, so long as the student meets the first rule. After 1 week the assignment will be marked as 0.</li>\\n<li>An additional extension may be possible in exceptional circumstances, with documentation. This requires a face-to-face conversation between the student and the instructor.</li>\\n</ul>\"}},\"116\":{\"type\":\"group\",\"enabled\":true,\"collapsed\":false,\"fields\":{\"body\":\"<p>This class uses team-based learning for part or all of the semester. Students must agree to follow the <a href=\\\"../groups/policies\\\">Group Rules &amp; Expectations</a> throughout the course of the project.</p>\"}},\"117\":{\"type\":\"grading\",\"enabled\":true,\"collapsed\":false,\"fields\":{\"body\":\"<p>Final letter grades will be assigned on the basis of the following table. Graduate student assignments will take into account additional advanced components (described within the assignment), differing from undergraduate assignments. </p>\\n<table><thead><tr><th style=\\\"text-align:left;\\\">Letter</th>\\n <th style=\\\"text-align:left;\\\">Percentage</th>\\n </tr></thead><tbody><tr><td style=\\\"text-align:left;\\\">A</td>\\n <td style=\\\"text-align:left;\\\">93% or higher</td>\\n </tr><tr><td style=\\\"text-align:left;\\\">A-</td>\\n <td style=\\\"text-align:left;\\\">90-92%</td>\\n </tr><tr><td style=\\\"text-align:left;\\\">B+</td>\\n <td style=\\\"text-align:left;\\\">87-89%</td>\\n </tr><tr><td style=\\\"text-align:left;\\\">B</td>\\n <td style=\\\"text-align:left;\\\">83-86%</td>\\n </tr><tr><td style=\\\"text-align:left;\\\">B-</td>\\n <td style=\\\"text-align:left;\\\">80-82%</td>\\n </tr><tr><td style=\\\"text-align:left;\\\">C</td>\\n <td style=\\\"text-align:left;\\\">70-79%</td>\\n </tr><tr><td style=\\\"text-align:left;\\\">D</td>\\n <td style=\\\"text-align:left;\\\">60-69%</td>\\n </tr><tr><td style=\\\"text-align:left;\\\">F</td>\\n <td style=\\\"text-align:left;\\\">&lt; 60%</td>\\n </tr></tbody></table>\"}},\"119\":{\"type\":\"technology\",\"enabled\":true,\"collapsed\":false,\"fields\":{\"body\":\"<ul><li>Although a laptop is not required, if you have a laptop you are encouraged to bring it to class, as it may be helpful for following along in class. Youll also be viewing and testing your work on multiple devices, so phones and tablets are encouraged.</li>\\n<li>Computers will be provided for in-class work, but you may be asked to share with another student. Students will also be permitted to work on these computers outside of class, when needed.</li>\\n<li>We will be using a variety of free and paid software programs and tools.</li>\\n<li>Paid software may only be used on university-owned computers and will be provided at no charge. If you would like to use paid software on your personal computer, you will need to purchase a license.</li>\\n<li>Software programs and tools to be used in the course include: Sketch, Illustrator, Atom, GitHub, web browsers and Google Drive.</li>\\n</ul>\"}},\"120\":{\"type\":\"communicating\",\"enabled\":true,\"collapsed\":false,\"fields\":{\"body\":\"<p>My office hours for this semester are:</p>\\n<ul><li>Tuesdays: 4:30 - 5:30 p.m.</li>\\n<li>Thursdays: 4:00 - 5:00 p.m.</li>\\n</ul><h4>Email</h4>\\n<p>My email address is <a href=\\\"mailto:challahan@ideabasekent.com\\\">challahan@ideabasekent.com</a>. Here is my email policy:</p>\\n<ul><li>I will usually respond within 24 hours during the week (Mon-Fri). Do not expect an immediate response.</li>\\n<li>I typically check email in the afternoons or evenings, not in the mornings.</li>\\n<li>I may not respond to email on weekends.</li>\\n</ul>\"}},\"121\":{\"type\":\"university\",\"enabled\":true,\"collapsed\":false,\"fields\":{\"body\":\"<p>The following policies and procedures apply to students enrolled at Kent State University. For a complete listing of university policies, please visit the Policy Register page on the Kent State University website.</p>\\n<h4>Course enrollment and withdrawal</h4>\\n<p>University policy requires all students to be officially registered in each class they are attending. Students who are not officially registered for a course by published deadlines should not be attending classes and will not receive credit or a grade for the course. Each student must confirm enrollment by checking his/her class schedule (using Student Tools in FlashFast) prior to the deadline indicated. Registration errors must be corrected prior to the deadline.</p>\\n<p>Every class has its own schedule of deadlines and considerations. To view the add/drop schedule and other important dates for this class, click the CRN link next to each course on View or Print Course Schedule and Purchase Textbooks or click the green clock from Add or Drop a Course from the Student Category/Resources Page/Courses and Registration Section in FlashLine to access course deadlines.</p>\\n<h4>Incomplete grades</h4>\\n<p>The administrative mark of IN (Incomplete) may be given to students who are unable to complete the work due to extenuating circumstances. To be eligible, undergraduate students must be currently passing and have completed at least 12 weeks of the semester. Graduate students must be currently earning a C or better grade and are unable to complete the required work between the course withdrawal deadline and the end of classes. The time line shall be adjusted appropriate for summer sessions and flexibly scheduled courses. Appropriate documentation is generally required to support the extenuating circumstance. The student must initiate the request for the Incomplete mark from the instructor, and it is the responsibility of the student to arrange to make up the incomplete work. Incomplete grades must be made up within one semester (not including summer sessions) for undergraduate students and one calendar year for graduate students. Unless the course is completed or an extension is granted, incomplete grades will automatically lapse to the grade designated on the Incomplete Mark Form at the end of one semester for undergraduate students and at the end of one year for graduate students.</p>\\n<h4>University use of electronic mail</h4>\\n<p>A university-assigned student email account shall be an official university means of communication with all students at Kent State University. Students are responsible for all information sent to them via their university-assigned email account. If a student chooses to forward information in their university email account, he or she is responsible for all information, including attachments, sent to any other email account. To stay current with university information, students are expected to check their official university email account and other electronic communications on a frequent and consistent basis. Recognizing that some communications may be time-critical, the university recommends that electronic communications be checked minimally twice a week.</p>\\n<h4>Plagiarism and academic integrity</h4>\\n<p>Students enrolled in the university, at all its campuses, are to perform their academic work according to standards set by faculty members, departments, schools and colleges of the university; and cheating and plagiarism constitute fraudulent misrepresentation for which no credit can be given and for which appropriate sanctions are warranted and will be applied. For more information: http://www.kent.edu/plagiarism.</p>\\n<h4>Students with disabilities</h4>\\n<p>University Policy 3342-3-01.3 requires that students with disabilities be provided reasonable accommodations to ensure their equal access to course content. If you have a documented disability and require accommodations, please contact the instructor at the beginning of the semester to make arrangements for necessary classroom adjustments. Please note, you must first verify your eligibility for these through Student Accessibility Services (contact 330-672-3391 or visit <a href=\\\"http://www.kent.edu/sas\\\" class=\\\"redactor-autoparser-object\\\">www.kent.edu/sas</a> for more information on registration procedures).</p>\\n<h4>Student survey of instruction evaluation</h4>\\n<p>It is a standard practice of Kent State University to distribute and administer to the learners a confidential and anonymous questionnaire at the completion of the course. The results will be forwarded to the Instructor only at the completion of the class and the submission of all grades. The Instructor will then incorporate the feedback received in future course offerings and in his continual improvement of the course. Please candidly and honestly describe your opinions of the strengths and weakness you experienced as a learner in the course.</p>\\n<h4>Notice of my copyright and intellectual property rights</h4>\\n<p>Any intellectual property displayed or distributed to students during this course (including but not limited to powerpoints, notes, quizzes, examinations) by the professor/lecturer/instructor remains the intellectual property of the professor/lecturer/instructor. This means that the student may not distribute, publish or provide such intellectual property to any other person or entity for any reason, commercial or otherwise, without the express written permission of the professor/lecturer/instructor.</p>\"}}}}}','2018-08-20 16:14:12','2018-08-20 16:14:12','d7f1e0a4-d9a5-491a-8d0c-5294d430181a'),(64,141,37,1,1,1,'Revision from Aug 20, 2018, 12:28:06 PM','{\"typeId\":\"37\",\"authorId\":null,\"title\":\"Calendar Homepage\",\"slug\":\"calendar-homepage\",\"postDate\":1534782360,\"expiryDate\":null,\"enabled\":\"1\",\"newParentId\":null,\"fields\":[]}','2018-08-20 16:28:15','2018-08-20 16:28:15','d1ea1415-a5b2-4664-8120-218a59b56262'),(65,141,37,1,1,2,'','{\"typeId\":\"37\",\"authorId\":null,\"title\":\"Calendar Homepage\",\"slug\":\"calendar-homepage\",\"postDate\":1534782360,\"expiryDate\":null,\"enabled\":true,\"newParentId\":null,\"fields\":{\"58\":\"You can find the class schedule below. The dates and plans are subject to change. I\'ll notify you of any modifications during class or via email.\"}}','2018-08-20 16:28:15','2018-08-20 16:28:15','841c0f51-9b24-40cc-a58a-b17d1a58e611'),(66,140,31,1,1,3,'','{\"typeId\":\"31\",\"authorId\":\"1\",\"title\":\"Calendar - Test Course\",\"slug\":\"test-course\",\"postDate\":1534781580,\"expiryDate\":null,\"enabled\":true,\"newParentId\":null,\"fields\":{\"103\":[\"102\"]}}','2018-08-20 16:42:42','2018-08-20 16:42:42','454e5c20-d7ea-4266-b28f-a193bcc5607a'),(67,141,37,1,1,3,'','{\"typeId\":\"37\",\"authorId\":null,\"title\":\"Calendar Homepage\",\"slug\":\"calendar-homepage\",\"postDate\":1534782360,\"expiryDate\":null,\"enabled\":true,\"newParentId\":null,\"fields\":{\"57\":\"Calendars\"}}','2018-08-20 16:55:39','2018-08-20 16:55:39','b27ad23b-09e9-4bcd-815d-d3dbf20bb918'),(68,141,37,1,1,4,'','{\"typeId\":\"37\",\"authorId\":null,\"title\":\"Calendar Homepage\",\"slug\":\"calendar-homepage\",\"postDate\":1534782360,\"expiryDate\":null,\"enabled\":true,\"newParentId\":null,\"fields\":{\"57\":\"Calendars\",\"58\":\"Course schedules are listed below. The dates and plans are subject to change. I\'ll notify you of any modifications during class or via email.\"}}','2018-08-20 16:59:00','2018-08-20 16:59:00','44e3c7f0-933d-49b3-b168-ab59deda238e'),(69,141,37,1,1,5,'','{\"typeId\":\"37\",\"authorId\":null,\"title\":\"Calendar Homepage\",\"slug\":\"calendar-homepage\",\"postDate\":1534782360,\"expiryDate\":null,\"enabled\":true,\"newParentId\":null,\"fields\":{\"57\":\"Calendars\",\"58\":\"Course calendars are listed below. The dates and plans are subject to change. I\'ll notify you of any modifications during class or via email.\"}}','2018-08-20 16:59:19','2018-08-20 16:59:19','f22531b8-3ace-4690-9050-19d434f405cc'),(70,145,38,1,1,1,'','{\"typeId\":\"38\",\"authorId\":\"1\",\"title\":\"Class 1: Introduction and RWD Principles\",\"slug\":\"class-1-introduction-and-rwd-principles\",\"postDate\":1535031720,\"expiryDate\":null,\"enabled\":true,\"newParentId\":null,\"fields\":{\"66\":\"<p><a href=\\\"http://www.lynda.com/Web-Documentaries-tutorials/Jeffrey-Zeldman-20-years-Web-Design-Community/167374/188504-4.html\\\">Brief history of web design video</a>, web standards and why responsive design is important, Mac boot camp, <a href=\\\"https://kent.qualtrics.com/jfe/form/SV_5mDc8VFpLTnsrSB\\\">Introductory Class Survey</a>.</p>\",\"132\":[\"142\"],\"103\":[\"102\"],\"129\":\"2018-08-23 04:00:00\",\"131\":[]}}','2018-08-23 13:42:39','2018-08-23 13:42:39','eab17031-c8b4-4c71-86c7-7e358a2b8583');
/*!40000 ALTER TABLE `craft_entryversions` ENABLE KEYS */;
UNLOCK TABLES;
commit;

--
-- Dumping data for table `craft_fieldgroups`
--

LOCK TABLES `craft_fieldgroups` WRITE;
/*!40000 ALTER TABLE `craft_fieldgroups` DISABLE KEYS */;
set autocommit=0;
INSERT INTO `craft_fieldgroups` VALUES (1,'Common','2018-05-02 20:31:26','2018-05-02 20:31:26','169f571a-5810-482d-b786-6cc57d569b46'),(2,'About','2018-08-07 15:43:29','2018-08-07 15:43:29','0da8e511-f26d-41d9-bd9c-4775e2dbf535'),(3,'Globals','2018-08-07 19:13:29','2018-08-07 19:13:29','ed5d2a1b-1499-4329-bbba-4609a06260fe'),(4,'Courses','2018-08-08 15:58:29','2018-08-13 18:24:30','f0ad0afa-ea6f-4899-ba26-4f482294fb64'),(5,'Assignments','2018-08-13 14:56:55','2018-08-13 15:11:08','243afe91-92cf-40d2-9650-c014565548fe'),(6,'Instructors','2018-08-13 18:12:10','2018-08-13 18:12:10','563ed25b-df02-4091-9885-5f582915dd76'),(7,'Syllabi','2018-08-13 18:47:59','2018-08-13 18:47:59','a7c52367-fb02-4bd1-9673-a45d90eb389d'),(8,'Announcements','2018-08-14 19:38:10','2018-08-14 19:38:10','c90ac8cd-dd14-4e26-b738-f32537f71166'),(9,'Calendars','2018-08-20 17:51:10','2018-08-20 17:51:15','ffade6d5-01d9-4907-9336-9747f721e763');
/*!40000 ALTER TABLE `craft_fieldgroups` ENABLE KEYS */;
UNLOCK TABLES;
commit;

--
-- Dumping data for table `craft_fieldlayoutfields`
--

LOCK TABLES `craft_fieldlayoutfields` WRITE;
/*!40000 ALTER TABLE `craft_fieldlayoutfields` DISABLE KEYS */;
set autocommit=0;
INSERT INTO `craft_fieldlayoutfields` VALUES (312,43,117,67,0,1,'2018-08-07 16:02:30','2018-08-07 16:02:30','4f401fa3-0f9a-49f5-b6ee-237b932434ed'),(313,43,117,68,0,2,'2018-08-07 16:02:30','2018-08-07 16:02:30','ef08d772-5897-454b-9c4e-427d20cf41fc'),(314,1,118,57,1,1,'2018-08-07 16:02:40','2018-08-07 16:02:40','8feb4f8f-d86b-4fa0-823e-eafb5eabc8f6'),(315,1,118,58,1,2,'2018-08-07 16:02:40','2018-08-07 16:02:40','0b99eb42-08f3-485c-9e01-788fd7e4614f'),(316,1,118,66,1,3,'2018-08-07 16:02:40','2018-08-07 16:02:40','4b738844-ab57-4033-a3db-2f54c5b2f91f'),(317,1,118,61,1,4,'2018-08-07 16:02:40','2018-08-07 16:02:40','7cbd44b2-53f3-43a8-8794-c54eab39a5f3'),(398,11,163,84,1,1,'2018-08-07 19:25:57','2018-08-07 19:25:57','ad40a4d5-f5de-44cd-af85-db7703d2a9d8'),(399,11,163,81,1,2,'2018-08-07 19:25:57','2018-08-07 19:25:57','8bd0b398-f00d-4c6d-9eee-e482b47697a8'),(402,50,165,85,1,1,'2018-08-07 19:26:21','2018-08-07 19:26:21','21f00f4e-e71a-460f-84d7-f7c3d2e70231'),(403,50,165,86,1,2,'2018-08-07 19:26:21','2018-08-07 19:26:21','a98e6c9b-9171-42f4-bd96-293fbe0fedc1'),(412,45,170,72,1,1,'2018-08-07 19:41:20','2018-08-07 19:41:20','67576c9a-2d99-49ba-8386-18eda3705f62'),(413,45,170,73,1,2,'2018-08-07 19:41:20','2018-08-07 19:41:20','2fb617a2-68c2-48ef-92d1-c59b04ed4eb2'),(414,40,171,62,1,1,'2018-08-07 19:41:35','2018-08-07 19:41:35','2e194b94-a8b3-449d-925a-c43fc98ae7a2'),(415,40,171,63,1,2,'2018-08-07 19:41:35','2018-08-07 19:41:35','9c341fad-3c17-4246-8e8e-a0a7d4b5cd12'),(418,49,173,82,1,1,'2018-08-07 19:41:58','2018-08-07 19:41:58','49c0dfa5-1043-49ae-87cc-522fd203b16d'),(419,49,173,83,1,2,'2018-08-07 19:41:58','2018-08-07 19:41:58','b22728d9-7797-4215-b887-b2a3b1dd7ab3'),(420,12,174,66,1,1,'2018-08-07 19:42:34','2018-08-07 19:42:34','f0eee817-16d3-498e-bbc8-98dfdb88ae31'),(421,12,174,61,0,2,'2018-08-07 19:42:34','2018-08-07 19:42:34','83753c55-0d8a-417e-8352-4b970fa1a7b6'),(422,12,174,59,1,3,'2018-08-07 19:42:34','2018-08-07 19:42:34','e68c799c-0a55-4832-a53e-12f75861fdd3'),(469,44,193,74,1,1,'2018-08-13 18:20:52','2018-08-13 18:20:52','5dd536a6-e3e4-4857-a417-b8e65fba2173'),(470,46,194,75,1,1,'2018-08-13 18:20:52','2018-08-13 18:20:52','ffa12780-9722-4378-bf69-71cc47f1455a'),(471,47,195,76,1,1,'2018-08-13 18:20:52','2018-08-13 18:20:52','58528c2a-17d6-4a47-bd63-36d5989cd066'),(472,47,195,77,1,2,'2018-08-13 18:20:52','2018-08-13 18:20:52','22a51896-fc4c-4cca-8cf2-fbf21e2b7d56'),(473,47,195,79,0,3,'2018-08-13 18:20:52','2018-08-13 18:20:52','62a3a0bb-ebcb-460c-9f5d-afb3712261b4'),(475,62,196,69,1,2,'2018-08-13 18:22:45','2018-08-13 18:22:45','92caf539-ccda-4e87-a2f6-674196f90b34'),(476,62,196,59,1,3,'2018-08-13 18:22:45','2018-08-13 18:22:45','cead9c87-284f-48ea-881f-1a7a7c0b2fee'),(477,62,196,66,1,4,'2018-08-13 18:22:45','2018-08-13 18:22:45','0c1a42eb-c4db-4027-83dc-6cf617d7d252'),(484,58,198,100,1,1,'2018-08-13 18:31:19','2018-08-13 18:31:19','86829f4e-bf02-4759-8a5a-9b9ca3ac2ea5'),(485,58,198,101,1,2,'2018-08-13 18:31:19','2018-08-13 18:31:19','92f75391-a1c2-458d-93fb-82b6815cc6e4'),(486,58,198,102,1,3,'2018-08-13 18:31:19','2018-08-13 18:31:19','e5cbe397-149f-43f6-876b-1ac5dd580928'),(487,58,198,92,1,4,'2018-08-13 18:31:19','2018-08-13 18:31:19','b3f8126d-618c-42ce-b532-b3bfbe3c95a3'),(488,58,198,93,1,5,'2018-08-13 18:31:19','2018-08-13 18:31:19','cf4c85e7-c8cd-4a7c-b527-efdbd6137b53'),(489,58,198,66,1,6,'2018-08-13 18:31:19','2018-08-13 18:31:19','915dd473-94ee-42e2-b54c-7830fd8714a4'),(490,59,199,96,1,1,'2018-08-13 18:44:34','2018-08-13 18:44:34','47973177-c1bc-45e9-952a-e8090e0d7b1f'),(491,59,199,97,1,2,'2018-08-13 18:44:34','2018-08-13 18:44:34','6577f5ae-51ec-42c0-82bd-687d6dea8ced'),(492,59,199,98,1,3,'2018-08-13 18:44:34','2018-08-13 18:44:34','425b103e-afc9-4601-b541-085316c1641d'),(493,59,199,66,1,4,'2018-08-13 18:44:34','2018-08-13 18:44:34','5cb14909-666b-4ed3-98ec-e972a5634406'),(522,56,229,103,1,1,'2018-08-13 19:09:10','2018-08-13 19:09:10','196fa045-327b-41c1-ba10-c36977e657c4'),(523,56,229,104,1,2,'2018-08-13 19:09:10','2018-08-13 19:09:10','4e52aac6-3ba7-4bc5-addf-ee459280ba12'),(558,20,266,122,1,1,'2018-08-13 20:10:40','2018-08-13 20:10:40','e1e92259-60a0-45e9-bc32-4dd1594128fd'),(559,64,267,105,1,1,'2018-08-14 15:08:23','2018-08-14 15:08:23','dcbd207c-057c-4b42-ab77-20611229670a'),(560,65,268,106,1,1,'2018-08-14 15:08:23','2018-08-14 15:08:23','03da9434-4e21-4852-89a4-55d46e9660ae'),(561,66,269,107,1,1,'2018-08-14 15:08:23','2018-08-14 15:08:23','457a6704-425e-4eb8-bf85-98adbbea0437'),(562,67,270,108,1,1,'2018-08-14 15:08:23','2018-08-14 15:08:23','d7b8f252-0d7d-4d08-b706-75cdf795ec0a'),(563,68,271,109,1,1,'2018-08-14 15:08:23','2018-08-14 15:08:23','6e3c826d-4720-4844-bf86-f5cbc2c863e6'),(564,69,272,110,1,1,'2018-08-14 15:08:23','2018-08-14 15:08:23','afee3ad6-3d1e-4692-a8fe-5ad475133608'),(565,70,273,111,1,1,'2018-08-14 15:08:23','2018-08-14 15:08:23','081c43e2-ba87-440d-ac0b-3e0e5588a900'),(566,71,274,112,1,1,'2018-08-14 15:08:23','2018-08-14 15:08:23','4bea2bae-0e87-4035-a1c2-a15a2b9858d9'),(567,72,275,113,1,1,'2018-08-14 15:08:23','2018-08-14 15:08:23','259eaf54-b214-4962-9ec2-502fb3ab7339'),(568,74,277,114,1,1,'2018-08-14 15:08:23','2018-08-14 15:08:23','bd540923-6fdc-499b-b617-bb845fec12e4'),(569,75,278,115,1,1,'2018-08-14 15:08:23','2018-08-14 15:08:23','508fb4db-3415-4556-82b8-5534859c6b8d'),(570,76,279,116,1,1,'2018-08-14 15:08:23','2018-08-14 15:08:23','fc0005dd-4ef7-4187-8554-beb9980cc0fa'),(571,77,280,117,1,1,'2018-08-14 15:08:23','2018-08-14 15:08:23','180a1f90-c7ca-4dfa-be06-dda68289a064'),(572,78,281,118,1,1,'2018-08-14 15:08:24','2018-08-14 15:08:24','16e064b8-c0c4-4973-acff-586fe14d2df8'),(573,79,282,119,1,1,'2018-08-14 15:08:24','2018-08-14 15:08:24','74f04b07-79f9-4d38-bf47-5b6b93ddb685'),(574,80,283,120,1,1,'2018-08-14 15:08:24','2018-08-14 15:08:24','4c9ae56c-698c-4af1-b725-573733ca0686'),(575,42,284,101,1,1,'2018-08-14 17:27:05','2018-08-14 17:27:05','de71b06b-cde4-420c-9fbf-87bab54d28d2'),(576,42,284,66,1,2,'2018-08-14 17:27:05','2018-08-14 17:27:05','fe4a1364-2df5-42bf-aa1c-fdba09b92876'),(591,85,298,57,0,1,'2018-08-14 20:06:56','2018-08-14 20:06:56','24529ea7-87b1-4a09-84bd-77021e1b64af'),(592,86,299,127,1,1,'2018-08-14 20:47:05','2018-08-14 20:47:05','4c1bfd6e-5ae5-4fb4-a54e-cb11272a8f36'),(593,81,300,124,1,1,'2018-08-14 20:47:05','2018-08-14 20:47:05','19b08251-3056-4f09-b745-264937b96a4c'),(594,82,301,125,1,1,'2018-08-14 20:47:05','2018-08-14 20:47:05','decbf0db-cc83-4530-9fbe-cbbc06fe39e7'),(595,82,301,126,1,2,'2018-08-14 20:47:05','2018-08-14 20:47:05','fe6cc720-ca70-487c-84eb-a6f25527b5d8'),(598,84,304,57,1,1,'2018-08-14 20:50:34','2018-08-14 20:50:34','4feeb438-62e8-41d7-8a04-939c5200bb9d'),(599,84,304,58,1,2,'2018-08-14 20:50:34','2018-08-14 20:50:34','3ca86129-6002-42c7-818d-5b628cb15792'),(600,84,304,66,1,3,'2018-08-14 20:50:34','2018-08-14 20:50:34','8b2ca69e-50a0-422a-a0fd-85a3de36962b'),(601,57,305,103,1,1,'2018-08-20 14:50:32','2018-08-20 14:50:32','6cde68c0-98ab-410d-ba85-dc49619a460e'),(602,57,305,128,1,2,'2018-08-20 14:50:32','2018-08-20 14:50:32','9c756b78-0ba2-4e06-ab68-19e04204deac'),(603,57,305,123,1,3,'2018-08-20 14:50:32','2018-08-20 14:50:32','18563797-5a25-48ea-9ce5-21cb3988d865'),(610,87,311,57,1,1,'2018-08-20 17:51:41','2018-08-20 17:51:41','8652361f-f743-4463-a9d3-b5c84bbc1534'),(611,87,311,58,1,2,'2018-08-20 17:51:41','2018-08-20 17:51:41','be456272-99d3-43d7-8c8a-4e9b6247fdfb'),(633,89,319,133,1,1,'2018-08-23 14:15:15','2018-08-23 14:15:15','c967cc4f-2d61-4611-9f98-bc72a9e98858'),(634,88,320,132,1,1,'2018-08-23 14:16:01','2018-08-23 14:16:01','5bf5cef6-69af-4218-82a5-e9ef809495b0'),(635,88,320,129,1,2,'2018-08-23 14:16:01','2018-08-23 14:16:01','45d9673e-9557-4f44-8fa6-7fb199b95e6f'),(636,88,320,66,1,3,'2018-08-23 14:16:01','2018-08-23 14:16:01','17eaf6aa-c79a-4a06-858a-dc82e1c00c51'),(637,88,320,130,0,4,'2018-08-23 14:16:01','2018-08-23 14:16:01','2bcf1857-e3de-4494-a4dd-c38a4a088014'),(638,88,320,131,0,5,'2018-08-23 14:16:01','2018-08-23 14:16:01','f1dcbab2-c299-4d14-93e7-da1107308f1d');
/*!40000 ALTER TABLE `craft_fieldlayoutfields` ENABLE KEYS */;
UNLOCK TABLES;
commit;

--
-- Dumping data for table `craft_fieldlayouts`
--

LOCK TABLES `craft_fieldlayouts` WRITE;
/*!40000 ALTER TABLE `craft_fieldlayouts` DISABLE KEYS */;
set autocommit=0;
INSERT INTO `craft_fieldlayouts` VALUES (1,'craft\\elements\\Entry','2018-05-02 20:42:28','2018-08-07 16:02:40','889b4735-9f44-468d-a20b-52ba58e8c496'),(9,'craft\\elements\\Asset','2018-05-07 19:45:09','2018-05-09 19:25:10','cf0a419a-66e5-4213-9752-6a27e8ae11e8'),(11,'craft\\elements\\GlobalSet','2018-05-07 20:19:03','2018-08-07 19:25:57','2e7fa616-70ba-4bb8-a1f0-075a3c9acbeb'),(12,'craft\\elements\\GlobalSet','2018-05-07 20:19:06','2018-08-07 19:42:34','29e36447-3f7c-47fc-9e20-d80605f9f77d'),(19,'craft\\elements\\Category','2018-07-19 17:41:24','2018-07-19 17:42:43','44acd335-a9da-4aa7-bd6c-dc818502a133'),(20,'craft\\elements\\Category','2018-07-19 17:43:06','2018-08-13 20:10:40','73ae8507-3974-4dd3-95ff-569cf0517570'),(21,'craft\\elements\\Category','2018-07-19 17:43:15','2018-07-19 17:43:15','24bda9a0-50ce-418b-a70b-8517e7f4886c'),(22,'craft\\elements\\Category','2018-07-19 17:43:26','2018-07-19 17:43:26','61cc4d19-7bbe-4014-9d60-b51eb25306ac'),(40,'craft\\elements\\MatrixBlock','2018-08-07 15:35:38','2018-08-07 19:41:35','b388c8c8-2373-4c46-9eeb-8b0b03aabf4f'),(42,'craft\\elements\\Entry','2018-08-07 15:54:41','2018-08-14 17:27:05','1f9b8b86-28c1-4ee9-b1be-1356c58fb701'),(43,'craft\\elements\\MatrixBlock','2018-08-07 15:58:55','2018-08-07 16:02:30','197b2a7e-2590-4e03-9f27-0de70a158a7c'),(44,'craft\\elements\\MatrixBlock','2018-08-07 16:14:59','2018-08-13 18:20:52','b4bf1017-b207-4f2a-85b0-b33eca429ebe'),(45,'craft\\elements\\MatrixBlock','2018-08-07 17:01:00','2018-08-07 19:41:20','d9007e5d-c2b7-4eec-94e3-4ce53f286ce6'),(46,'craft\\elements\\MatrixBlock','2018-08-07 18:09:24','2018-08-13 18:20:52','2a3c30ef-0608-4291-b60e-d57d82c57c7e'),(47,'craft\\elements\\MatrixBlock','2018-08-07 18:09:24','2018-08-13 18:20:52','b5c8c537-4e79-4644-a8c8-50de908851cc'),(49,'craft\\elements\\MatrixBlock','2018-08-07 19:14:45','2018-08-07 19:41:58','b7a7d6b7-6f29-49fe-b649-42fba92beb19'),(50,'craft\\elements\\MatrixBlock','2018-08-07 19:25:46','2018-08-07 19:26:21','44677134-eb90-4ff7-92d2-70786988f09b'),(56,'craft\\elements\\Entry','2018-08-13 16:47:59','2018-08-13 19:09:10','580b2f7f-35ce-499b-89b2-4534d985d056'),(57,'craft\\elements\\Entry','2018-08-13 16:48:20','2018-08-20 14:50:32','606c2e34-666c-4dac-8570-b0e2278de944'),(58,'craft\\elements\\Entry','2018-08-13 16:48:45','2018-08-13 18:31:19','f323657c-0ecf-4639-a3c4-06a09e1a3838'),(59,'craft\\elements\\Entry','2018-08-13 16:49:10','2018-08-13 18:44:34','038b7f54-f9c6-43af-818e-893ff11fb5f5'),(60,'craft\\elements\\Entry','2018-08-13 16:50:27','2018-08-20 18:44:33','1d46eae5-ee18-4e38-ab90-6e265dddfdd8'),(61,'craft\\elements\\Entry','2018-08-13 16:50:35','2018-08-13 16:50:35','5a3dea28-ebad-4424-b258-4042c0f1bb5f'),(62,'craft\\elements\\Entry','2018-08-13 16:50:46','2018-08-13 18:22:45','3984da77-f474-4457-aa4c-14ee9d47d182'),(63,'craft\\elements\\Entry','2018-08-13 16:54:15','2018-08-13 16:54:15','a75caeda-e80a-4ff7-801e-6ff7f3d63e54'),(64,'craft\\elements\\MatrixBlock','2018-08-13 19:04:25','2018-08-14 15:08:23','2ea3fa27-792c-4f7f-ac34-8669e28b09f2'),(65,'craft\\elements\\MatrixBlock','2018-08-13 19:04:25','2018-08-14 15:08:23','c746184e-a5b8-438c-b980-75012d3db2a2'),(66,'craft\\elements\\MatrixBlock','2018-08-13 19:04:25','2018-08-14 15:08:23','f3296119-0e59-4542-b8ee-2d8ce20569e8'),(67,'craft\\elements\\MatrixBlock','2018-08-13 19:04:25','2018-08-14 15:08:23','bc137cee-a45e-4605-bf66-5ad53ab376ac'),(68,'craft\\elements\\MatrixBlock','2018-08-13 19:04:25','2018-08-14 15:08:23','1991dc25-a5ed-4cfd-9007-a33ecca7e8a0'),(69,'craft\\elements\\MatrixBlock','2018-08-13 19:04:25','2018-08-14 15:08:23','468baf69-0d4b-4cad-b4ee-110d4e069ce1'),(70,'craft\\elements\\MatrixBlock','2018-08-13 19:04:25','2018-08-14 15:08:23','9293ad26-3d95-4466-ac24-360d231d6592'),(71,'craft\\elements\\MatrixBlock','2018-08-13 19:04:26','2018-08-14 15:08:23','bb4fc23d-2d0a-4fbd-971c-b18f40767aa3'),(72,'craft\\elements\\MatrixBlock','2018-08-13 19:04:26','2018-08-14 15:08:23','1aa239c2-2593-4438-82c9-76179a10bc4a'),(73,'craft\\elements\\MatrixBlock','2018-08-13 19:04:26','2018-08-14 15:08:23','2299a906-a422-45bc-a6c3-1f09cd19355a'),(74,'craft\\elements\\MatrixBlock','2018-08-13 19:08:57','2018-08-14 15:08:23','4ee83291-67a7-4803-a396-7dab32f7103b'),(75,'craft\\elements\\MatrixBlock','2018-08-13 19:08:57','2018-08-14 15:08:23','3082fb5a-0abd-48a1-89f7-fd4f17ded2c9'),(76,'craft\\elements\\MatrixBlock','2018-08-13 19:08:57','2018-08-14 15:08:23','9362b44c-6a65-4041-bef0-2cda9501a79b'),(77,'craft\\elements\\MatrixBlock','2018-08-13 19:08:57','2018-08-14 15:08:23','ab2363e9-87b1-4f4d-a78e-751332b2ce7b'),(78,'craft\\elements\\MatrixBlock','2018-08-13 19:08:57','2018-08-14 15:08:24','0f5f4e36-d5cc-4035-8be6-54065655564f'),(79,'craft\\elements\\MatrixBlock','2018-08-13 19:08:57','2018-08-14 15:08:24','d319b56f-0e42-4e99-bf2a-de870b42ff41'),(80,'craft\\elements\\MatrixBlock','2018-08-13 19:08:57','2018-08-14 15:08:24','a7e5ed04-93c1-4f66-b156-29cc4cb1ed94'),(81,'craft\\elements\\MatrixBlock','2018-08-14 19:41:38','2018-08-14 20:47:05','36949fc9-b60b-41ff-bf12-30feedb09eb5'),(82,'craft\\elements\\MatrixBlock','2018-08-14 19:41:38','2018-08-14 20:47:05','a9b046eb-378e-4bd4-8a60-32367a625c56'),(83,'craft\\elements\\MatrixBlock','2018-08-14 19:41:38','2018-08-14 20:47:05','2b72315f-8234-4b59-9b24-c6b1ed3ed44a'),(84,'craft\\elements\\Entry','2018-08-14 20:02:58','2018-08-14 20:50:34','1a614318-f16b-4b11-b557-2df83a6b0e5d'),(85,'craft\\elements\\Entry','2018-08-14 20:06:32','2018-08-14 20:06:56','70dfb9fc-b4f0-42a7-8cce-e68bacc5d030'),(86,'craft\\elements\\MatrixBlock','2018-08-14 20:47:05','2018-08-14 20:47:05','ef5562ed-967b-4d56-bdb8-70301ba4a5de'),(87,'craft\\elements\\Entry','2018-08-20 16:26:54','2018-08-20 17:51:41','ae9b1e71-cef5-4408-8321-add7063a7741'),(88,'craft\\elements\\Entry','2018-08-20 17:56:33','2018-08-23 14:16:01','61bf27e9-0516-402c-935e-f4e2cff42a5d'),(89,'craft\\elements\\Category','2018-08-23 13:35:40','2018-08-23 14:15:15','0a0ad6e0-44eb-4f23-ade8-e08dc881a49f');
/*!40000 ALTER TABLE `craft_fieldlayouts` ENABLE KEYS */;
UNLOCK TABLES;
commit;

--
-- Dumping data for table `craft_fieldlayouttabs`
--

LOCK TABLES `craft_fieldlayouttabs` WRITE;
/*!40000 ALTER TABLE `craft_fieldlayouttabs` DISABLE KEYS */;
set autocommit=0;
INSERT INTO `craft_fieldlayouttabs` VALUES (117,43,'Content',1,'2018-08-07 16:02:30','2018-08-07 16:02:30','ccdfdda7-18f1-4e5b-a59c-74f4e2971c7b'),(118,1,'Homepage',1,'2018-08-07 16:02:40','2018-08-07 16:02:40','097714f3-0a26-40b3-8264-581a649ecd9d'),(163,11,'Header',1,'2018-08-07 19:25:57','2018-08-07 19:25:57','909594f6-e731-465d-8dfa-9f2f854461e4'),(165,50,'Content',1,'2018-08-07 19:26:21','2018-08-07 19:26:21','41b62d6b-d28e-4ba3-a62c-00a30fdebb46'),(170,45,'Content',1,'2018-08-07 19:41:20','2018-08-07 19:41:20','21a7ad4e-1e42-4f9a-9f63-7cbd47c422d8'),(171,40,'Content',1,'2018-08-07 19:41:35','2018-08-07 19:41:35','c14c787e-7c8c-4e0b-865c-141b3df3e099'),(173,49,'Content',1,'2018-08-07 19:41:58','2018-08-07 19:41:58','437aa8cd-ba33-4105-8c3c-bc9413093103'),(174,12,'Footer',1,'2018-08-07 19:42:34','2018-08-07 19:42:34','5e73e22d-c44e-4ad5-a644-840088c724fc'),(193,44,'Content',1,'2018-08-13 18:20:52','2018-08-13 18:20:52','6ffbcbc7-e71b-46d7-a5a7-86722f0332af'),(194,46,'Content',1,'2018-08-13 18:20:52','2018-08-13 18:20:52','75a24a4b-5977-4677-991e-bd6cf7c5ba98'),(195,47,'Content',1,'2018-08-13 18:20:52','2018-08-13 18:20:52','8f7c729e-29d8-4668-b026-9c2924131084'),(196,62,'Instructors',1,'2018-08-13 18:22:45','2018-08-13 18:22:45','a3e52ebb-83c9-4281-a436-bed92616d919'),(198,58,'Courses',1,'2018-08-13 18:31:19','2018-08-13 18:31:19','f499991d-78ad-4117-979a-94c3af7a3331'),(199,59,'Assignments',1,'2018-08-13 18:44:34','2018-08-13 18:44:34','9351076d-1d4e-4576-a3ee-c3fffe26334f'),(229,56,'Syllabus',1,'2018-08-13 19:09:10','2018-08-13 19:09:10','84f6e8ed-40a7-49a3-85c6-34d50b42ea51'),(266,20,'Location',1,'2018-08-13 20:10:40','2018-08-13 20:10:40','e2ff55cf-c72a-4b0b-a589-54fca702093e'),(267,64,'Content',1,'2018-08-14 15:08:23','2018-08-14 15:08:23','e262faa2-2e00-4b0f-8e7f-36e32dcba8b4'),(268,65,'Content',1,'2018-08-14 15:08:23','2018-08-14 15:08:23','de34c525-2bc9-4529-86af-c500952c0a6f'),(269,66,'Content',1,'2018-08-14 15:08:23','2018-08-14 15:08:23','0ec6bc0a-5dd9-4745-aa96-2eb0fa2ca925'),(270,67,'Content',1,'2018-08-14 15:08:23','2018-08-14 15:08:23','9284cb44-8f89-4d35-8916-edde3993a083'),(271,68,'Content',1,'2018-08-14 15:08:23','2018-08-14 15:08:23','9ada0489-e288-4302-868f-298bd84dd198'),(272,69,'Content',1,'2018-08-14 15:08:23','2018-08-14 15:08:23','1e413882-4719-4438-8d05-f75248d17f1b'),(273,70,'Content',1,'2018-08-14 15:08:23','2018-08-14 15:08:23','2d64fcb8-ca81-4dd0-b416-55e518f46c56'),(274,71,'Content',1,'2018-08-14 15:08:23','2018-08-14 15:08:23','4a79ef4a-20e3-46c1-96bf-92a978c23d4f'),(275,72,'Content',1,'2018-08-14 15:08:23','2018-08-14 15:08:23','9d98e29a-38a8-40e6-b7f7-3043d9587176'),(276,73,'Content',1,'2018-08-14 15:08:23','2018-08-14 15:08:23','ce23ad65-fbff-4e14-9b72-0c110c9d0aa3'),(277,74,'Content',1,'2018-08-14 15:08:23','2018-08-14 15:08:23','df8b76af-64d8-45ba-882e-e7069f646287'),(278,75,'Content',1,'2018-08-14 15:08:23','2018-08-14 15:08:23','d2109f00-ca39-4485-b044-902aa149def4'),(279,76,'Content',1,'2018-08-14 15:08:23','2018-08-14 15:08:23','3e0e6e53-02ff-4a1c-af4d-c8f45fcfa2d6'),(280,77,'Content',1,'2018-08-14 15:08:23','2018-08-14 15:08:23','c9d92831-e334-4f4e-b150-62a3acf6b2d2'),(281,78,'Content',1,'2018-08-14 15:08:24','2018-08-14 15:08:24','8fb0eaa8-7f82-496b-b13c-0d3662f11e49'),(282,79,'Content',1,'2018-08-14 15:08:24','2018-08-14 15:08:24','c16fc77b-6b4c-4fd8-9999-159d7fe177d3'),(283,80,'Content',1,'2018-08-14 15:08:24','2018-08-14 15:08:24','67931eaf-a874-4a48-b052-660667d75567'),(284,42,'About',1,'2018-08-14 17:27:05','2018-08-14 17:27:05','9c94c50f-24c5-4446-b6a6-7893813185fe'),(298,85,'Courses Homepage',1,'2018-08-14 20:06:56','2018-08-14 20:06:56','5f6bb80c-ef5e-4d9e-ae8c-80a87bf90467'),(299,86,'Content',1,'2018-08-14 20:47:05','2018-08-14 20:47:05','c5a7bf0a-ce9e-4f7a-b16e-4e07d2f65ad7'),(300,81,'Content',1,'2018-08-14 20:47:05','2018-08-14 20:47:05','512bb1f0-fb5e-4ea7-9bdb-79a0176d5f7e'),(301,82,'Content',1,'2018-08-14 20:47:05','2018-08-14 20:47:05','7b3cb1ab-45df-4778-a253-d56ef757326d'),(302,83,'Content',1,'2018-08-14 20:47:05','2018-08-14 20:47:05','24fc0c1d-929a-4aa3-aa0a-a2ce59fd7057'),(304,84,'Announcements Homepage',1,'2018-08-14 20:50:34','2018-08-14 20:50:34','26ed5cf5-fe63-44d6-a439-c7311baef7fb'),(305,57,'Announcement',1,'2018-08-20 14:50:32','2018-08-20 14:50:32','085e5027-eb5a-4fff-8a55-6ae479dcbf57'),(311,87,'Calendar Homepage',1,'2018-08-20 17:51:41','2018-08-20 17:51:41','ff16eece-974f-456d-9ae9-e264122805d8'),(319,89,'Calendar Section',1,'2018-08-23 14:15:15','2018-08-23 14:15:15','184e0766-ea88-4283-94fb-faa83c504771'),(320,88,'Calendar Event',1,'2018-08-23 14:16:01','2018-08-23 14:16:01','d334fa98-ce0b-4ad4-84fd-7b852892bf90');
/*!40000 ALTER TABLE `craft_fieldlayouttabs` ENABLE KEYS */;
UNLOCK TABLES;
commit;

--
-- Dumping data for table `craft_fields`
--

LOCK TABLES `craft_fields` WRITE;
/*!40000 ALTER TABLE `craft_fields` DISABLE KEYS */;
set autocommit=0;
INSERT INTO `craft_fields` VALUES (57,1,'Heading','heading','global','','none',NULL,'craft\\fields\\PlainText','{\"placeholder\":\"\",\"code\":\"\",\"multiline\":\"\",\"initialRows\":\"4\",\"charLimit\":\"\",\"columnType\":\"text\"}','2018-08-07 15:29:31','2018-08-07 15:29:31','d3185278-da2c-4cd5-a30d-3ca0538d58c3'),(58,1,'Subheading','subheading','global','','none',NULL,'craft\\fields\\PlainText','{\"placeholder\":\"\",\"code\":\"\",\"multiline\":\"\",\"initialRows\":\"4\",\"charLimit\":\"\",\"columnType\":\"text\"}','2018-08-07 15:29:41','2018-08-07 15:29:41','d000dd13-5dd4-4631-82a9-5aac4588e521'),(59,1,'Image','image','global','','site',NULL,'craft\\fields\\Matrix','{\"minBlocks\":\"1\",\"maxBlocks\":\"\",\"localizeBlocks\":false}','2018-08-07 15:30:11','2018-08-07 19:41:20','526be8df-0f16-4f54-8900-d0945b319bd2'),(61,1,'Link','hyperlink','global','','site',NULL,'craft\\fields\\Matrix','{\"minBlocks\":\"1\",\"maxBlocks\":\"\",\"localizeBlocks\":false}','2018-08-07 15:35:38','2018-08-07 19:41:35','5298258c-16e6-4fbb-956d-001c0ca20cdf'),(62,NULL,'Text','linkText','matrixBlockType:12','','none',NULL,'craft\\fields\\PlainText','{\"placeholder\":\"\",\"code\":\"\",\"multiline\":\"\",\"initialRows\":\"4\",\"charLimit\":\"\",\"columnType\":\"text\"}','2018-08-07 15:35:38','2018-08-07 19:41:35','c4096e8c-5f86-40f8-854b-2ee4c38bdf85'),(63,NULL,'URL','linkUrl','matrixBlockType:12','','none',NULL,'craft\\fields\\PlainText','{\"placeholder\":\"\",\"code\":\"\",\"multiline\":\"\",\"initialRows\":\"4\",\"charLimit\":\"\",\"columnType\":\"text\"}','2018-08-07 15:35:38','2018-08-07 19:41:35','19ae6af6-bce6-49fb-a7e0-a56f27407b64'),(64,1,'Name','personName','global','','none',NULL,'craft\\fields\\PlainText','{\"placeholder\":\"\",\"code\":\"\",\"multiline\":\"\",\"initialRows\":\"4\",\"charLimit\":\"\",\"columnType\":\"text\"}','2018-08-07 15:47:39','2018-08-07 15:47:39','8f7f49e9-ab44-490e-ae2f-998efce9b49b'),(66,1,'Body','body','global','','none',NULL,'craft\\redactor\\Field','{\"redactorConfig\":\"\",\"purifierConfig\":\"\",\"cleanupHtml\":\"1\",\"purifyHtml\":\"1\",\"columnType\":\"text\",\"availableVolumes\":\"*\",\"availableTransforms\":\"*\"}','2018-08-07 15:58:55','2018-08-07 16:18:24','36aed834-ace1-44db-b027-0211e1a13fa8'),(67,NULL,'Heading','heading','matrixBlockType:13','','none',NULL,'craft\\fields\\PlainText','{\"placeholder\":\"\",\"code\":\"\",\"multiline\":\"\",\"initialRows\":\"4\",\"charLimit\":\"\",\"columnType\":\"text\"}','2018-08-07 15:58:55','2018-08-07 16:02:30','159e9c5f-6672-4a83-b7b7-e97f83895de0'),(68,NULL,'Text','text','matrixBlockType:13','','none',NULL,'craft\\redactor\\Field','{\"redactorConfig\":\"\",\"purifierConfig\":\"\",\"cleanupHtml\":\"1\",\"purifyHtml\":\"1\",\"columnType\":\"text\",\"availableVolumes\":\"*\",\"availableTransforms\":\"*\"}','2018-08-07 15:58:55','2018-08-07 16:02:30','b7d78488-4bee-4874-a78a-c2d0fdd68fa3'),(69,6,'Instructor Information','instructorInformation','global','','site',NULL,'craft\\fields\\Matrix','{\"minBlocks\":\"1\",\"maxBlocks\":\"\",\"localizeBlocks\":false}','2018-08-07 16:14:59','2018-08-13 18:20:52','1a985d45-39ed-4f9c-82af-117e40063c62'),(72,NULL,'Asset','asset','matrixBlockType:15','','site',NULL,'craft\\fields\\Assets','{\"useSingleFolder\":\"\",\"defaultUploadLocationSource\":\"folder:1\",\"defaultUploadLocationSubpath\":\"\",\"singleUploadLocationSource\":\"folder:1\",\"singleUploadLocationSubpath\":\"\",\"restrictFiles\":\"1\",\"allowedKinds\":[\"image\"],\"sources\":\"*\",\"source\":null,\"targetSiteId\":null,\"viewMode\":\"list\",\"limit\":\"1\",\"selectionLabel\":\"\",\"localizeRelations\":false}','2018-08-07 17:00:59','2018-08-07 19:41:20','17882cf2-36b7-4a29-9d17-b141ccffdc94'),(73,NULL,'Alt Text','altText','matrixBlockType:15','','none',NULL,'craft\\fields\\PlainText','{\"placeholder\":\"\",\"code\":\"\",\"multiline\":\"\",\"initialRows\":\"4\",\"charLimit\":\"\",\"columnType\":\"text\"}','2018-08-07 17:01:00','2018-08-07 19:41:20','37eb3908-272b-4782-95d0-58198c46a2a4'),(74,NULL,'Email Address','emailAddress','matrixBlockType:14','','none',NULL,'craft\\fields\\Email','[]','2018-08-07 18:09:24','2018-08-13 18:20:52','87ffe577-dd09-4a38-be7d-5470c3e2faf1'),(75,NULL,'Phone Number','phoneNumber','matrixBlockType:16','','none',NULL,'craft\\fields\\PlainText','{\"placeholder\":\"\",\"code\":\"\",\"multiline\":\"\",\"initialRows\":\"4\",\"charLimit\":\"\",\"columnType\":\"text\"}','2018-08-07 18:09:24','2018-08-13 18:20:52','381c2023-fa42-49b5-9d44-3921328bc558'),(76,NULL,'Method','method','matrixBlockType:17','','none',NULL,'craft\\fields\\PlainText','{\"placeholder\":\"e.g. \\\"Twitter\\\"\",\"code\":\"\",\"multiline\":\"\",\"initialRows\":\"4\",\"charLimit\":\"\",\"columnType\":\"text\"}','2018-08-07 18:09:24','2018-08-13 18:20:52','fbf0ba8a-2223-4666-af87-7a6ca0b769bd'),(77,NULL,'Account','account','matrixBlockType:17','','none',NULL,'craft\\fields\\PlainText','{\"placeholder\":\"e.g. \\\"@JohnDoe\\\"\",\"code\":\"\",\"multiline\":\"\",\"initialRows\":\"4\",\"charLimit\":\"\",\"columnType\":\"text\"}','2018-08-07 18:09:24','2018-08-13 18:20:52','570628aa-4d10-432b-a59d-eb8045fc052f'),(79,NULL,'Link','hyperlink','matrixBlockType:17','','none',NULL,'craft\\fields\\Url','[]','2018-08-07 18:22:34','2018-08-13 18:20:52','730d1b95-b971-41ac-bc4f-2abeaee26fa0'),(81,3,'Navigation Items','navigationItems','global','','site',NULL,'craft\\fields\\Matrix','{\"minBlocks\":\"1\",\"maxBlocks\":\"\",\"localizeBlocks\":false}','2018-08-07 19:14:45','2018-08-07 19:41:58','80ad5e12-3d9c-4031-9528-80fe4bc7bfbc'),(82,NULL,'Title','itemTitle','matrixBlockType:18','','none',NULL,'craft\\fields\\PlainText','{\"placeholder\":\"\",\"code\":\"\",\"multiline\":\"\",\"initialRows\":\"4\",\"charLimit\":\"\",\"columnType\":\"text\"}','2018-08-07 19:14:45','2018-08-07 19:41:58','bc18e950-0636-4415-ab0f-d1436c97516a'),(83,NULL,'URL','itemUrl','matrixBlockType:18','','none',NULL,'craft\\fields\\PlainText','{\"placeholder\":\"\",\"code\":\"\",\"multiline\":\"\",\"initialRows\":\"4\",\"charLimit\":\"\",\"columnType\":\"text\"}','2018-08-07 19:14:45','2018-08-07 19:41:58','a9bd13c8-e67a-4377-8707-096da20dc11c'),(84,3,'Header SVG','headerSvg','global','','site',NULL,'craft\\fields\\Matrix','{\"minBlocks\":\"1\",\"maxBlocks\":\"1\",\"localizeBlocks\":false}','2018-08-07 19:25:46','2018-08-07 19:26:21','270abf73-8a83-4235-b39a-341fd9ab6c0c'),(85,NULL,'Title','svgTitle','matrixBlockType:19','','none',NULL,'craft\\fields\\PlainText','{\"placeholder\":\"\",\"code\":\"\",\"multiline\":\"\",\"initialRows\":\"4\",\"charLimit\":\"\",\"columnType\":\"text\"}','2018-08-07 19:25:46','2018-08-07 19:26:21','f838c7dd-a95b-4827-a446-09aca993f0d5'),(86,NULL,'Description','description','matrixBlockType:19','','none',NULL,'craft\\fields\\PlainText','{\"placeholder\":\"\",\"code\":\"\",\"multiline\":\"\",\"initialRows\":\"4\",\"charLimit\":\"\",\"columnType\":\"text\"}','2018-08-07 19:25:46','2018-08-07 19:26:21','e3b9aed9-3b8e-4e80-80c7-fc35e4dd7244'),(92,4,'Day/Time','dayTime','global','','none',NULL,'craft\\fields\\PlainText','{\"placeholder\":\"\",\"code\":\"\",\"multiline\":\"\",\"initialRows\":\"4\",\"charLimit\":\"\",\"columnType\":\"text\"}','2018-08-08 16:03:44','2018-08-08 16:03:44','de34bc5d-14ce-4268-8f90-1cc6c79930fc'),(93,4,'Location','location','global','','site',NULL,'craft\\fields\\Categories','{\"branchLimit\":\"\",\"sources\":\"*\",\"source\":\"group:2\",\"targetSiteId\":null,\"viewMode\":null,\"limit\":null,\"selectionLabel\":\"\",\"localizeRelations\":false}','2018-08-08 16:03:49','2018-08-13 20:08:37','d0b15f84-ac63-4f16-9850-ae4c8f999d88'),(96,5,'Assignment Type','assignmentType','global','','site',NULL,'craft\\fields\\Categories','{\"branchLimit\":\"\",\"sources\":\"*\",\"source\":\"group:4\",\"targetSiteId\":null,\"viewMode\":null,\"limit\":null,\"selectionLabel\":\"\",\"localizeRelations\":false}','2018-08-13 14:56:24','2018-08-13 18:43:25','c2a0f488-4326-41bc-9345-becf0f8b3d8a'),(97,5,'Points','assignmentPoints','global','','none',NULL,'craft\\fields\\Number','{\"defaultValue\":null,\"min\":\"1\",\"max\":null,\"decimals\":0,\"size\":null}','2018-08-13 14:58:48','2018-08-13 18:43:15','8618b5f9-4b60-4656-9466-ebc60112e626'),(98,5,'Due Date','dueDate','global','','none',NULL,'craft\\fields\\Date','{\"showDate\":true,\"showTime\":false,\"minuteIncrement\":\"30\"}','2018-08-13 15:10:37','2018-08-20 18:52:22','a27a1f31-8980-4a66-8b43-518fc8661961'),(100,4,'Course Type','courseType','global','','site',NULL,'craft\\fields\\Categories','{\"branchLimit\":\"\",\"sources\":\"*\",\"source\":\"group:1\",\"targetSiteId\":null,\"viewMode\":null,\"limit\":null,\"selectionLabel\":\"\",\"localizeRelations\":false}','2018-08-13 18:26:11','2018-08-13 18:27:59','c01b00df-2a5d-444b-b0f7-5a3ed2c06453'),(101,4,'Instructor','instructor','global','','site',NULL,'craft\\fields\\Entries','{\"sources\":[\"section:33\"],\"source\":null,\"targetSiteId\":null,\"viewMode\":null,\"limit\":\"\",\"selectionLabel\":\"\",\"localizeRelations\":false}','2018-08-13 18:27:06','2018-08-13 18:28:05','95cfd6ea-e000-45f0-8914-af0e67d5ccb3'),(102,4,'Term','term','global','','site',NULL,'craft\\fields\\Categories','{\"branchLimit\":\"\",\"sources\":\"*\",\"source\":\"group:3\",\"targetSiteId\":null,\"viewMode\":null,\"limit\":null,\"selectionLabel\":\"\",\"localizeRelations\":false}','2018-08-13 18:27:40','2018-08-13 18:28:10','3d4df347-e587-4ede-910b-e738161c5e15'),(103,7,'Course','course','global','','site',NULL,'craft\\fields\\Entries','{\"sources\":[\"section:29\"],\"source\":null,\"targetSiteId\":null,\"viewMode\":null,\"limit\":\"\",\"selectionLabel\":\"\",\"localizeRelations\":false}','2018-08-13 18:48:29','2018-08-13 19:54:45','5097255b-cd79-4aa7-a24b-04164851946b'),(104,7,'Syllabus Info','syllabusInfo','global','','site',NULL,'craft\\fields\\Matrix','{\"minBlocks\":\"\",\"maxBlocks\":\"\",\"localizeBlocks\":false}','2018-08-13 19:04:25','2018-08-14 15:08:22','8447887c-5a91-4b84-9fef-5ff81758512f'),(105,NULL,'Body','body','matrixBlockType:21','','none',NULL,'craft\\redactor\\Field','{\"redactorConfig\":\"\",\"purifierConfig\":\"\",\"cleanupHtml\":\"1\",\"purifyHtml\":\"1\",\"columnType\":\"text\",\"availableVolumes\":\"*\",\"availableTransforms\":\"*\"}','2018-08-13 19:04:25','2018-08-14 15:08:23','de87648d-990c-42dc-abd3-c6b9f6781f25'),(106,NULL,'Body','body','matrixBlockType:22','','none',NULL,'craft\\redactor\\Field','{\"redactorConfig\":\"\",\"purifierConfig\":\"\",\"cleanupHtml\":\"1\",\"purifyHtml\":\"1\",\"columnType\":\"text\",\"availableVolumes\":\"*\",\"availableTransforms\":\"*\"}','2018-08-13 19:04:25','2018-08-14 15:08:23','8626e6d6-1836-4ae3-a02f-f1fc434e0950'),(107,NULL,'Body','body','matrixBlockType:23','','none',NULL,'craft\\redactor\\Field','{\"redactorConfig\":\"\",\"purifierConfig\":\"\",\"cleanupHtml\":\"1\",\"purifyHtml\":\"1\",\"columnType\":\"text\",\"availableVolumes\":\"*\",\"availableTransforms\":\"*\"}','2018-08-13 19:04:25','2018-08-14 15:08:23','646cb257-4bcb-4f79-a150-d8be9e575cf6'),(108,NULL,'Body','body','matrixBlockType:24','','none',NULL,'craft\\redactor\\Field','{\"redactorConfig\":\"\",\"purifierConfig\":\"\",\"cleanupHtml\":\"1\",\"purifyHtml\":\"1\",\"columnType\":\"text\",\"availableVolumes\":\"*\",\"availableTransforms\":\"*\"}','2018-08-13 19:04:25','2018-08-14 15:08:23','d6c67e52-4699-41dc-8481-5ef075cf228c'),(109,NULL,'Body','body','matrixBlockType:25','','none',NULL,'craft\\redactor\\Field','{\"redactorConfig\":\"\",\"purifierConfig\":\"\",\"cleanupHtml\":\"1\",\"purifyHtml\":\"1\",\"columnType\":\"text\",\"availableVolumes\":\"*\",\"availableTransforms\":\"*\"}','2018-08-13 19:04:25','2018-08-14 15:08:23','45b182fa-8a67-4092-b86d-c8051e418578'),(110,NULL,'Body','body','matrixBlockType:26','','none',NULL,'craft\\redactor\\Field','{\"redactorConfig\":\"\",\"purifierConfig\":\"\",\"cleanupHtml\":\"1\",\"purifyHtml\":\"1\",\"columnType\":\"text\",\"availableVolumes\":\"*\",\"availableTransforms\":\"*\"}','2018-08-13 19:04:25','2018-08-14 15:08:23','52b74255-0bb9-4730-8e86-02ed2ded87af'),(111,NULL,'Body','body','matrixBlockType:27','','none',NULL,'craft\\redactor\\Field','{\"redactorConfig\":\"\",\"purifierConfig\":\"\",\"cleanupHtml\":\"1\",\"purifyHtml\":\"1\",\"columnType\":\"text\",\"availableVolumes\":\"*\",\"availableTransforms\":\"*\"}','2018-08-13 19:04:25','2018-08-14 15:08:23','1d214ced-7859-4943-a584-91b1c2c953a1'),(112,NULL,'Body','body','matrixBlockType:28','','none',NULL,'craft\\redactor\\Field','{\"redactorConfig\":\"\",\"purifierConfig\":\"\",\"cleanupHtml\":\"1\",\"purifyHtml\":\"1\",\"columnType\":\"text\",\"availableVolumes\":\"*\",\"availableTransforms\":\"*\"}','2018-08-13 19:04:26','2018-08-14 15:08:23','3d812b7c-305d-47bb-9ce5-5a9707289bab'),(113,NULL,'Body','body','matrixBlockType:29','','none',NULL,'craft\\redactor\\Field','{\"redactorConfig\":\"\",\"purifierConfig\":\"\",\"cleanupHtml\":\"1\",\"purifyHtml\":\"1\",\"columnType\":\"text\",\"availableVolumes\":\"*\",\"availableTransforms\":\"*\"}','2018-08-13 19:04:26','2018-08-14 15:08:23','274acdc4-54d2-45ba-a081-61eb2d0734b0'),(114,NULL,'Body','body','matrixBlockType:31','','none',NULL,'craft\\redactor\\Field','{\"redactorConfig\":\"\",\"purifierConfig\":\"\",\"cleanupHtml\":\"1\",\"purifyHtml\":\"1\",\"columnType\":\"text\",\"availableVolumes\":\"*\",\"availableTransforms\":\"*\"}','2018-08-13 19:08:57','2018-08-14 15:08:23','e55eddc7-2edd-46c1-902d-6c9407fd2929'),(115,NULL,'Body','body','matrixBlockType:32','','none',NULL,'craft\\redactor\\Field','{\"redactorConfig\":\"\",\"purifierConfig\":\"\",\"cleanupHtml\":\"1\",\"purifyHtml\":\"1\",\"columnType\":\"text\",\"availableVolumes\":\"*\",\"availableTransforms\":\"*\"}','2018-08-13 19:08:57','2018-08-14 15:08:23','492345f0-ee1b-4754-8971-a715ce96cfb0'),(116,NULL,'Body','body','matrixBlockType:33','','none',NULL,'craft\\redactor\\Field','{\"redactorConfig\":\"\",\"purifierConfig\":\"\",\"cleanupHtml\":\"1\",\"purifyHtml\":\"1\",\"columnType\":\"text\",\"availableVolumes\":\"*\",\"availableTransforms\":\"*\"}','2018-08-13 19:08:57','2018-08-14 15:08:23','d46cd557-9174-4929-b4b1-946ac5453676'),(117,NULL,'Body','body','matrixBlockType:34','','none',NULL,'craft\\redactor\\Field','{\"redactorConfig\":\"\",\"purifierConfig\":\"\",\"cleanupHtml\":\"1\",\"purifyHtml\":\"1\",\"columnType\":\"text\",\"availableVolumes\":\"*\",\"availableTransforms\":\"*\"}','2018-08-13 19:08:57','2018-08-14 15:08:23','3dd5a644-6b36-4e4e-b973-ea3e01031273'),(118,NULL,'Body','body','matrixBlockType:35','','none',NULL,'craft\\redactor\\Field','{\"redactorConfig\":\"\",\"purifierConfig\":\"\",\"cleanupHtml\":\"1\",\"purifyHtml\":\"1\",\"columnType\":\"text\",\"availableVolumes\":\"*\",\"availableTransforms\":\"*\"}','2018-08-13 19:08:57','2018-08-14 15:08:24','826c8783-5a04-438a-9a8d-90d3acc43855'),(119,NULL,'Body','body','matrixBlockType:36','','none',NULL,'craft\\redactor\\Field','{\"redactorConfig\":\"\",\"purifierConfig\":\"\",\"cleanupHtml\":\"1\",\"purifyHtml\":\"1\",\"columnType\":\"text\",\"availableVolumes\":\"*\",\"availableTransforms\":\"*\"}','2018-08-13 19:08:57','2018-08-14 15:08:24','0addede9-66ea-4341-aac1-e0ed002edc2b'),(120,NULL,'Body','body','matrixBlockType:37','','none',NULL,'craft\\redactor\\Field','{\"redactorConfig\":\"\",\"purifierConfig\":\"\",\"cleanupHtml\":\"1\",\"purifyHtml\":\"1\",\"columnType\":\"text\",\"availableVolumes\":\"*\",\"availableTransforms\":\"*\"}','2018-08-13 19:08:57','2018-08-14 15:08:24','6f5e5aff-9028-4be8-9124-e20bbac83d1a'),(122,1,'Address','address','global','','none',NULL,'craft\\fields\\PlainText','{\"placeholder\":\"\",\"code\":\"\",\"multiline\":\"\",\"initialRows\":\"4\",\"charLimit\":\"\",\"columnType\":\"text\"}','2018-08-13 20:10:23','2018-08-13 20:10:23','3daed010-e2dc-4783-a1a8-fd7729d84394'),(123,8,'Announcement','announcement','global','','site',NULL,'craft\\fields\\Matrix','{\"minBlocks\":\"1\",\"maxBlocks\":\"\",\"localizeBlocks\":false}','2018-08-14 19:41:38','2018-08-14 20:47:05','294e9fb1-449b-4ab6-b468-7e1fcb775804'),(124,NULL,'Paragraph','paragraph','matrixBlockType:38','','none',NULL,'craft\\redactor\\Field','{\"redactorConfig\":\"\",\"purifierConfig\":\"\",\"cleanupHtml\":\"1\",\"purifyHtml\":\"1\",\"columnType\":\"text\",\"availableVolumes\":\"*\",\"availableTransforms\":\"*\"}','2018-08-14 19:41:38','2018-08-14 20:47:05','700f3b86-f2b8-4f45-b1f6-5ecfc2aebd6e'),(125,NULL,'Text','text','matrixBlockType:39','','none',NULL,'craft\\fields\\PlainText','{\"placeholder\":\"\",\"code\":\"\",\"multiline\":\"\",\"initialRows\":\"4\",\"charLimit\":\"\",\"columnType\":\"text\"}','2018-08-14 19:41:38','2018-08-14 20:47:05','a18cf355-d401-48c1-ae6c-ac541d9eba62'),(126,NULL,'URL','buttonUrl','matrixBlockType:39','','none',NULL,'craft\\fields\\PlainText','{\"placeholder\":\"\",\"code\":\"\",\"multiline\":\"\",\"initialRows\":\"4\",\"charLimit\":\"\",\"columnType\":\"text\"}','2018-08-14 19:41:38','2018-08-14 20:47:05','5e9ee127-330d-44ed-9dd4-f91a9ea6963c'),(127,NULL,'Excerpt','excerpt','matrixBlockType:41','','none',NULL,'craft\\redactor\\Field','{\"redactorConfig\":\"\",\"purifierConfig\":\"\",\"cleanupHtml\":\"1\",\"purifyHtml\":\"1\",\"columnType\":\"text\",\"availableVolumes\":\"*\",\"availableTransforms\":\"*\"}','2018-08-14 20:47:05','2018-08-14 20:47:05','d1e917a1-c90d-4bea-9fb2-f4a2d68e976c'),(128,8,'Intro','intro','global','','none',NULL,'craft\\redactor\\Field','{\"redactorConfig\":\"\",\"purifierConfig\":\"\",\"cleanupHtml\":\"1\",\"purifyHtml\":\"1\",\"columnType\":\"text\",\"availableVolumes\":\"*\",\"availableTransforms\":\"*\"}','2018-08-14 20:48:18','2018-08-14 20:48:35','97aad48c-9b40-4c9b-9b94-5b0556d5ae6b'),(129,1,'Date','date','global','','none',NULL,'craft\\fields\\Date','{\"showDate\":true,\"showTime\":false,\"minuteIncrement\":\"30\"}','2018-08-20 18:33:43','2018-08-20 18:33:50','ea7771ad-5a8c-449e-838b-3130fffbaf65'),(130,9,'Read for Today','readForToday','global','','none',NULL,'craft\\redactor\\Field','{\"redactorConfig\":\"\",\"purifierConfig\":\"\",\"cleanupHtml\":\"1\",\"purifyHtml\":\"1\",\"columnType\":\"text\",\"availableVolumes\":\"*\",\"availableTransforms\":\"*\"}','2018-08-20 18:54:42','2018-08-20 18:54:42','e7d7ce6b-7312-4b99-b7ad-c8a2bda313a8'),(131,9,'Slides from Class','slidesFromClass','global','','site',NULL,'craft\\fields\\Assets','{\"useSingleFolder\":\"\",\"defaultUploadLocationSource\":\"folder:1\",\"defaultUploadLocationSubpath\":\"\",\"singleUploadLocationSource\":\"folder:1\",\"singleUploadLocationSubpath\":\"\",\"restrictFiles\":\"1\",\"allowedKinds\":[\"pdf\",\"powerpoint\",\"word\"],\"sources\":\"*\",\"source\":null,\"targetSiteId\":null,\"viewMode\":\"list\",\"limit\":\"\",\"selectionLabel\":\"\",\"localizeRelations\":false}','2018-08-20 18:55:37','2018-08-20 18:56:38','46d93dda-656d-47b8-a922-213d54d028e2'),(132,9,'Calendar Section','calendarSection','global','','site',NULL,'craft\\fields\\Categories','{\"branchLimit\":\"1\",\"sources\":\"*\",\"source\":\"group:5\",\"targetSiteId\":null,\"viewMode\":null,\"limit\":null,\"selectionLabel\":\"\",\"localizeRelations\":false}','2018-08-23 13:40:18','2018-08-23 13:40:18','4ad1bf73-85a9-44a6-9dc7-bf780983297f'),(133,9,'Calendar','calendar','global','','site',NULL,'craft\\fields\\Entries','{\"sources\":[\"section:31\"],\"source\":null,\"targetSiteId\":null,\"viewMode\":null,\"limit\":\"1\",\"selectionLabel\":\"\",\"localizeRelations\":false}','2018-08-23 14:14:43','2018-08-23 14:14:43','88aaba58-0402-4747-909e-a1ac772cb1d4');
/*!40000 ALTER TABLE `craft_fields` ENABLE KEYS */;
UNLOCK TABLES;
commit;

--
-- Dumping data for table `craft_globalsets`
--

LOCK TABLES `craft_globalsets` WRITE;
/*!40000 ALTER TABLE `craft_globalsets` DISABLE KEYS */;
set autocommit=0;
INSERT INTO `craft_globalsets` VALUES (12,'Header','header',11,'2018-05-07 20:19:03','2018-08-07 19:25:57','98f4a7d5-d6dc-4474-bb31-35714554acc0'),(13,'Footer','footer',12,'2018-05-07 20:19:06','2018-08-07 19:42:34','ca28c278-e1c2-46ce-a89a-d9a5c3b6172b');
/*!40000 ALTER TABLE `craft_globalsets` ENABLE KEYS */;
UNLOCK TABLES;
commit;

--
-- Dumping data for table `craft_info`
--

LOCK TABLES `craft_info` WRITE;
/*!40000 ALTER TABLE `craft_info` DISABLE KEYS */;
set autocommit=0;
INSERT INTO `craft_info` VALUES (1,'3.0.21','3.0.91',1,'America/New_York','Responsive Web Design Kent',1,0,'oBlDMfDL9B8d','2018-05-02 20:31:26','2018-08-23 14:14:43','bb4e3e64-e6ce-4490-ae25-923d04716360');
/*!40000 ALTER TABLE `craft_info` ENABLE KEYS */;
UNLOCK TABLES;
commit;

--
-- Dumping data for table `craft_matrixblocks`
--

LOCK TABLES `craft_matrixblocks` WRITE;
/*!40000 ALTER TABLE `craft_matrixblocks` DISABLE KEYS */;
set autocommit=0;
INSERT INTO `craft_matrixblocks` VALUES (67,2,NULL,61,12,1,'2018-08-07 15:40:00','2018-08-07 16:24:38','f99ad839-9b90-4a91-a1dd-bc199b07bd2d'),(70,2,NULL,66,13,1,'2018-08-07 16:01:46','2018-08-07 16:02:41','76dc1dfe-41ee-42c5-ab1c-80b32b781b21'),(75,69,NULL,59,15,1,'2018-08-07 17:05:01','2018-08-07 20:25:56','3d4f3167-cd45-4705-a8e1-f15a16efcab7'),(76,69,NULL,69,14,1,'2018-08-07 18:06:16','2018-08-07 18:42:03','e271805e-d555-4d26-abc1-01005bfe696c'),(78,69,NULL,69,16,2,'2018-08-07 18:15:01','2018-08-07 18:42:03','7bbdcdc5-c519-4489-84e5-be56804d50a8'),(80,69,NULL,69,17,3,'2018-08-07 18:15:01','2018-08-07 18:42:03','c45c17c3-df74-41ea-85f6-22d18037e054'),(81,12,NULL,81,18,1,'2018-08-07 19:16:55','2018-08-14 19:21:08','f45737e2-f0bc-4464-a3a8-418ea409fd3b'),(82,12,NULL,81,18,2,'2018-08-07 19:16:55','2018-08-14 19:21:08','9f48cba0-580a-4477-9ebd-7db3055f3387'),(83,12,NULL,81,18,3,'2018-08-07 19:16:55','2018-08-14 19:21:08','deb8ea31-3d60-486c-bbbf-a70f43089528'),(84,12,NULL,84,19,1,'2018-08-07 19:28:14','2018-08-14 19:21:08','72e3e982-16aa-4432-9bba-c5344073d2a4'),(85,13,NULL,59,15,1,'2018-08-07 19:35:29','2018-08-07 20:27:53','8e1fd39b-5669-4552-b30f-99559529c8e3'),(86,13,NULL,61,12,1,'2018-08-07 19:50:33','2018-08-07 20:27:53','14624166-d671-4cdd-8ee2-ec17b9a8240f'),(87,13,NULL,61,12,2,'2018-08-07 19:50:33','2018-08-07 20:27:53','ec77639e-c8ef-46bc-8a50-cf1ce0336eb2'),(98,97,NULL,69,14,1,'2018-08-13 18:35:35','2018-08-13 18:35:35','37bf9d3b-b752-43bf-84cc-eb9cd9b31a22'),(99,97,NULL,69,16,2,'2018-08-13 18:35:35','2018-08-13 18:35:35','bdd6c887-2e52-4a03-8278-8f9656ab8297'),(100,97,NULL,69,17,3,'2018-08-13 18:35:35','2018-08-13 18:35:35','8bb46672-df57-4772-a44e-868960e83753'),(101,97,NULL,59,15,1,'2018-08-13 18:35:35','2018-08-13 18:35:35','2f734532-a767-48d7-8d40-33f35a3caa93'),(104,103,NULL,104,21,1,'2018-08-13 19:26:52','2018-08-20 16:14:12','8e05bdb7-382f-4c9f-aaf5-6836bba2b68a'),(105,103,NULL,104,22,2,'2018-08-13 19:26:52','2018-08-20 16:14:12','4b9f843d-c34f-4b29-82ed-454d087ae79c'),(106,103,NULL,104,23,3,'2018-08-13 19:26:52','2018-08-20 16:14:12','71102db0-6c57-4178-995b-8f0087067cae'),(107,103,NULL,104,24,4,'2018-08-13 19:26:52','2018-08-20 16:14:12','921ad4c8-3216-47b7-a88a-1c939d7e8274'),(108,103,NULL,104,25,5,'2018-08-13 19:26:52','2018-08-20 16:14:12','9e006d29-7da9-46c5-bd09-1cf9e9285472'),(109,103,NULL,104,26,6,'2018-08-13 19:26:52','2018-08-20 16:14:12','93d43f7e-b1e6-4db1-9e8e-2c7497b4a71f'),(110,103,NULL,104,27,7,'2018-08-13 19:26:52','2018-08-20 16:14:12','e0f9f4f2-b41b-4398-8623-c7bd2b51308a'),(111,103,NULL,104,28,8,'2018-08-13 19:26:52','2018-08-20 16:14:12','8d7fa362-0106-4703-a5ed-729e84bcfb40'),(112,103,NULL,104,29,9,'2018-08-13 19:26:52','2018-08-20 16:14:12','1212aa14-7b08-4e93-b0a0-0b53cccdb557'),(113,103,NULL,104,30,10,'2018-08-13 19:26:52','2018-08-20 16:14:12','0a108de4-d59c-498e-9267-37c1dc6b0aaf'),(114,103,NULL,104,31,11,'2018-08-13 19:26:52','2018-08-20 16:14:12','99237b2d-f9b2-488c-8eb4-e9136c55b7c1'),(115,103,NULL,104,32,12,'2018-08-13 19:26:52','2018-08-20 16:14:12','76dabaa2-2709-4cac-834e-aea99b742371'),(116,103,NULL,104,33,13,'2018-08-13 19:26:52','2018-08-20 16:14:12','fc43f79f-5aaf-48e1-b8cc-f9fb684a628e'),(117,103,NULL,104,34,14,'2018-08-13 19:26:52','2018-08-20 16:14:12','13e4a55f-5af9-4637-b326-04c6960d6a83'),(119,103,NULL,104,35,15,'2018-08-13 19:26:52','2018-08-20 16:14:12','d6fb620d-bcc7-4071-a006-c2cce20119a3'),(120,103,NULL,104,36,16,'2018-08-13 19:26:52','2018-08-20 16:14:12','4446f247-2b06-4340-8acb-08aeb45eca8f'),(121,103,NULL,104,37,17,'2018-08-13 19:26:52','2018-08-20 16:14:12','9d50e717-1855-481b-9cbc-0907cb415661'),(123,122,NULL,123,38,1,'2018-08-14 19:42:54','2018-08-20 14:50:48','0953b3d3-a97d-4cdf-a1ee-570d3cbc6003'),(124,122,NULL,123,40,2,'2018-08-14 19:50:08','2018-08-20 14:50:48','85b84eee-322e-456b-bb4c-8b5010f2e3b0'),(125,122,NULL,123,38,3,'2018-08-14 19:50:08','2018-08-20 14:50:48','3922cae8-38d3-401c-b44e-d52c4d769afc'),(126,122,NULL,123,39,4,'2018-08-14 19:50:08','2018-08-20 14:50:48','67662a12-bb15-495b-a18c-8c6e45ec81aa'),(127,122,NULL,123,40,5,'2018-08-14 19:50:08','2018-08-20 14:50:48','8be2ede3-8dc2-4600-99f6-0653e329fcd3'),(128,122,NULL,123,38,6,'2018-08-14 19:50:09','2018-08-20 14:50:48','32448f98-5a46-4659-88c3-5dd8f2abe37a'),(129,122,NULL,123,39,7,'2018-08-14 19:50:09','2018-08-20 14:50:48','2aa78a47-4622-4bf2-a7ba-131d34727b09'),(130,122,NULL,123,40,8,'2018-08-14 19:50:09','2018-08-20 14:50:48','8e020524-b5ca-46ef-a2ed-6acf2ce2963b'),(131,122,NULL,123,38,9,'2018-08-14 19:50:09','2018-08-20 14:50:48','3e87f006-f469-483d-9834-9f60cb572841'),(132,122,NULL,123,39,10,'2018-08-14 19:50:09','2018-08-20 14:50:48','0611bb6b-03de-482e-a474-af03a846711d'),(133,122,NULL,123,40,11,'2018-08-14 19:50:09','2018-08-20 14:50:48','408b7e5b-c90d-4ac7-a605-49548c18ac4d'),(134,122,NULL,123,38,12,'2018-08-14 19:50:09','2018-08-20 14:50:48','f4026124-7c0c-4d7c-8ca9-7cfba30815cd'),(135,122,NULL,123,39,13,'2018-08-14 19:50:09','2018-08-20 14:50:48','3acd5a87-06e3-4c40-a1b0-acdce2a23f3d'),(136,122,NULL,123,40,14,'2018-08-14 19:50:09','2018-08-20 14:50:48','7fec9a47-825b-4997-aa98-843ab45a436c'),(137,122,NULL,123,38,15,'2018-08-14 19:50:09','2018-08-20 14:50:48','68bf0229-4efb-45f3-a221-d90149aeefcc');
/*!40000 ALTER TABLE `craft_matrixblocks` ENABLE KEYS */;
UNLOCK TABLES;
commit;

--
-- Dumping data for table `craft_matrixblocktypes`
--

LOCK TABLES `craft_matrixblocktypes` WRITE;
/*!40000 ALTER TABLE `craft_matrixblocktypes` DISABLE KEYS */;
set autocommit=0;
INSERT INTO `craft_matrixblocktypes` VALUES (12,61,40,'Link','link',1,'2018-08-07 15:35:38','2018-08-07 19:41:35','81910a29-c1bb-41da-8963-cd7de83b1f17'),(13,66,43,'Paragraph','paragraph',1,'2018-08-07 15:58:55','2018-08-07 16:02:30','006e9f12-b0e8-4541-a508-0ee8e5bdce4e'),(14,69,44,'Email','email',1,'2018-08-07 16:14:59','2018-08-13 18:20:52','baa75b9b-003f-46a8-ab9f-ea435481eea5'),(15,59,45,'image','image',1,'2018-08-07 17:00:59','2018-08-07 19:41:20','4317dfc5-c7e8-4d25-8636-4b174cdfe616'),(16,69,46,'Phone','phone',2,'2018-08-07 18:09:24','2018-08-13 18:20:52','134e4ae7-33a1-4186-9e52-ddbbc8461f35'),(17,69,47,'Other','other',3,'2018-08-07 18:09:24','2018-08-13 18:20:52','614e13b9-56d9-45dc-a435-b46acf2fc867'),(18,81,49,'Item','item',1,'2018-08-07 19:14:45','2018-08-07 19:41:58','f7c1bf35-852c-4258-9255-6db858b2c3b0'),(19,84,50,'Header SVG','headerSvg',1,'2018-08-07 19:25:46','2018-08-07 19:26:21','dbecac6c-6152-4466-97ab-e9f425c50fbc'),(21,104,64,'About this Course','about',1,'2018-08-13 19:04:25','2018-08-14 15:08:23','6faf1d4d-29a9-459f-9e30-24d56a49ce12'),(22,104,65,'Prerequisites','prerequisites',2,'2018-08-13 19:04:25','2018-08-14 15:08:23','f3053c72-fd3e-4c38-a33d-0ffa810abd02'),(23,104,66,'Subject to Change Statement','change',3,'2018-08-13 19:04:25','2018-08-14 15:08:23','e8c24379-8574-46dd-b703-9a928745d0ac'),(24,104,67,'Course Goals','goals',4,'2018-08-13 19:04:25','2018-08-14 15:08:23','6bff41f1-01c9-4f45-9972-58eb154593d1'),(25,104,68,'Learning Outcomes','learning',5,'2018-08-13 19:04:25','2018-08-14 15:08:23','50415714-9a7a-4218-b4c0-a35ccb26c9ec'),(26,104,69,'Textbook and Materials','materials',6,'2018-08-13 19:04:25','2018-08-14 15:08:23','129b572a-63e3-4530-bca9-ef7c3c3f76cf'),(27,104,70,'Course Structure','structure',7,'2018-08-13 19:04:25','2018-08-14 15:08:23','e8f8f9b3-b47a-4f85-b314-95de4b8fbeac'),(28,104,71,'Preparing for Class','preparing',8,'2018-08-13 19:04:26','2018-08-14 15:08:23','76356468-76b9-429d-9fc1-3d65a8f742b3'),(29,104,72,'Course Schedule','schedule',9,'2018-08-13 19:04:26','2018-08-14 15:08:23','155b96a3-b82d-4c92-9758-9a13e3c7ec49'),(30,104,73,'Assignments','assignments',10,'2018-08-13 19:04:26','2018-08-14 15:08:23','f504fd7d-a907-438a-b0d0-8338493ac353'),(31,104,74,'Attendance Policy','attendance',11,'2018-08-13 19:08:56','2018-08-14 15:08:23','7cce4ff6-3474-4144-9fb6-6af8d1edf896'),(32,104,75,'Late Submissions','late',12,'2018-08-13 19:08:57','2018-08-14 15:08:23','d5d9b1ed-e830-4b07-a1cf-fc1193e2cacb'),(33,104,76,'Group Work','group',13,'2018-08-13 19:08:57','2018-08-14 15:08:23','c3542c35-15b6-434b-a8be-aa34ff6782e6'),(34,104,77,'Grading','grading',14,'2018-08-13 19:08:57','2018-08-14 15:08:23','9cf132db-1026-4606-83a4-7ae75742596a'),(35,104,78,'Hardware & Software','technology',15,'2018-08-13 19:08:57','2018-08-14 15:08:24','c0d8814b-e8cc-479e-9511-613eae847e2e'),(36,104,79,'Communicating with the Instructor','communicating',16,'2018-08-13 19:08:57','2018-08-14 15:08:24','3d739d8d-ce0a-41ea-82b8-c25839e7b022'),(37,104,80,'University Policies and Procedures','university',17,'2018-08-13 19:08:57','2018-08-14 15:08:24','53e55ec3-bba6-45ee-b88f-993054f4d286'),(38,123,81,'Paragraph','paragraph',2,'2018-08-14 19:41:38','2018-08-14 20:47:05','a52ce991-719b-4867-8d51-eeb26bd1ed62'),(39,123,82,'Button','button',3,'2018-08-14 19:41:38','2018-08-14 20:47:05','92bc2174-9312-47ac-9f06-7ea074637864'),(40,123,83,'Horizontal Rule','hr',4,'2018-08-14 19:41:38','2018-08-14 20:47:05','ee920635-53f3-4827-a76c-3c1fb8f789f6'),(41,123,86,'Excerpt','excerpt',1,'2018-08-14 20:47:05','2018-08-14 20:47:05','18897f0c-1b78-4be9-bead-d919005ac81a');
/*!40000 ALTER TABLE `craft_matrixblocktypes` ENABLE KEYS */;
UNLOCK TABLES;
commit;

--
-- Dumping data for table `craft_matrixcontent_announcement`
--

LOCK TABLES `craft_matrixcontent_announcement` WRITE;
/*!40000 ALTER TABLE `craft_matrixcontent_announcement` DISABLE KEYS */;
set autocommit=0;
INSERT INTO `craft_matrixcontent_announcement` VALUES (1,123,1,'2018-08-14 19:42:54','2018-08-20 14:50:48','08360f63-9e1e-4bf8-b4c0-ae274ae49a7d','<p>Please feel free to stop by at any time (there will likely be several people there at the same time).</p>\n<p>Also, heres what is due for finals week:</p>',NULL,NULL,NULL),(2,124,1,'2018-08-14 19:50:08','2018-08-20 14:50:48','e7d1d0a7-8ed9-4b38-bbdf-3aea6f586369',NULL,NULL,NULL,NULL),(3,125,1,'2018-08-14 19:50:08','2018-08-20 14:50:48','d81829ee-e022-4fd3-8309-68dc516ed181','<h2>Remaining Assignments &amp; Deliverables</h2>\n<p>Here are the remaining items youll need to turn in for the semester.</p>\n<h3>Testing and Testing Results (5 pts)</h3>\n<p>We did technical, accessibility and usability testing in class last week. You should have turned in the link to the Google Sheet via Blackboard.</p>',NULL,NULL,NULL),(4,126,1,'2018-08-14 19:50:08','2018-08-20 14:50:48','9ad47ec1-7539-4598-b8fb-c04243fdc539',NULL,'View Testing Assignment','https://rwdkent.com/assignments/testing',NULL),(5,127,1,'2018-08-14 19:50:08','2018-08-20 14:50:48','e04ce34a-8a50-4694-a050-129c155e01f4',NULL,NULL,NULL,NULL),(6,128,1,'2018-08-14 19:50:08','2018-08-20 14:50:48','1068f46b-7f9a-43c1-a5de-7a8e8185a2da','<h3>Dec. 12 at 5:30 p.m. - Final Templates/Prototypes (15 pts)</h3>\n<p>Your 3 final prototypes should be completed and online via GitHub before the final class.</p>\n<p>Your prototypes should be linked together (so we can navigate them like a real site) but also linked from your Project Hub page.</p>\n<p>Youll turn in the link to your final prototype via Blackboard for grading on Dec. 12.</p>',NULL,NULL,NULL),(7,129,1,'2018-08-14 19:50:09','2018-08-20 14:50:48','0254984b-2b94-47ac-9015-991703b8767f',NULL,'View Templates/Prototypes Assignment','https://rwdkent.com/assignments/templates',NULL),(8,130,1,'2018-08-14 19:50:09','2018-08-20 14:50:48','25bcced5-ae25-4c7c-80a5-305f5b66dc27',NULL,NULL,NULL,NULL),(9,131,1,'2018-08-14 19:50:09','2018-08-20 14:50:48','ec0ee693-c889-49e2-b342-fa029227323c','<h3>Dec. 12 at 5:30 p.m. - Project Hub, Pattern Library &amp; Review Session (5 pts)</h3>\n<p>This is the final 10-15 minute presentation that youll conduct on Tuesday of finals week (same as class time, 5:30 p.m.). During this time, youll demo all of your deliverables via your Project Hub page. The class will also use your website on multiple devices and give you feedback by completing a short survey for each presentation.</p>\n<p>This also includes a demo of a small Pattern Library showing 5 of your most common patterns used on the site. Please follow the instructions on the website.</p>\n<p>There is nothing to turn in on Blackboard for this part.</p>\n<p>Here are some guidelines for your sharing sessions:</p>\n<ul><li>Should Last About 10-15 minutes (these can be fairly informal)</li>\n<li>Bring up prototypes on multiple devices to pass around</li>\n<li>Bring Up Your Project Hub</li>\n<li>Brief History of Project (Goals, Process, etc.)</li>\n<li>Show Templates and Implementation at different breakpoints</li>\n<li>Show Main Components in Pattern Library</li>\n<li>Discuss Next Steps</li>\n<li>Get Feedback and Questions from Class/Client</li>\n</ul><p>During each presentation, each class member (and instructor) will use their own devices to submit an evaluation of the final project.</p>',NULL,NULL,NULL),(10,132,1,'2018-08-14 19:50:09','2018-08-20 14:50:48','bc8ddc02-b6ee-41d6-8f2b-a4d616dbe370',NULL,'View Project Hub & Review Session Assignment','https://rwdkent.com/assignments/timeline-presentation',NULL),(11,133,1,'2018-08-14 19:50:09','2018-08-20 14:50:48','09a02021-6c51-417b-a908-143deb35048b',NULL,NULL,NULL,NULL),(12,134,1,'2018-08-14 19:50:09','2018-08-20 14:50:48','db49ea48-bcd1-436f-8d92-b573f0d1dc8b','<h2>Self &amp; Group Assessment</h2>\n<p>After Tuesday, youll still need to submit a separate survey that evaluates your individual and team performance. Please wait until youve submitted your projects before taking the survey. This is the last assignment youll submit for RWD!</p>',NULL,NULL,NULL),(13,135,1,'2018-08-14 19:50:09','2018-08-20 14:50:48','0051eee7-d294-404f-a9c4-8f7183c13d77',NULL,'Access the Group/Self Assessment','https://rwdkent.com/assignments/assessment/',NULL),(14,136,1,'2018-08-14 19:50:09','2018-08-20 14:50:48','d60222b8-ed27-4b2b-aa87-9f29eabae339',NULL,NULL,NULL,NULL),(15,137,1,'2018-08-14 19:50:09','2018-08-20 14:50:48','f772f7bc-a5b4-4686-8f04-3bcb9d4c44ca','<p>Please email me if you have any questions, and Ill see everyone on Tuesday for the final class!</p>',NULL,NULL,NULL);
/*!40000 ALTER TABLE `craft_matrixcontent_announcement` ENABLE KEYS */;
UNLOCK TABLES;
commit;

--
-- Dumping data for table `craft_matrixcontent_body`
--

LOCK TABLES `craft_matrixcontent_body` WRITE;
/*!40000 ALTER TABLE `craft_matrixcontent_body` DISABLE KEYS */;
set autocommit=0;
INSERT INTO `craft_matrixcontent_body` VALUES (1,70,1,'2018-08-07 16:01:46','2018-08-07 16:02:41','6b6ac8a7-0de5-4ac4-9baf-8ec5d4c10957',NULL,'<p class=\"introduction-home introduction\">In Kent State University\'s Responsive Web Design <a href=\"class/\">basic class</a>, RWD <a href=\"advanced/\">advanced class</a> and RWD <a href=\"/workshop\">professional workshop</a>, students from the College of Communication and Information and other colleges learn the process of creating responsive websites with HTML and CSS, from sketching and prototyping to usability testing and content strategy.</p>');
/*!40000 ALTER TABLE `craft_matrixcontent_body` ENABLE KEYS */;
UNLOCK TABLES;
commit;

--
-- Dumping data for table `craft_matrixcontent_headersvg`
--

LOCK TABLES `craft_matrixcontent_headersvg` WRITE;
/*!40000 ALTER TABLE `craft_matrixcontent_headersvg` DISABLE KEYS */;
set autocommit=0;
INSERT INTO `craft_matrixcontent_headersvg` VALUES (1,84,1,'2018-08-07 19:28:14','2018-08-14 19:21:08','eb355659-c1ed-4632-8830-fa7487d64d90','RWD','Responsive Web Design Logo');
/*!40000 ALTER TABLE `craft_matrixcontent_headersvg` ENABLE KEYS */;
UNLOCK TABLES;
commit;

--
-- Dumping data for table `craft_matrixcontent_hyperlink`
--

LOCK TABLES `craft_matrixcontent_hyperlink` WRITE;
/*!40000 ALTER TABLE `craft_matrixcontent_hyperlink` DISABLE KEYS */;
set autocommit=0;
INSERT INTO `craft_matrixcontent_hyperlink` VALUES (1,67,1,'2018-08-07 15:40:00','2018-08-07 16:24:38','940be594-c9b7-4be8-9384-afe762a9e0d4','Learn More About RWD','/about'),(2,86,1,'2018-08-07 19:50:33','2018-08-07 20:27:53','653e7b02-88bd-4f7d-b8e7-afb90abd2cf2','Follow @RWDkent on Twitter','http://www.twitter.com/rwdkent'),(3,87,1,'2018-08-07 19:50:33','2018-08-07 20:27:53','4c5fc4dc-0119-4d11-b762-5de4789fcba6','View this Site on GitHub','https://github.com/ideabase/ResponsiveWebDesign');
/*!40000 ALTER TABLE `craft_matrixcontent_hyperlink` ENABLE KEYS */;
UNLOCK TABLES;
commit;

--
-- Dumping data for table `craft_matrixcontent_image`
--

LOCK TABLES `craft_matrixcontent_image` WRITE;
/*!40000 ALTER TABLE `craft_matrixcontent_image` DISABLE KEYS */;
set autocommit=0;
INSERT INTO `craft_matrixcontent_image` VALUES (1,75,1,'2018-08-07 17:05:01','2018-08-07 20:25:56','bcb14a8a-8b6a-4524-baf0-c5ef7811a3e8','Chris\'s Headshot'),(2,85,1,'2018-08-07 19:35:29','2018-08-07 20:27:53','76b5e0e1-3439-4431-90ad-87b4a6121610','Kent State Logo'),(3,101,1,'2018-08-13 18:35:35','2018-08-13 18:35:35','fe2bb222-88db-430c-8415-a5179405b000','Chris\'s Headshot');
/*!40000 ALTER TABLE `craft_matrixcontent_image` ENABLE KEYS */;
UNLOCK TABLES;
commit;

--
-- Dumping data for table `craft_matrixcontent_instructorinformation`
--

LOCK TABLES `craft_matrixcontent_instructorinformation` WRITE;
/*!40000 ALTER TABLE `craft_matrixcontent_instructorinformation` DISABLE KEYS */;
set autocommit=0;
INSERT INTO `craft_matrixcontent_instructorinformation` VALUES (4,76,1,'2018-08-07 18:06:16','2018-08-07 18:42:03','288f2869-5acd-4bb0-b696-0ecf4c57181c','challahan@ideabasekent.com',NULL,NULL,NULL,NULL),(6,78,1,'2018-08-07 18:15:01','2018-08-07 18:42:03','fa5d742d-3710-4d4f-9064-4502bb1ffaf0',NULL,'(330) 672-3031',NULL,NULL,NULL),(8,80,1,'2018-08-07 18:15:01','2018-08-07 18:42:03','e6f416b1-eb52-4f42-88fe-a519312987ae',NULL,NULL,'Twitter','@challahan','https://twitter.com/challahan'),(9,89,1,'2018-08-07 20:24:39','2018-08-07 20:25:36','c337e058-6492-4602-8b75-467f87927024','challahan@ideabasekent.com',NULL,NULL,NULL,NULL),(10,90,1,'2018-08-07 20:24:40','2018-08-07 20:25:36','7e6be10b-c422-48b8-88c6-ca9f8255b47b',NULL,'(330) 672-3031',NULL,NULL,NULL),(11,91,1,'2018-08-07 20:24:40','2018-08-07 20:25:36','4b090f33-5186-45ab-92cc-c079fb5ffdea',NULL,NULL,'Twitter','@challahan','https://twitter.com/challahan'),(12,98,1,'2018-08-13 18:35:35','2018-08-13 18:35:35','8d034493-6c1c-46be-86a1-9af8f406d84e','challahan@ideabasekent.com',NULL,NULL,NULL,NULL),(13,99,1,'2018-08-13 18:35:35','2018-08-13 18:35:35','3f9d2539-4e2d-471a-b9bd-71c98ada3edb',NULL,'(330) 672-3031',NULL,NULL,NULL),(14,100,1,'2018-08-13 18:35:35','2018-08-13 18:35:35','47a61de8-96a8-49f8-adff-eaa620f858ab',NULL,NULL,'Twitter','@challahan','https://twitter.com/challahan');
/*!40000 ALTER TABLE `craft_matrixcontent_instructorinformation` ENABLE KEYS */;
UNLOCK TABLES;
commit;

--
-- Dumping data for table `craft_matrixcontent_navigationitems`
--

LOCK TABLES `craft_matrixcontent_navigationitems` WRITE;
/*!40000 ALTER TABLE `craft_matrixcontent_navigationitems` DISABLE KEYS */;
set autocommit=0;
INSERT INTO `craft_matrixcontent_navigationitems` VALUES (1,81,1,'2018-08-07 19:16:55','2018-08-14 19:21:08','6fbabcfa-31ab-4cd4-9fc6-65d59e4fdfaf','Courses','/courses'),(2,82,1,'2018-08-07 19:16:55','2018-08-14 19:21:08','abc780ea-729e-4f88-844e-078f329d064e','Announcements','/announcements'),(3,83,1,'2018-08-07 19:16:55','2018-08-14 19:21:08','5b0ceb82-ad14-42d3-85dc-87f14c0790de','About','/about');
/*!40000 ALTER TABLE `craft_matrixcontent_navigationitems` ENABLE KEYS */;
UNLOCK TABLES;
commit;

--
-- Dumping data for table `craft_matrixcontent_syllabusinfo`
--

LOCK TABLES `craft_matrixcontent_syllabusinfo` WRITE;
/*!40000 ALTER TABLE `craft_matrixcontent_syllabusinfo` DISABLE KEYS */;
set autocommit=0;
INSERT INTO `craft_matrixcontent_syllabusinfo` VALUES (1,104,1,'2018-08-13 19:26:52','2018-08-20 16:14:12','1988746f-1595-49a6-a7b9-4459e4b5f50b','<p>Responsive web design isnt just a technical solution for web design - its an entire process that brings multiple disciplines together to form one product that works across multiple devices. The responsive design process includes user experience, content strategy, information architecture, visual design, development, usability testing and technical testing. Students who will succeed in this field will need to be familiar with not just one, but all of these processes, while working in a team-based environment.</p>\n<p>In this course you will learn the fundamental principles for developing standards-based web sites from a mobile-first and content-first perspective. We will explore each aspect of an agile-inspired process, during which youll learn each step of what it takes to build a website and ensure its functionality for its users in terms of both usability and performance.</p>\n<p>Just a few of the topics planned to be covered in the Responsive Web Design course include:</p>\n<h4>Topics</h4>\n<ul><li>Atomic Design</li>\n<li>Pattern Libraries and Style Guides</li>\n<li>Sketching</li>\n<li>User Research Techniques</li>\n<li>Rapid Prototyping</li>\n<li>HTML/CSS/JavaScript</li>\n<li>Modern Web Design Workflows</li>\n<li>Mobile Content Strategy</li>\n<li>Browser Testing</li>\n<li>Version Control</li>\n<li>Paired and Team Coding</li>\n<li>Mobile-First Design</li>\n<li>Style Tiles and Web Design Techniques</li>\n<li>Modern Web Layout Tools</li>\n</ul>',NULL,NULL,NULL,NULL,NULL,NULL,NULL,NULL,NULL,NULL,NULL,NULL,NULL,NULL,NULL),(2,105,1,'2018-08-13 19:26:52','2018-08-20 16:14:12','62aa3741-91cb-4014-bfd2-a805aabf7d74',NULL,'<p>Sophomore standing. This course has no other prerequisites, however you must be proficient in basic web and computer applications. You will be expected to write HTML, CSS and light JavaScript code (familiarity with these will be helpful, but is not necessary). You will also be working in vector-based editing tools to help prototype visual designs. Success in this course will depend on your willingness to try learn new skills and collaborate with others from different backgrounds to solve complex problems.</p>',NULL,NULL,NULL,NULL,NULL,NULL,NULL,NULL,NULL,NULL,NULL,NULL,NULL,NULL),(3,106,1,'2018-08-13 19:26:52','2018-08-20 16:14:12','7bef30dd-6441-4618-905f-551a1894f280',NULL,NULL,'<p>The syllabus and course schedule may be subject to change. Changes will be communicated via email. It is the responsibility of students to check email messages and course announcements to stay current in the course.</p>',NULL,NULL,NULL,NULL,NULL,NULL,NULL,NULL,NULL,NULL,NULL,NULL,NULL),(4,107,1,'2018-08-13 19:26:52','2018-08-20 16:14:12','c6098341-4062-4361-bdab-75df905c73f5',NULL,NULL,NULL,'<p>In this course, students will:</p>\n<ul><li>Apply a modern workflow to a responsive web design, including competitive research techniques, content development, information architecture, design and development.</li>\n<li>Gather and architect content for the web, with a focus on prioritizing content for use on multiple devices.</li>\n<li>Rapidly prototype web design modules, developing style tiles and reusable patterns for colors, typography, layout and user interface elements.</li>\n<li>Create interactive prototypes and wireframes in HTML/CSS, using standards-compliant HTML and CSS, media queries and responsive layouts.</li>\n<li>Test prototypes for common performance, usability and web browser issues.</li>\n<li>Use version control to create a staging server on which websites will be hosted and updated.</li>\n<li>Work in a team environment, collaborating with students from a variety of disciplines.</li>\n<li>Solve common web design problems both independently and as a group, through the use of online resources, books, videos and fellow students.</li>\n</ul>',NULL,NULL,NULL,NULL,NULL,NULL,NULL,NULL,NULL,NULL,NULL,NULL),(5,108,1,'2018-08-13 19:26:52','2018-08-20 16:14:12','64c70f89-a2c9-4ef5-a9c2-169f72d389eb',NULL,NULL,NULL,NULL,'<p>Most importantly, by the end of this course, students will be able to:</p>\n<ul><li>Identify and write the most common HTML/CSS properties, with proper indentation and comments, and understand how to use these properties efficiently.</li>\n<li>Organize and prioritize website content to fit information architecture best practices, including a mobile-first methodology.</li>\n<li>Use media queries to create a responsive HTML/CSS/JavaScript prototype that accommodates multiple screen sizes and device types.</li>\n<li>Speak intelligently about responsive web design and describe why its important to future clients, colleagues or employers.</li>\n<li>Analyze predefined requirements and constraints that a client or employer may ask of a web designer, and creatively apply these to the solution.</li>\n<li>Critique and speak intelligently about web design in terms of content, colors, typography, user interface elements and layout.</li>\n<li>Coordinate a web design project and work with other team members to build deliverables along the way.</li>\n<li>Understand the various roles that are essential to the web design process and appreciate the skills required for each discipline.</li>\n<li>See themselves as capable and confident when working in code, even if they are not primarily developers. Be willing to cross organizational lines and take chances.</li>\n<li>Be motivated to expand their knowledge of web design by following influential web designers and businesses that are currently implementing responsive design.</li>\n<li>Understand how the student and their current area of study fits into a web design role (and their role as a communicator) and expand on their current background to be able to take on future roles in interactive media.</li>\n<li>Understand how HTML/CSS prototypes integrate into large, dynamic content management systems and complex organizations.</li>\n<li>Develop test plans and iterate on future design and content systems after identifying usability or technical issues.</li>\n<li>Identify solutions to complex design/development problems and use online resources to expand knowledge of HTML/CSS processes.</li>\n</ul>',NULL,NULL,NULL,NULL,NULL,NULL,NULL,NULL,NULL,NULL,NULL),(6,109,1,'2018-08-13 19:26:52','2018-08-20 16:14:12','19141a60-b832-4aa0-896a-3b62bcabe4d8',NULL,NULL,NULL,NULL,NULL,'<p>There are 2 required textbooks for the course. One provides detailed examples and instructions for HTML/CSS, and the other provides more practical knowledge on web design topics:</p>\n<ul><li><em><a href=\"https://www.amazon.com/HTML-CSS-Design-Build-Websites/dp/1118008189\">HTML and CSS: Design and Build Websites</a></em> by Jon Duckett, November 2011, Wiley. ($18.51 on Amazon)</li>\n<li><em><a href=\"https://abookapart.com/products/responsive-web-design\">Responsive Web Design</a></em> by Ethan Marcotte, Second Edition, December 2014, A Book Apart. ($9.00/Ebook or $18.00/Paperback + Shipping)</li>\n</ul><p>This course will also make use of video tutorials from Lynda.com (available at no charge to students taking this course), as well as free online readings and videos.</p>',NULL,NULL,NULL,NULL,NULL,NULL,NULL,NULL,NULL,NULL),(7,110,1,'2018-08-13 19:26:52','2018-08-20 16:14:12','2d11515f-d361-4d26-947b-d885871b0530',NULL,NULL,NULL,NULL,NULL,NULL,'<p>This class will be held once a week and will have both a lecture/discussion and studio/lab component. Students will be assigned readings from a variety disciplines, authors and topics, which will be discussed during the first half of class. All students will have the opportunity to pair with a student from a different background to work on hands-on examples in class each week, as well as a long-term project that will span the semester. Short homework assignments will be given throughout the semester in order to master key topics.</p>',NULL,NULL,NULL,NULL,NULL,NULL,NULL,NULL,NULL),(8,111,1,'2018-08-13 19:26:52','2018-08-20 16:14:12','29aeed0a-8801-46ec-b7e5-43f662147b03',NULL,NULL,NULL,NULL,NULL,NULL,NULL,'<p>Students are expected to come to class prepared. This means:</p>\n<ul><li>Familiarization with the required readings or videos.</li>\n<li>Readiness to participate in class discussions and activities.</li>\n<li>Participating in class discussions and hands-on activities.</li>\n<li>Completing assignments on time and submitting them properly to GitHub each week.</li>\n</ul>',NULL,NULL,NULL,NULL,NULL,NULL,NULL,NULL),(9,112,1,'2018-08-13 19:26:52','2018-08-20 16:14:12','741074aa-3eb7-4b3e-8d7e-8fff328258de',NULL,NULL,NULL,NULL,NULL,NULL,NULL,NULL,'<p>This course will be divided into two parts. Readings, lecture notes and information on preparing for class will be posted to the <a href=\"http://www.rwdkent.com\">class website</a>.</p>\n<p>Please see the <a href=\"http://www.rwdkent.com/class/schedule\">Detailed Course Schedule</a> for specific dates, times and assignments.</p>\n<h4>Part 1: Principles of Responsive Web Design</h4>\n<p>Students explore the concept of responsive web design, learn why it matters and will begin implementing simple HTML, CSS and JavaScript in the browser. Students will read Responsive Web Design by Ethan Marcotte as part of this section and will refer to the HTML + CSS textbook frequently.</p>\n<h4>Part 2: Responsive Design in Practice</h4>\n<p>Students will apply competitive research findings to a content prototype, collecting, organizing and prioritizing the most important information. Students will begin an iterative design process using CSS, where theyll begin by mocking up design components in digital style tiles and then turning those components into reusable HTML/CSS pattern libraries. Students will learn the importance of designing a visual language for their websites using web typography, colors, user interface elements and layouts. Finally, the content and design will begin to come together in the form of prototypes. Students will learn how prototypes are tested with usability, technical and accessibility testing. Part 2 will end with the presentation and class critique of a website prototype and pattern library.</p>',NULL,NULL,NULL,NULL,NULL,NULL,NULL),(10,113,1,'2018-08-13 19:26:52','2018-08-20 16:14:12','a24a8738-297d-49f5-87a0-a6dfe8aaa829',NULL,NULL,NULL,NULL,NULL,NULL,NULL,NULL,NULL,NULL,NULL,NULL,NULL,NULL,NULL,NULL),(11,114,1,'2018-08-13 19:26:52','2018-08-20 16:14:12','53b628ea-15e5-4eec-b9a2-2bf66bc5d956',NULL,NULL,NULL,NULL,NULL,NULL,NULL,NULL,NULL,'<p>Well be covering many topics during class, as well as working in groups on exercises to help you master web design techniques. Therefore, attending each of the 15 classes is crucial. I will allow <strong>two missed classes</strong> for the semester. All subsequent absences will only be accepted for the following reasons: sickness (with medical note only), athletic event (with coachs note), religious observation, military responsibility (with documentation) and death in the family (with documentation).</p>\n<p>Students who miss more than two classes without proper documentation will receive a 0 for their class participation grade for the semester.</p>\n<p>If you miss class, you are still responsible for contacting the instructor to see what was assigned that day, as well as meeting all assignment deadlines.</p>\n<p>Some assignments, such as in-class presentations, testing and quizzes, require attendance in order to receive full credit for the assignment.</p>',NULL,NULL,NULL,NULL,NULL,NULL),(12,115,1,'2018-08-13 19:26:52','2018-08-20 16:14:12','92ee5cfc-27a2-4bf4-99b7-5fe10a2b8289',NULL,NULL,NULL,NULL,NULL,NULL,NULL,NULL,NULL,NULL,'<p>The assignments deadlines are to help you manage the workload and stay on track with the course. If an assignment will be late, students must contact the instructor and explain. Kent State accepts the following reasons for late assignments: sickness with medical note, athletic event (with coachs note), religious observation, military responsibility (with documentation), death in the family (with documentation).</p>\n<p>My policy for late assignments has 3 rules:</p>\n<ul><li>Late assignments will be accepted so long as you contact the instructor to indicate that it will be late and provide an explanation.</li>\n<li>Late assignments must be submitted within 1 week of the original due date, without penalty, so long as the student meets the first rule. After 1 week the assignment will be marked as 0.</li>\n<li>An additional extension may be possible in exceptional circumstances, with documentation. This requires a face-to-face conversation between the student and the instructor.</li>\n</ul>',NULL,NULL,NULL,NULL,NULL),(13,116,1,'2018-08-13 19:26:52','2018-08-20 16:14:12','1e4892bd-8700-4f17-a46d-992de79772b7',NULL,NULL,NULL,NULL,NULL,NULL,NULL,NULL,NULL,NULL,NULL,'<p>This class uses team-based learning for part or all of the semester. Students must agree to follow the <a href=\"../groups/policies\">Group Rules &amp; Expectations</a> throughout the course of the project.</p>',NULL,NULL,NULL,NULL),(14,117,1,'2018-08-13 19:26:52','2018-08-20 16:14:12','6951dbda-131d-4604-aafd-382918dde7e8',NULL,NULL,NULL,NULL,NULL,NULL,NULL,NULL,NULL,NULL,NULL,NULL,'<p>Final letter grades will be assigned on the basis of the following table. Graduate student assignments will take into account additional advanced components (described within the assignment), differing from undergraduate assignments. </p>\n<table><thead><tr><th style=\"text-align:left;\">Letter</th>\n <th style=\"text-align:left;\">Percentage</th>\n </tr></thead><tbody><tr><td style=\"text-align:left;\">A</td>\n <td style=\"text-align:left;\">93% or higher</td>\n </tr><tr><td style=\"text-align:left;\">A-</td>\n <td style=\"text-align:left;\">90-92%</td>\n </tr><tr><td style=\"text-align:left;\">B+</td>\n <td style=\"text-align:left;\">87-89%</td>\n </tr><tr><td style=\"text-align:left;\">B</td>\n <td style=\"text-align:left;\">83-86%</td>\n </tr><tr><td style=\"text-align:left;\">B-</td>\n <td style=\"text-align:left;\">80-82%</td>\n </tr><tr><td style=\"text-align:left;\">C</td>\n <td style=\"text-align:left;\">70-79%</td>\n </tr><tr><td style=\"text-align:left;\">D</td>\n <td style=\"text-align:left;\">60-69%</td>\n </tr><tr><td style=\"text-align:left;\">F</td>\n <td style=\"text-align:left;\">&lt; 60%</td>\n </tr></tbody></table>',NULL,NULL,NULL),(16,119,1,'2018-08-13 19:26:52','2018-08-20 16:14:12','2655fe98-f896-4919-9331-9c2b4eb7e1f2',NULL,NULL,NULL,NULL,NULL,NULL,NULL,NULL,NULL,NULL,NULL,NULL,NULL,'<ul><li>Although a laptop is not required, if you have a laptop you are encouraged to bring it to class, as it may be helpful for following along in class. Youll also be viewing and testing your work on multiple devices, so phones and tablets are encouraged.</li>\n<li>Computers will be provided for in-class work, but you may be asked to share with another student. Students will also be permitted to work on these computers outside of class, when needed.</li>\n<li>We will be using a variety of free and paid software programs and tools.</li>\n<li>Paid software may only be used on university-owned computers and will be provided at no charge. If you would like to use paid software on your personal computer, you will need to purchase a license.</li>\n<li>Software programs and tools to be used in the course include: Sketch, Illustrator, Atom, GitHub, web browsers and Google Drive.</li>\n</ul>',NULL,NULL),(17,120,1,'2018-08-13 19:26:52','2018-08-20 16:14:12','d9d67e64-d629-4f53-a0af-5ba36ffaa40f',NULL,NULL,NULL,NULL,NULL,NULL,NULL,NULL,NULL,NULL,NULL,NULL,NULL,NULL,'<p>My office hours for this semester are:</p>\n<ul><li>Tuesdays: 4:30 - 5:30 p.m.</li>\n<li>Thursdays: 4:00 - 5:00 p.m.</li>\n</ul><h4>Email</h4>\n<p>My email address is <a href=\"mailto:challahan@ideabasekent.com\">challahan@ideabasekent.com</a>. Here is my email policy:</p>\n<ul><li>I will usually respond within 24 hours during the week (Mon-Fri). Do not expect an immediate response.</li>\n<li>I typically check email in the afternoons or evenings, not in the mornings.</li>\n<li>I may not respond to email on weekends.</li>\n</ul>',NULL),(18,121,1,'2018-08-13 19:26:52','2018-08-20 16:14:12','a671e81d-7b79-4324-8e53-73d297c4b46b',NULL,NULL,NULL,NULL,NULL,NULL,NULL,NULL,NULL,NULL,NULL,NULL,NULL,NULL,NULL,'<p>The following policies and procedures apply to students enrolled at Kent State University. For a complete listing of university policies, please visit the Policy Register page on the Kent State University website.</p>\n<h4>Course enrollment and withdrawal</h4>\n<p>University policy requires all students to be officially registered in each class they are attending. Students who are not officially registered for a course by published deadlines should not be attending classes and will not receive credit or a grade for the course. Each student must confirm enrollment by checking his/her class schedule (using Student Tools in FlashFast) prior to the deadline indicated. Registration errors must be corrected prior to the deadline.</p>\n<p>Every class has its own schedule of deadlines and considerations. To view the add/drop schedule and other important dates for this class, click the CRN link next to each course on View or Print Course Schedule and Purchase Textbooks or click the green clock from Add or Drop a Course from the Student Category/Resources Page/Courses and Registration Section in FlashLine to access course deadlines.</p>\n<h4>Incomplete grades</h4>\n<p>The administrative mark of IN (Incomplete) may be given to students who are unable to complete the work due to extenuating circumstances. To be eligible, undergraduate students must be currently passing and have completed at least 12 weeks of the semester. Graduate students must be currently earning a C or better grade and are unable to complete the required work between the course withdrawal deadline and the end of classes. The time line shall be adjusted appropriate for summer sessions and flexibly scheduled courses. Appropriate documentation is generally required to support the extenuating circumstance. The student must initiate the request for the Incomplete mark from the instructor, and it is the responsibility of the student to arrange to make up the incomplete work. Incomplete grades must be made up within one semester (not including summer sessions) for undergraduate students and one calendar year for graduate students. Unless the course is completed or an extension is granted, incomplete grades will automatically lapse to the grade designated on the Incomplete Mark Form at the end of one semester for undergraduate students and at the end of one year for graduate students.</p>\n<h4>University use of electronic mail</h4>\n<p>A university-assigned student email account shall be an official university means of communication with all students at Kent State University. Students are responsible for all information sent to them via their university-assigned email account. If a student chooses to forward information in their university email account, he or she is responsible for all information, including attachments, sent to any other email account. To stay current with university information, students are expected to check their official university email account and other electronic communications on a frequent and consistent basis. Recognizing that some communications may be time-critical, the university recommends that electronic communications be checked minimally twice a week.</p>\n<h4>Plagiarism and academic integrity</h4>\n<p>Students enrolled in the university, at all its campuses, are to perform their academic work according to standards set by faculty members, departments, schools and colleges of the university; and cheating and plagiarism constitute fraudulent misrepresentation for which no credit can be given and for which appropriate sanctions are warranted and will be applied. For more information: http://www.kent.edu/plagiarism.</p>\n<h4>Students with disabilities</h4>\n<p>University Policy 3342-3-01.3 requires that students with disabilities be provided reasonable accommodations to ensure their equal access to course content. If you have a documented disability and require accommodations, please contact the instructor at the beginning of the semester to make arrangements for necessary classroom adjustments. Please note, you must first verify your eligibility for these through Student Accessibility Services (contact 330-672-3391 or visit <a href=\"http://www.kent.edu/sas\" class=\"redactor-autoparser-object\">www.kent.edu/sas</a> for more information on registration procedures).</p>\n<h4>Student survey of instruction evaluation</h4>\n<p>It is a standard practice of Kent State University to distribute and administer to the learners a confidential and anonymous questionnaire at the completion of the course. The results will be forwarded to the Instructor only at the completion of the class and the submission of all grades. The Instructor will then incorporate the feedback received in future course offerings and in his continual improvement of the course. Please candidly and honestly describe your opinions of the strengths and weakness you experienced as a learner in the course.</p>\n<h4>Notice of my copyright and intellectual property rights</h4>\n<p>Any intellectual property displayed or distributed to students during this course (including but not limited to powerpoints, notes, quizzes, examinations) by the professor/lecturer/instructor remains the intellectual property of the professor/lecturer/instructor. This means that the student may not distribute, publish or provide such intellectual property to any other person or entity for any reason, commercial or otherwise, without the express written permission of the professor/lecturer/instructor.</p>');
/*!40000 ALTER TABLE `craft_matrixcontent_syllabusinfo` ENABLE KEYS */;
UNLOCK TABLES;
commit;

--
-- Dumping data for table `craft_migrations`
--

LOCK TABLES `craft_migrations` WRITE;
/*!40000 ALTER TABLE `craft_migrations` DISABLE KEYS */;
set autocommit=0;
INSERT INTO `craft_migrations` VALUES (1,NULL,'app','Install','2018-05-02 20:31:27','2018-05-02 20:31:27','2018-05-02 20:31:27','f0177a61-7f22-43ea-955d-1e60e20f6729'),(2,NULL,'app','m150403_183908_migrations_table_changes','2018-05-02 20:31:27','2018-05-02 20:31:27','2018-05-02 20:31:27','a9baf977-97f9-47e2-b175-29b284dbae3e'),(3,NULL,'app','m150403_184247_plugins_table_changes','2018-05-02 20:31:27','2018-05-02 20:31:27','2018-05-02 20:31:27','dc57a6b2-a764-482b-9b85-2bc38da967fc'),(4,NULL,'app','m150403_184533_field_version','2018-05-02 20:31:27','2018-05-02 20:31:27','2018-05-02 20:31:27','a1696d51-bd70-41b9-b6b6-4352b4f68bba'),(5,NULL,'app','m150403_184729_type_columns','2018-05-02 20:31:27','2018-05-02 20:31:27','2018-05-02 20:31:27','f136adf7-18f6-40ce-adc1-0eb05485e773'),(6,NULL,'app','m150403_185142_volumes','2018-05-02 20:31:27','2018-05-02 20:31:27','2018-05-02 20:31:27','8fd58df0-0487-42c6-9d3f-6300461c9849'),(7,NULL,'app','m150428_231346_userpreferences','2018-05-02 20:31:27','2018-05-02 20:31:27','2018-05-02 20:31:27','5f39d910-85af-43b6-aeca-d4d7120e4522'),(8,NULL,'app','m150519_150900_fieldversion_conversion','2018-05-02 20:31:27','2018-05-02 20:31:27','2018-05-02 20:31:27','f1af9a19-4eef-4471-bba7-b84a7f5533ff'),(9,NULL,'app','m150617_213829_update_email_settings','2018-05-02 20:31:27','2018-05-02 20:31:27','2018-05-02 20:31:27','0af0d5eb-6a60-4a03-a1da-72a15ed0b8b7'),(10,NULL,'app','m150721_124739_templatecachequeries','2018-05-02 20:31:27','2018-05-02 20:31:27','2018-05-02 20:31:27','76d99301-f240-42b1-88c9-7cde5846a3ea'),(11,NULL,'app','m150724_140822_adjust_quality_settings','2018-05-02 20:31:27','2018-05-02 20:31:27','2018-05-02 20:31:27','dd8a85a6-e957-4be8-8657-8ff3651ab9a6'),(12,NULL,'app','m150815_133521_last_login_attempt_ip','2018-05-02 20:31:27','2018-05-02 20:31:27','2018-05-02 20:31:27','e48a74f8-a89f-44ce-8834-0dcd747a8232'),(13,NULL,'app','m151002_095935_volume_cache_settings','2018-05-02 20:31:27','2018-05-02 20:31:27','2018-05-02 20:31:27','ddf23a9a-9602-4ca8-bf1d-01a637da246e'),(14,NULL,'app','m151005_142750_volume_s3_storage_settings','2018-05-02 20:31:27','2018-05-02 20:31:27','2018-05-02 20:31:27','80b25c1d-b380-4416-b326-7aacea8fb227'),(15,NULL,'app','m151016_133600_delete_asset_thumbnails','2018-05-02 20:31:27','2018-05-02 20:31:27','2018-05-02 20:31:27','9543384b-1814-4942-a88e-7fd40a8e9099'),(16,NULL,'app','m151209_000000_move_logo','2018-05-02 20:31:27','2018-05-02 20:31:27','2018-05-02 20:31:27','79616d6e-37f0-4d49-9cc7-2f794b9d03ae'),(17,NULL,'app','m151211_000000_rename_fileId_to_assetId','2018-05-02 20:31:27','2018-05-02 20:31:27','2018-05-02 20:31:27','fe570afa-4301-48d1-a5a5-9a77ebe12405'),(18,NULL,'app','m151215_000000_rename_asset_permissions','2018-05-02 20:31:27','2018-05-02 20:31:27','2018-05-02 20:31:27','6e0f138a-2d05-4684-9840-8e63f3ba0c3b'),(19,NULL,'app','m160707_000001_rename_richtext_assetsource_setting','2018-05-02 20:31:27','2018-05-02 20:31:27','2018-05-02 20:31:27','1f179f11-17f2-4704-84c9-deca68e462e4'),(20,NULL,'app','m160708_185142_volume_hasUrls_setting','2018-05-02 20:31:27','2018-05-02 20:31:27','2018-05-02 20:31:27','540f4b1f-2614-4920-81ce-320badf5fb8f'),(21,NULL,'app','m160714_000000_increase_max_asset_filesize','2018-05-02 20:31:27','2018-05-02 20:31:27','2018-05-02 20:31:27','07dd65e4-6862-4e66-a818-513cb379da55'),(22,NULL,'app','m160727_194637_column_cleanup','2018-05-02 20:31:27','2018-05-02 20:31:27','2018-05-02 20:31:27','d941c82c-275f-4271-86a2-ca2d27c4fe15'),(23,NULL,'app','m160804_110002_userphotos_to_assets','2018-05-02 20:31:27','2018-05-02 20:31:27','2018-05-02 20:31:27','83ff4ec5-c554-4e8a-acde-28008a0d9456'),(24,NULL,'app','m160807_144858_sites','2018-05-02 20:31:27','2018-05-02 20:31:27','2018-05-02 20:31:27','4a125e81-a0a9-43b3-993b-77aad0b9a5a1'),(25,NULL,'app','m160829_000000_pending_user_content_cleanup','2018-05-02 20:31:27','2018-05-02 20:31:27','2018-05-02 20:31:27','19466dc8-2a6b-41b1-846b-ce5b7396ca30'),(26,NULL,'app','m160830_000000_asset_index_uri_increase','2018-05-02 20:31:27','2018-05-02 20:31:27','2018-05-02 20:31:27','b6c82561-7cbe-4eb6-a67e-84027237b7fb'),(27,NULL,'app','m160912_230520_require_entry_type_id','2018-05-02 20:31:27','2018-05-02 20:31:27','2018-05-02 20:31:27','3a72571f-8547-4314-8173-6f8126f8d816'),(28,NULL,'app','m160913_134730_require_matrix_block_type_id','2018-05-02 20:31:27','2018-05-02 20:31:27','2018-05-02 20:31:27','37b03b58-756a-4ebf-95ce-df62ef602d67'),(29,NULL,'app','m160920_174553_matrixblocks_owner_site_id_nullable','2018-05-02 20:31:27','2018-05-02 20:31:27','2018-05-02 20:31:27','63f4da32-96f3-47b2-848c-6794093daee5'),(30,NULL,'app','m160920_231045_usergroup_handle_title_unique','2018-05-02 20:31:27','2018-05-02 20:31:27','2018-05-02 20:31:27','f7ac1aa0-fe33-4021-a8bb-e66f6c37f8d8'),(31,NULL,'app','m160925_113941_route_uri_parts','2018-05-02 20:31:27','2018-05-02 20:31:27','2018-05-02 20:31:27','b7946cea-f101-4e01-ac29-eaea146c0374'),(32,NULL,'app','m161006_205918_schemaVersion_not_null','2018-05-02 20:31:27','2018-05-02 20:31:27','2018-05-02 20:31:27','221c7aad-8ed5-49a0-b132-eeb00e08efdf'),(33,NULL,'app','m161007_130653_update_email_settings','2018-05-02 20:31:27','2018-05-02 20:31:27','2018-05-02 20:31:27','055b6f0c-bd18-4b76-a293-b81a692af6fc'),(34,NULL,'app','m161013_175052_newParentId','2018-05-02 20:31:27','2018-05-02 20:31:27','2018-05-02 20:31:27','52f59962-8b29-4a7d-a4ca-854098b3e4b6'),(35,NULL,'app','m161021_102916_fix_recent_entries_widgets','2018-05-02 20:31:27','2018-05-02 20:31:27','2018-05-02 20:31:27','6abe32d7-3d9f-4ed0-9cc9-0588b4f89585'),(36,NULL,'app','m161021_182140_rename_get_help_widget','2018-05-02 20:31:27','2018-05-02 20:31:27','2018-05-02 20:31:27','81e365cd-3801-4164-89a8-5a6dd76b0e34'),(37,NULL,'app','m161025_000000_fix_char_columns','2018-05-02 20:31:27','2018-05-02 20:31:27','2018-05-02 20:31:27','644d1f50-9d85-4506-9cac-c161e34a1a4a'),(38,NULL,'app','m161029_124145_email_message_languages','2018-05-02 20:31:27','2018-05-02 20:31:27','2018-05-02 20:31:27','8ff100bc-7a8c-41d3-a4a6-d4f055694b41'),(39,NULL,'app','m161108_000000_new_version_format','2018-05-02 20:31:27','2018-05-02 20:31:27','2018-05-02 20:31:27','5ede0cb3-9158-4a61-b150-d7bf30e3ce1f'),(40,NULL,'app','m161109_000000_index_shuffle','2018-05-02 20:31:27','2018-05-02 20:31:27','2018-05-02 20:31:27','e1bdf999-6dad-460b-99dd-c342c6d92df1'),(41,NULL,'app','m161122_185500_no_craft_app','2018-05-02 20:31:27','2018-05-02 20:31:27','2018-05-02 20:31:27','a596e0e7-118c-43df-a83f-5d543d17336c'),(42,NULL,'app','m161125_150752_clear_urlmanager_cache','2018-05-02 20:31:27','2018-05-02 20:31:27','2018-05-02 20:31:27','32676df8-8901-4335-90ff-985b8858ceca'),(43,NULL,'app','m161220_000000_volumes_hasurl_notnull','2018-05-02 20:31:27','2018-05-02 20:31:27','2018-05-02 20:31:27','464d68bb-7399-45c3-9605-7ba584864ccb'),(44,NULL,'app','m170114_161144_udates_permission','2018-05-02 20:31:27','2018-05-02 20:31:27','2018-05-02 20:31:27','f0f17eba-bd15-4bf8-9d7c-70f639950f54'),(45,NULL,'app','m170120_000000_schema_cleanup','2018-05-02 20:31:27','2018-05-02 20:31:27','2018-05-02 20:31:27','a5f24cbe-1b5b-47e1-ba1e-05a92194131c'),(46,NULL,'app','m170126_000000_assets_focal_point','2018-05-02 20:31:27','2018-05-02 20:31:27','2018-05-02 20:31:27','2d3c0547-80c0-4039-b1a8-e904302f5875'),(47,NULL,'app','m170206_142126_system_name','2018-05-02 20:31:27','2018-05-02 20:31:27','2018-05-02 20:31:27','f6290d0d-314a-44ea-aa43-02aa93682864'),(48,NULL,'app','m170217_044740_category_branch_limits','2018-05-02 20:31:27','2018-05-02 20:31:27','2018-05-02 20:31:27','fbf7cc5e-320b-4635-99a0-93344543e060'),(49,NULL,'app','m170217_120224_asset_indexing_columns','2018-05-02 20:31:27','2018-05-02 20:31:27','2018-05-02 20:31:27','12b673ea-7bed-44a8-85d3-ac084f687a2b'),(50,NULL,'app','m170223_224012_plain_text_settings','2018-05-02 20:31:27','2018-05-02 20:31:27','2018-05-02 20:31:27','09f70baa-698b-4a4b-a6d1-333bdda4972a'),(51,NULL,'app','m170227_120814_focal_point_percentage','2018-05-02 20:31:27','2018-05-02 20:31:27','2018-05-02 20:31:27','1040c030-15bb-4f9d-9dfd-ec99ec77b1e8'),(52,NULL,'app','m170228_171113_system_messages','2018-05-02 20:31:27','2018-05-02 20:31:27','2018-05-02 20:31:27','01f05764-9d5c-4f6d-bd25-2dc361dd4790'),(53,NULL,'app','m170303_140500_asset_field_source_settings','2018-05-02 20:31:27','2018-05-02 20:31:27','2018-05-02 20:31:27','487398f3-0dcf-46c8-92e9-493fe0df7a70'),(54,NULL,'app','m170306_150500_asset_temporary_uploads','2018-05-02 20:31:27','2018-05-02 20:31:27','2018-05-02 20:31:27','802dd6e9-cb25-4735-b7da-1fe44c270743'),(55,NULL,'app','m170414_162429_rich_text_config_setting','2018-05-02 20:31:27','2018-05-02 20:31:27','2018-05-02 20:31:27','59aadb4e-244a-4699-8135-b00726423758'),(56,NULL,'app','m170523_190652_element_field_layout_ids','2018-05-02 20:31:27','2018-05-02 20:31:27','2018-05-02 20:31:27','df586e22-a9d3-4fca-972a-e72beab03caf'),(57,NULL,'app','m170612_000000_route_index_shuffle','2018-05-02 20:31:27','2018-05-02 20:31:27','2018-05-02 20:31:27','473b8a4b-f2b5-4a1d-ad16-628cfb529cac'),(58,NULL,'app','m170621_195237_format_plugin_handles','2018-05-02 20:31:27','2018-05-02 20:31:27','2018-05-02 20:31:27','9757e853-beff-42b7-a765-5cbab7d6ba65'),(59,NULL,'app','m170630_161028_deprecation_changes','2018-05-02 20:31:27','2018-05-02 20:31:27','2018-05-02 20:31:27','d2d5ffb5-8882-4796-be1b-4d39a3f2530b'),(60,NULL,'app','m170703_181539_plugins_table_tweaks','2018-05-02 20:31:27','2018-05-02 20:31:27','2018-05-02 20:31:27','4f43e191-822b-40c7-94fd-106ebbeca0ad'),(61,NULL,'app','m170704_134916_sites_tables','2018-05-02 20:31:27','2018-05-02 20:31:27','2018-05-02 20:31:27','4a5d8c80-4d53-4a5d-a3ed-cc01ad293a82'),(62,NULL,'app','m170706_183216_rename_sequences','2018-05-02 20:31:27','2018-05-02 20:31:27','2018-05-02 20:31:27','d748e787-fd21-46eb-bb46-9021a0a85c31'),(63,NULL,'app','m170707_094758_delete_compiled_traits','2018-05-02 20:31:27','2018-05-02 20:31:27','2018-05-02 20:31:27','8fbc43c1-cdb8-4439-9aac-19b641844e4c'),(64,NULL,'app','m170731_190138_drop_asset_packagist','2018-05-02 20:31:27','2018-05-02 20:31:27','2018-05-02 20:31:27','f30c4453-b6f1-4992-8085-83b86060dcdc'),(65,NULL,'app','m170810_201318_create_queue_table','2018-05-02 20:31:27','2018-05-02 20:31:27','2018-05-02 20:31:27','d420becb-1b47-4923-870f-43114763a79e'),(66,NULL,'app','m170816_133741_delete_compiled_behaviors','2018-05-02 20:31:27','2018-05-02 20:31:27','2018-05-02 20:31:27','dd0cb768-766a-4eff-a53a-7008faea02d0'),(67,NULL,'app','m170821_180624_deprecation_line_nullable','2018-05-02 20:31:27','2018-05-02 20:31:27','2018-05-02 20:31:27','30747a60-ae0e-4c65-bb53-01e0eb4b8d1d'),(68,NULL,'app','m170903_192801_longblob_for_queue_jobs','2018-05-02 20:31:27','2018-05-02 20:31:27','2018-05-02 20:31:27','ba24dbb3-fcab-45d5-ac31-4e94ab93d996'),(69,NULL,'app','m170914_204621_asset_cache_shuffle','2018-05-02 20:31:27','2018-05-02 20:31:27','2018-05-02 20:31:27','0fea5a9c-740b-48c1-9bbe-c17d526aee27'),(70,NULL,'app','m171011_214115_site_groups','2018-05-02 20:31:27','2018-05-02 20:31:27','2018-05-02 20:31:27','a7496f82-85af-4b5e-a824-c2c0168cb383'),(71,NULL,'app','m171012_151440_primary_site','2018-05-02 20:31:27','2018-05-02 20:31:27','2018-05-02 20:31:27','e54bcfd6-ff7a-4650-a0c3-c9235ab0b8d4'),(72,NULL,'app','m171013_142500_transform_interlace','2018-05-02 20:31:27','2018-05-02 20:31:27','2018-05-02 20:31:27','df691ecb-2666-4959-9647-09b50cf3703b'),(73,NULL,'app','m171016_092553_drop_position_select','2018-05-02 20:31:27','2018-05-02 20:31:27','2018-05-02 20:31:27','1436d6c5-a6cd-4c94-a539-7f965d82229f'),(74,NULL,'app','m171016_221244_less_strict_translation_method','2018-05-02 20:31:27','2018-05-02 20:31:27','2018-05-02 20:31:27','65762e18-3b65-4341-817d-98f25bde578b'),(75,NULL,'app','m171107_000000_assign_group_permissions','2018-05-02 20:31:27','2018-05-02 20:31:27','2018-05-02 20:31:27','b87b13dd-6f77-4454-9c28-347662970db1'),(76,NULL,'app','m171117_000001_templatecache_index_tune','2018-05-02 20:31:28','2018-05-02 20:31:28','2018-05-02 20:31:28','2c38c09a-7757-42b3-a742-97d0d8dc20e2'),(77,NULL,'app','m171126_105927_disabled_plugins','2018-05-02 20:31:28','2018-05-02 20:31:28','2018-05-02 20:31:28','1476bea3-e6b4-45cb-b20a-de9a4bc149c0'),(78,NULL,'app','m171130_214407_craftidtokens_table','2018-05-02 20:31:28','2018-05-02 20:31:28','2018-05-02 20:31:28','5cdb6563-179c-4109-ae4b-169eef79b9f5'),(79,NULL,'app','m171202_004225_update_email_settings','2018-05-02 20:31:28','2018-05-02 20:31:28','2018-05-02 20:31:28','5ae04520-09db-4c89-b00e-ed2f1115a603'),(80,NULL,'app','m171204_000001_templatecache_index_tune_deux','2018-05-02 20:31:28','2018-05-02 20:31:28','2018-05-02 20:31:28','bdc0b4ad-a1e9-4edc-a3b3-0e3295c22b0a'),(81,NULL,'app','m171205_130908_remove_craftidtokens_refreshtoken_column','2018-05-02 20:31:28','2018-05-02 20:31:28','2018-05-02 20:31:28','4712c9ee-1526-4d8b-8961-7e5ec8aba57e'),(82,NULL,'app','m171218_143135_longtext_query_column','2018-05-02 20:31:28','2018-05-02 20:31:28','2018-05-02 20:31:28','7fdf176a-ccfd-402d-a890-7b36dd64d7f3'),(83,NULL,'app','m171231_055546_environment_variables_to_aliases','2018-05-02 20:31:28','2018-05-02 20:31:28','2018-05-02 20:31:28','453c95de-6664-4b84-8ed2-09170c4b83d9'),(84,NULL,'app','m180113_153740_drop_users_archived_column','2018-05-02 20:31:28','2018-05-02 20:31:28','2018-05-02 20:31:28','d5a6ccb6-f60e-48b4-86e4-adfce3876d9d'),(85,NULL,'app','m180122_213433_propagate_entries_setting','2018-05-02 20:31:28','2018-05-02 20:31:28','2018-05-02 20:31:28','55639851-f747-48af-bef2-80fd56169466'),(86,NULL,'app','m180124_230459_fix_propagate_entries_values','2018-05-02 20:31:28','2018-05-02 20:31:28','2018-05-02 20:31:28','8b97b351-1d11-40b7-8de5-20967e01dad6'),(87,NULL,'app','m180128_235202_set_tag_slugs','2018-05-02 20:31:28','2018-05-02 20:31:28','2018-05-02 20:31:28','eac96ed8-f1e3-401d-a305-0bb0982c9bb4'),(88,NULL,'app','m180202_185551_fix_focal_points','2018-05-02 20:31:28','2018-05-02 20:31:28','2018-05-02 20:31:28','46139dce-e8bb-49d1-8a20-8d4d1c1dd81f'),(89,NULL,'app','m180217_172123_tiny_ints','2018-05-02 20:31:28','2018-05-02 20:31:28','2018-05-02 20:31:28','280f016e-0c15-44b0-9bac-204f673d1622'),(90,NULL,'app','m180321_233505_small_ints','2018-05-02 20:31:28','2018-05-02 20:31:28','2018-05-02 20:31:28','bd53a886-e236-4730-ab6d-d586ffe2efea'),(91,NULL,'app','m180328_115523_new_license_key_statuses','2018-05-02 20:31:28','2018-05-02 20:31:28','2018-05-02 20:31:28','4c160b62-4482-4b9c-baed-15cb54459d24'),(92,NULL,'app','m180404_182320_edition_changes','2018-05-02 20:31:28','2018-05-02 20:31:28','2018-05-02 20:31:28','3312ff27-030b-4d2b-8933-1722235630dd'),(93,NULL,'app','m180411_102218_fix_db_routes','2018-05-02 20:31:28','2018-05-02 20:31:28','2018-05-02 20:31:28','4778cd65-6456-41cb-96df-5ed29f4e89d8'),(94,NULL,'app','m180416_205628_resourcepaths_table','2018-05-02 20:31:28','2018-05-02 20:31:28','2018-05-02 20:31:28','438620c4-5744-4eec-8a5f-31118beee281'),(95,NULL,'app','m180418_205713_widget_cleanup','2018-05-02 20:31:28','2018-05-02 20:31:28','2018-05-02 20:31:28','1df40b45-f163-4f0a-9151-d7a1ba0139d3'),(96,1,'plugin','Install','2018-05-02 20:43:38','2018-05-02 20:43:38','2018-05-02 20:43:38','92c7a610-149b-448a-9885-320ad9f93a98'),(97,1,'plugin','m180430_204710_remove_old_plugins','2018-05-02 20:43:39','2018-05-02 20:43:39','2018-05-02 20:43:39','bca9d811-6247-4590-b87c-1ad32d514f47');
/*!40000 ALTER TABLE `craft_migrations` ENABLE KEYS */;
UNLOCK TABLES;
commit;

--
-- Dumping data for table `craft_plugins`
--

LOCK TABLES `craft_plugins` WRITE;
/*!40000 ALTER TABLE `craft_plugins` DISABLE KEYS */;
set autocommit=0;
INSERT INTO `craft_plugins` VALUES (1,'redactor','2.1.6','2.0.0',NULL,'unknown',1,NULL,'2018-05-02 20:43:38','2018-05-02 20:43:38','2018-08-24 18:12:39','9a8c417b-918c-458e-a659-ff5ee5d4417d'),(2,'admin-bar','3.1.6','3.1.0',NULL,'unknown',1,'{\"customCss\":\"\",\"customLinks\":[{\"linkLabel\":\"\",\"linkUrl\":\"\",\"adminOnly\":\"\"}],\"additionalLinks\":[],\"displayGreeting\":true,\"displayDashboardLink\":true,\"displayDefaultEditSection\":true,\"displaySettingsLink\":true,\"displayLogout\":true,\"enableMobileMenu\":true,\"widgets\":{\"admin-bar_edit-links\":\"\"},\"displayEditDate\":true,\"displayEditAuthor\":true,\"displayRevisionNote\":true}','2018-05-02 20:43:57','2018-05-02 20:43:57','2018-08-24 18:12:39','ec3cede6-5451-4d33-8c0c-bbb6fde5b28a'),(3,'video-embedder','1.0.9','1.0.0',NULL,'unknown',1,NULL,'2018-05-07 19:35:58','2018-05-07 19:35:58','2018-08-24 18:12:39','47ebbb4f-c37d-4d8a-b0e4-c4440ea28a66'),(4,'cp-field-inspect','1.0.4','1.0.0',NULL,'unknown',1,NULL,'2018-05-09 19:32:53','2018-05-09 19:32:53','2018-08-24 18:12:39','2a9c99ab-b4d9-42fe-964a-fc261ea23f56');
/*!40000 ALTER TABLE `craft_plugins` ENABLE KEYS */;
UNLOCK TABLES;
commit;

--
-- Dumping data for table `craft_queue`
--

LOCK TABLES `craft_queue` WRITE;
/*!40000 ALTER TABLE `craft_queue` DISABLE KEYS */;
set autocommit=0;
/*!40000 ALTER TABLE `craft_queue` ENABLE KEYS */;
UNLOCK TABLES;
commit;

--
-- Dumping data for table `craft_relations`
--

LOCK TABLES `craft_relations` WRITE;
/*!40000 ALTER TABLE `craft_relations` DISABLE KEYS */;
set autocommit=0;
INSERT INTO `craft_relations` VALUES (2,59,69,NULL,74,1,'2018-08-07 16:38:27','2018-08-07 16:38:27','3a6c58ad-1fed-4909-a100-93a6258e3272'),(16,72,75,NULL,74,1,'2018-08-07 20:25:56','2018-08-07 20:25:56','5f768fe3-3b13-4e39-925f-b4eaa7651144'),(18,72,85,NULL,60,1,'2018-08-07 20:27:53','2018-08-07 20:27:53','411fde4d-2ee0-43b7-b9c7-6ccb597a0286'),(19,72,101,NULL,74,1,'2018-08-13 18:35:35','2018-08-13 18:35:35','f20481df-5da6-4b37-a004-2f5a9faba819'),(20,100,102,NULL,30,1,'2018-08-13 18:42:32','2018-08-13 18:42:32','3c68d5b8-a5d7-4c1e-8f69-b86daea52e2a'),(21,101,102,NULL,97,1,'2018-08-13 18:42:32','2018-08-13 18:42:32','5a44f48e-103f-4e21-b6f8-5a62984e65c0'),(22,102,102,NULL,96,1,'2018-08-13 18:42:32','2018-08-13 18:42:32','836e9fda-54ef-405e-bb2a-dff1236c34ec'),(23,93,102,NULL,32,1,'2018-08-13 18:42:32','2018-08-13 18:42:32','4518a67b-1af7-494e-a1fb-db77d35e0f49'),(39,101,69,NULL,97,1,'2018-08-14 17:35:22','2018-08-14 17:35:22','a2d92479-e6e0-425b-9968-e7846919c47e'),(40,103,122,NULL,102,1,'2018-08-20 14:50:48','2018-08-20 14:50:48','54a3582d-b6da-4a05-9f6f-9cf0bb35dc7f'),(41,103,103,NULL,102,1,'2018-08-20 16:14:12','2018-08-20 16:14:12','4a2919c0-d1d7-4a51-854c-a15bd71ff593'),(43,103,140,NULL,102,1,'2018-08-20 17:51:26','2018-08-20 17:51:26','59d48353-9733-47b8-a340-b1f0a46a8702'),(44,103,145,NULL,102,1,'2018-08-23 13:42:39','2018-08-23 13:42:39','451cc2fa-477a-416a-b70a-08f68c249e66'),(46,133,142,NULL,140,1,'2018-08-23 14:15:24','2018-08-23 14:15:24','a892f95c-1340-409d-bbd9-3ae3e431ab06'),(47,133,143,NULL,140,1,'2018-08-23 14:15:32','2018-08-23 14:15:32','d297172f-5621-41f5-9c4e-a31889894752'),(48,133,144,NULL,140,1,'2018-08-23 14:15:41','2018-08-23 14:15:41','eb4c0b07-2cd4-46b8-8fc7-47defdf88c29'),(49,132,145,NULL,142,1,'2018-08-23 14:16:02','2018-08-23 14:16:02','f126797e-ccbe-4c33-85fb-256e2a74b73f');
/*!40000 ALTER TABLE `craft_relations` ENABLE KEYS */;
UNLOCK TABLES;
commit;

--
-- Dumping data for table `craft_resourcepaths`
--

LOCK TABLES `craft_resourcepaths` WRITE;
/*!40000 ALTER TABLE `craft_resourcepaths` DISABLE KEYS */;
set autocommit=0;
INSERT INTO `craft_resourcepaths` VALUES ('10431919','@app/web/assets/updates/dist'),('12caa165','@app/web/assets/routes/dist'),('13a4aa62','@app/web/assets/updates/dist'),('143633f','@lib/selectize'),('14e78f96','@lib/selectize'),('15f4922b','@lib/velocity'),('16300f97','@lib/fabric'),('17eb5b9','@app/web/assets/login/dist'),('180d874a','@app/web/assets/recententries/dist'),('18c55804','@lib'),('198a5993','@lib/garnishjs'),('19feb954','@app/web/assets/recententries/dist'),('1c8b67cb','@runtime/assets/thumbs/24'),('1e78edec','@app/web/assets/pluginstore/dist'),('1e8bcb1c','@lib/xregexp'),('1f8bd3f2','@app/web/assets/pluginstore/dist'),('203a365c','@app/web/assets/matrix/dist'),('20ef99fc','@bower/jquery/dist'),('218252e5','@mmikkel/cpfieldinspect/resources'),('21b0580f','@lib/prismjs'),('21fa67fc','@mmikkel/cpfieldinspect/resources'),('23365286','@lib/jquery-touch-events'),('241bf635','@craft/web/assets/tablesettings/dist'),('24926e44','@lib/picturefill'),('25fd17e8','@wbrowar/adminbar/assetbundles/adminbar/dist'),('261f118a','@app/web/assets/utilities/dist'),('26577dc1','@runtime/assets/thumbs/19'),('2686ed80','@lib/fileupload'),('26b7c524','@app/web/assets/updateswidget/dist'),('273fcbf7','@app/web/assets/editcategory/dist'),('2744fb3a','@app/web/assets/updateswidget/dist'),('2821b060','@app/web/assets/matrixsettings/dist'),('282569e5','@app/web/assets/craftsupport/dist'),('28bed20','@app/web/assets/utilities/dist'),('29d657fb','@app/web/assets/craftsupport/dist'),('2a374e15','@lib/d3'),('2af1f6c8','@craft/redactor/assets/field/dist'),('2af8a5a','@runtime/assets/thumbs/52'),('2bbedcf','@runtime/assets/thumbs/18'),('2bebcea3','@lib/element-resize-detector'),('2c315e43','@craft/web/assets/utilities/dist'),('2d47c169','@lib/jquery.payment'),('2d811729','@app/web/assets/clearcaches/dist'),('2e20b196','@vendor/craftcms/redactor/lib/redactor'),('2f181468','@app/web/assets/editentry/dist'),('2f357fd5','@app/web/assets/tablesettings/dist'),('30cbcc2f','@lib/d3'),('30f6594b','@app/web/assets/dbbackup/dist'),('31606e81','@lib/velocity'),('3213a935','@app/web/assets/generalsettings/dist'),('34d07fc0','@lib/timepicker'),('360b4fb9','@runtime/assets/thumbs/7'),('36c542f1','@wbrowar/adminbar/assetbundles/adminbar/dist'),('36e2971b','@app/web/assets/updater/dist'),('3711a905','@app/web/assets/updater/dist'),('376dba9','@lib/garnishjs'),('3825fb80','@app/web/assets/clearcaches/dist'),('39cad0bc','@lib/jquery-touch-events'),('3ab375d','@app/web/assets/editcategory/dist'),('3c7a6fba','@lib/fileupload'),('3d7f18a5','@app/web/assets/feed/dist'),('3e6eec7e','@lib/picturefill'),('3eed06f8','@lib/jquery-ui'),('3f1e38e6','@lib/jquery-ui'),('400b0030','@runtime/assets/thumbs/9'),('405a4665','@app/web/assets/login/dist'),('4099a212','@lib/picturefill'),('415979b4','@app/web/assets/dbbackup/dist'),('4307ca52','@app/web/assets/updateswidget/dist'),('437cfa9f','@app/web/assets/editcategory/dist'),('4464531b','@app/web/assets/cp/dist'),('457f5f3f','@lib/timepicker'),('45bb9459','@lib/prismjs'),('473d9ed0','@lib/jquery-touch-events'),('47b6556','@bower/jquery/dist'),('4b39ed9','@app/web/assets/cp/dist'),('4c628108','@app/web/assets/matrixsettings/dist'),('4d759b7b','@app/web/assets/plugins/dist'),('4d91bf16','@app/web/assets/matrixsettings/dist'),('4d956693','@app/web/assets/craftsupport/dist'),('4dd54f45','@lib/fileupload'),('4e3c8243','@lib/d3'),('4e5bc1d5','@lib/element-resize-detector'),('4fa8ffcb','@lib/element-resize-detector'),('501f78f0','@lib/prismjs'),('519516a3','@app/web/assets/matrix/dist'),('5207fd76','@craft/web/assets/recententries/dist'),('52997279','@lib/jquery-touch-events'),('5352986d','@app/web/assets/updater/dist'),('537a2c16','@craft/redactor/assets/field/dist'),('540a0c7','@app/web/assets/cp/dist'),('54c7abcd','@runtime/assets/thumbs/23'),('54fd951d','@app/web/assets/dbbackup/dist'),('553d4ebb','@lib/picturefill'),('57ab6b48','@vendor/craftcms/redactor/lib/redactor'),('581295c6','@lib'),('5871a3ec','@lib/fileupload'),('59297496','@app/web/assets/recententries/dist'),('59e1abd8','@lib'),('5b5d098e','@lib/jquery-ui'),('5b986eea','@lib/d3'),('5bc4bb29','@craft/web/assets/updater/dist'),('5c2e37d6','@app/web/assets/clearcaches/dist'),('5e96b55d','@wbrowar/adminbar/assetbundles/adminbar/dist'),('5eb73497','@app/web/assets/editentry/dist'),('5f45025e','@craft/web/assets/findreplace/dist'),('5f5c1e30','@app/web/assets/pluginstore/dist'),('6038543e','@bower/jquery/dist'),('607c8570','@lib/xregexp'),('60f0afb1','@app/web/assets/cp/dist'),('61cb6a20','@bower/jquery/dist'),('61ec39e6','@app/web/assets/updates/dist'),('66c8dc48','@app/web/assets/utilities/dist'),('673be256','@app/web/assets/utilities/dist'),('679336f8','@app/web/assets/updateswidget/dist'),('6825796c','@lib/garnishjs'),('68c741fb','@lib/fabric'),('69019a39','@app/web/assets/craftsupport/dist'),('6a10c1fa','@lib/selectize'),('6a29083b','@app/web/assets/deprecationerrors/dist'),('6bb51a3e','@app/web/assets/dashboard/dist'),('6c6332b5','@lib/jquery.payment'),('6cbdbf18','@craft/web/assets/updateswidget/dist'),('6d900cab','@lib/jquery.payment'),('6e118c09','@app/web/assets/tablesettings/dist'),('6fe2b217','@app/web/assets/tablesettings/dist'),('70449d5d','@lib/velocity'),('70ec43c0','@lib/selectize'),('71b7a343','@lib/velocity'),('73375ae9','@app/web/assets/generalsettings/dist'),('7448d54f','@app/web/assets/updates/dist'),('76c36689','@craft/web/assets/cp/dist'),('7976d8d9','@app/web/assets/fields/dist'),('7a80074a','@lib/xregexp'),('7d63ad52','@lib/fabric'),('7d8195c5','@lib/garnishjs'),('7dbd883c','@app/web/assets/recententries/dist'),('7e11f697','@app/web/assets/dashboard/dist'),('7f8de492','@app/web/assets/deprecationerrors/dist'),('7fb856f4','@craft/web/assets/pluginstore/dist'),('7fc14ca1','@runtime/assets/thumbs/24'),('7fc9f524','@lib/jquery-ui'),('800e3319','@app/web/assets/fields/dist'),('81e74c7b','@mmikkel/cpfieldinspect/resources'),('835b23fd','@app/web/assets/editentry/dist'),('841b4692','@lib/fabric'),('846287f5','@app/web/assets/matrixsettings/dist'),('85dd9d50','@app/web/assets/craftsupport/dist'),('86747980','@lib/d3'),('86b11ee4','@lib/jquery-ui'),('86f50f52','@app/web/assets/deprecationerrors/dist'),('87691d57','@app/web/assets/dashboard/dist'),('87a8f936','@lib/element-resize-detector'),('88d159d1','@lib/picturefill'),('8c7901c9','@app/web/assets/matrix/dist'),('8c8c67dc','@lib/timepicker'),('8d47529e','@craft/web/assets/dashboard/dist'),('8d7f59c2','@lib/timepicker'),('8d9f826','@app/web/assets/fields/dist'),('8dcaecb3','@vendor/craftcms/redactor/lib/redactor'),('8df36f9a','@lib/prismjs'),('8ebe8f07','@app/web/assets/updater/dist'),('8f756513','@lib/jquery-touch-events'),('8f88fbda','@runtime/assets/thumbs/14'),('9012933b','@lib'),('9039582f','@lib/fileupload'),('907971f9','@app/web/assets/craftsupport/dist'),('915d92ac','@lib/garnishjs'),('928db1f2','@craft/web/assets/matrixsettings/dist'),('9315f24d','@lib/jquery-ui'),('9cb56ede','@app/web/assets/dbbackup/dist'),('9d33dc3','@lib/jquery.payment'),('9d547b0c','@lib/element-resize-detector'),('9eebdd38','@app/web/assets/updateswidget/dist'),('a0519f56','@app/web/assets/recententries/dist'),('a08fba38','@lib/fabric'),('a261f3f8','@app/web/assets/deprecationerrors/dist'),('a2e0852a','@lib/d3'),('a34b2784','@lib/velocity'),('a3fde1fd','@app/web/assets/dashboard/dist'),('a49acfb3','@app/web/assets/fields/dist'),('a5900a56','@lib/jquery.payment'),('a7cfdf57','@app/web/assets/editentry/dist'),('a7e2b4ea','@app/web/assets/tablesettings/dist'),('a83852c3','@bower/jquery/dist'),('a8b85472','@app/web/assets/cp/dist'),('a8edfd63','@app/web/assets/matrix/dist'),('a9679330','@lib/prismjs'),('abe199b9','@lib/jquery-touch-events'),('ac45a57b','@lib/picturefill'),('ac86410c','@app/web/assets/login/dist'),('ad2f69ce','@app/web/assets/utilities/dist'),('aec8dab5','@app/web/assets/utilities/dist'),('aef7274d','@craft/redactor/assets/field/dist'),('afcac643','@app/web/assets/assetindexes/dist'),('b1a474d9','@app/web/assets/sites/dist'),('b28001b7','@lib/xregexp'),('b2c4bc62','@craft/web/assets/deprecationerrors/dist'),('b2c4d0f9','@bower/jquery/dist'),('b2f27b5','@lib/xregexp'),('b3733fa9','@lib/xregexp'),('b4960dc8','@craft/web/assets/updates/dist'),('b4ada485','@lib/fileupload'),('b572c364','@runtime/assets/thumbs/19'),('b5a8d39a','@app/web/assets/feed/dist'),('b5c96e06','@lib/garnishjs'),('b5f573ff','@app/web/assets/recententries/dist'),('b8219274','@app/web/assets/dbbackup/dist'),('b8ec453d','@lib/selectize'),('b91f7b23','@lib/selectize'),('b922ada5','@app/web/assets/login/dist'),('b9b7a5be','@lib/velocity'),('ba1837f','@app/web/assets/tablesettings/dist'),('bc002e8c','@app/web/assets/updates/dist'),('bd1cb8db','@app/web/assets/cp/dist'),('bd71924d','@runtime/assets/thumbs/19'),('bf6c886c','@lib/jquery.payment'),('c094440','@craft/web/assets/fields/dist'),('c0d9fedb','@app/web/assets/fields/dist'),('c12ac0c5','@app/web/assets/fields/dist'),('c1866e1d','@craft/web/assets/dbbackup/dist'),('c19bc600','@lib/jquery.payment'),('c317fedc','@craft/web/assets/login/dist'),('c4cc8b50','@lib/fabric'),('c53fb54e','@lib/fabric'),('c596513','@app/web/assets/dashboard/dist'),('c64dee8b','@app/web/assets/dashboard/dist'),('c6ca0a24','@runtime/assets/thumbs/16'),('c7bed095','@app/web/assets/dashboard/dist'),('c7d1fc8e','@app/web/assets/deprecationerrors/dist'),('c8188541','@lib/velocity'),('c88d8d5a','@app/web/assets/login/dist'),('cac316e3','@app/web/assets/utilities/dist'),('cb114911','@craft/web/assets/craftsupport/dist'),('cb54cca','@app/web/assets/matrixsettings/dist'),('cb6a3e21','@app/web/assets/login/dist'),('cc339e95','@bower/jquery/dist'),('ccb39824','@app/web/assets/cp/dist'),('ccc8dad','@lib/fabric'),('cda89400','@lib/timepicker'),('cf542b5f','@app/web/assets/cp/dist'),('d0796170','@lib/garnishjs'),('d18a5f6e','@lib/garnishjs'),('d1a31fcc','@app/web/assets/feed/dist'),('d1febfa9','@app/web/assets/recententries/dist'),('d2190cd2','@app/web/assets/recententries/dist'),('d3adbacd','@vendor/craftcms/redactor/lib/redactor'),('d43f2aa9','@lib/jquery.payment'),('d4f9fce9','@app/web/assets/clearcaches/dist'),('d64d9415','@app/web/assets/tablesettings/dist'),('d6c330df','@lib/xregexp'),('d78bd50f','@app/web/assets/pluginstore/dist'),('d8431fe4','@app/web/assets/updates/dist'),('d997723c','@bower/jquery/dist'),('d9b021fa','@app/web/assets/updates/dist'),('dcaf7455','@lib/selectize'),('ddbc69e8','@lib/velocity'),('de65e6bc','@app/web/assets/assetindexes/dist'),('df67fa4a','@app/web/assets/utilities/dist'),('e1d65106','@app/web/assets/craftsupport/dist'),('e231e27d','@app/web/assets/craftsupport/dist'),('e23748e8','@lib/d3'),('e3a33560','@lib/element-resize-detector'),('e3c476f6','@lib/d3'),('e6eb2c8b','@app/web/assets/editentry/dist'),('e7181295','@app/web/assets/editentry/dist'),('e83a30a1','@app/web/assets/matrix/dist'),('e84360ec','@lib/prismjs'),('e93c68aa','@lib/timepicker'),('e9c90ebf','@app/web/assets/matrix/dist'),('eac56a65','@lib/jquery-touch-events'),('eb36547b','@lib/jquery-touch-events'),('ec9268b9','@lib/picturefill'),('eca34ebc','@app/web/assets/updateswidget/dist'),('ed6156a7','@lib/picturefill'),('ede2bc21','@lib/jquery-ui'),('ef44fdc7','@app/web/assets/updateswidget/dist'),('efe7ad84','@app/web/assets/edituser/dist'),('f0748ed3','@runtime/assets/thumbs/19'),('f0907133','@craft/redactor/assets/field/dist'),('f257cc75','@lib/xregexp'),('f4047455','@craft/web/assets/feed/dist'),('f41db42d','@craft/web/assets/clearcaches/dist'),('f47a6947','@lib/fileupload'),('f5895759','@lib/fileupload'),('f5cda70a','@app/web/assets/matrixsettings/dist'),('f607d9c9','@lib/element-resize-detector'),('f71e3e1b','@lib/jquery-ui'),('f7f3209','@lib/element-resize-detector'),('f83b88ff','@lib/selectize'),('f8f65fb6','@app/web/assets/dbbackup/dist'),('f90561a8','@app/web/assets/dbbackup/dist'),('fad3dc9d','@app/web/assets/editcategory/dist'),('fbe091d6','@app/web/assets/generalsettings/dist'),('fbed668','@app/web/assets/dashboard/dist'),('fcf61c83','@app/web/assets/updater/dist'),('ff11aff8','@app/web/assets/updater/dist'),('ff251e0e','@app/web/assets/edittransform/dist');
/*!40000 ALTER TABLE `craft_resourcepaths` ENABLE KEYS */;
UNLOCK TABLES;
commit;

--
-- Dumping data for table `craft_routes`
--

LOCK TABLES `craft_routes` WRITE;
/*!40000 ALTER TABLE `craft_routes` DISABLE KEYS */;
set autocommit=0;
/*!40000 ALTER TABLE `craft_routes` ENABLE KEYS */;
UNLOCK TABLES;
commit;

--
-- Dumping data for table `craft_searchindex`
--

LOCK TABLES `craft_searchindex` WRITE;
/*!40000 ALTER TABLE `craft_searchindex` DISABLE KEYS */;
set autocommit=0;
INSERT INTO `craft_searchindex` VALUES (1,'username',0,1,' ideabase '),(1,'firstname',0,1,''),(1,'lastname',0,1,''),(1,'fullname',0,1,''),(1,'email',0,1,' info ideabasekent com '),(1,'slug',0,1,''),(2,'slug',0,1,' home page '),(2,'title',0,1,' homepage '),(2,'field',2,1,' this is body text link to google www google com carl malone https www youtube com watch v=btw_99wdfva hey my name is nick nick pappas logo '),(12,'field',21,1,' logo '),(19,'filename',0,1,' logo png '),(19,'extension',0,1,' png '),(19,'kind',0,1,' image '),(19,'slug',0,1,''),(19,'title',0,1,' logo '),(2,'field',18,1,' https www google com facebook '),(2,'field',57,1,' responsive web design '),(2,'field',60,1,' in kent state university s responsive web design basic class rwd advanced class and rwd professional workshop students from the college of communication and information and other colleges learn the process of creating responsive websites with html and css from sketching and prototyping to usability testing and content strategy '),(12,'slug',0,1,''),(13,'slug',0,1,''),(13,'field',22,1,' testemail email com '),(13,'field',23,1,' 911 '),(13,'field',24,1,' copyright nick pappas '),(13,'field',25,1,' kent state university '),(2,'field',26,1,' responsive web design classes workshops '),(2,'field',1,1,' in kent state university s responsive web design basic class rwd advanced class and rwd professional workshop students from the college of communication and information and other colleges learn the process of creating responsive websites with html and css from sketching and prototyping to usability testing and content strategy '),(2,'field',27,1,' about learn more about rwd '),(2,'field',61,1,' learn more about rwd about '),(2,'field',59,1,''),(2,'field',58,1,' classes workshops '),(26,'slug',0,1,' codepen '),(26,'title',0,1,' codepen challenge '),(27,'slug',0,1,' project '),(27,'title',0,1,' project '),(28,'slug',0,1,' in class '),(28,'title',0,1,' in class assignment quiz '),(30,'slug',0,1,' basic class '),(30,'title',0,1,' basic class '),(31,'slug',0,1,' advanced class '),(31,'title',0,1,' advanced class '),(32,'slug',0,1,' ideabase '),(32,'title',0,1,' ideabase '),(34,'field',28,1,' syllabus '),(34,'field',29,1,' basic class syllabus '),(34,'slug',0,1,''),(36,'field',28,1,' return to class '),(36,'field',29,1,' basic class '),(36,'slug',0,1,''),(37,'field',28,1,' calendar '),(37,'field',29,1,' basic class calendar '),(37,'slug',0,1,''),(39,'field',28,1,' assignments '),(39,'field',29,1,''),(39,'slug',0,1,''),(60,'filename',0,1,' kent state logo white svg '),(41,'field',28,1,' groups '),(41,'field',29,1,' basic class groups '),(41,'slug',0,1,''),(43,'field',28,1,' syllabus '),(43,'field',29,1,' advanced class syllabus '),(43,'slug',0,1,''),(45,'field',28,1,' calendar '),(45,'field',29,1,' advanced class calendar '),(45,'slug',0,1,''),(48,'field',28,1,' assignments '),(48,'field',29,1,' advanced class assignments '),(48,'slug',0,1,''),(49,'field',28,1,' groups '),(49,'field',29,1,' advanced class groups '),(49,'slug',0,1,''),(60,'extension',0,1,' svg '),(60,'kind',0,1,' image '),(60,'slug',0,1,''),(60,'title',0,1,' kent state logo white '),(61,'filename',0,1,' shapes svg '),(74,'kind',0,1,' image '),(74,'extension',0,1,' jpg '),(74,'filename',0,1,' hallahan headshot jpg '),(69,'field',65,1,''),(70,'slug',0,1,''),(70,'field',68,1,' in kent state university s responsive web design basic class rwd advanced class and rwd professional workshop students from the college of communication and information and other colleges learn the process of creating responsive websites with html and css from sketching and prototyping to usability testing and content strategy '),(70,'field',67,1,''),(67,'slug',0,1,''),(67,'field',62,1,' learn more about rwd '),(67,'field',63,1,' about '),(2,'field',66,1,' in kent state university s responsive web design basic class rwd advanced class and rwd professional workshop students from the college of communication and information and other colleges learn the process of creating responsive websites with html and css from sketching and prototyping to usability testing and content strategy '),(97,'field',69,1,' challahan ideabasekent com 330 672 3031 challahan https twitter com challahan twitter '),(69,'slug',0,1,' about '),(69,'title',0,1,' about '),(69,'field',69,1,' challahan ideabasekent com 330 672 3031 challahan https twitter com challahan twitter '),(69,'field',59,1,' chris s headshot hallahan headshot '),(69,'field',66,1,' in 2010 ethan marcotte published his famous article on a list apart called responsive web design the article was quickly followed by the responsive web design book published by a book apart in 2011 in this book marcotte popularized the idea of using flexible grids and css media queries to build a single website that scales across mobile phones tablets desktop computers televisions and everything in between since then responsive web design has become not just a technical solution for web design it s an entire process that brings multiple disciplines together to form one product that works across multiple devices the responsive design process includes user experience content strategy information architecture visual design html css javascript development usability testing and technical testing rwd at kent state kent state university s responsive web design classes were designed with the goal of bringing together students from multiple disciplines from within the college of communication and information and giving them the skills they need to work with and become web designers the classes are hands on and encourage active learning the class is constantly evolving always integrating the latest advancements in design development and user experience design i m making this information public with the hope that others will find it helpful when creating similar programs at their educational institutions '),(61,'extension',0,1,' svg '),(61,'kind',0,1,' image '),(61,'slug',0,1,''),(61,'title',0,1,' shapes '),(62,'filename',0,1,' assignments svg '),(62,'extension',0,1,' svg '),(62,'kind',0,1,' image '),(62,'slug',0,1,''),(62,'title',0,1,' assignments '),(63,'filename',0,1,' calendar svg '),(63,'extension',0,1,' svg '),(63,'kind',0,1,' image '),(63,'slug',0,1,''),(63,'title',0,1,' calendar '),(64,'filename',0,1,' down arrow svg '),(64,'extension',0,1,' svg '),(64,'kind',0,1,' image '),(64,'slug',0,1,''),(64,'title',0,1,' down arrow '),(65,'filename',0,1,' groups svg '),(65,'extension',0,1,' svg '),(65,'kind',0,1,' image '),(65,'slug',0,1,''),(65,'title',0,1,' groups '),(66,'filename',0,1,' syllabus svg '),(66,'extension',0,1,' svg '),(66,'kind',0,1,' image '),(66,'slug',0,1,''),(66,'title',0,1,' syllabus '),(122,'field',123,1,' please feel free to stop by at any time there will likely be several people there at the same time also here s what is due for finals week remaining assignments deliverables here are the remaining items you ll need to turn in for the semester testing and testing results 5 pts we did technical accessibility and usability testing in class last week you should have turned in the link to the google sheet via blackboard view testing assignment https rwdkent com assignments testing dec 12 at 5 30 p m final templates prototypes 15 pts your 3 final prototypes should be completed and online via github before the final class your prototypes should be linked together so we can navigate them like a real site but also linked from your project hub page you ll turn in the link to your final prototype via blackboard for grading on dec 12 view templates prototypes assignment https rwdkent com assignments templates dec 12 at 5 30 p m project hub pattern library review session 5 pts this is the final 10 15 minute presentation that you ll conduct on tuesday of finals week same as class time 5 30 p m during this time you ll demo all of your deliverables via your project hub page the class will also use your website on multiple devices and give you feedback by completing a short survey for each presentation this also includes a demo of a small pattern library showing 5 of your most common patterns used on the site please follow the instructions on the website there is nothing to turn in on blackboard for this part here are some guidelines for your sharing sessions should last about 10 15 minutes these can be fairly informal bring up prototypes on multiple devices to pass around bring up your project hub brief history of project goals process etc show templates and implementation at different breakpoints show main components in pattern library discuss next steps get feedback and questions from class client during each presentation each class member and instructor will use their own devices to submit an evaluation of the final project view project hub review session assignment https rwdkent com assignments timeline presentation self group assessment after tuesday you ll still need to submit a separate survey that evaluates your individual and team performance please wait until you ve submitted your projects before taking the survey this is the last assignment you ll submit for rwd access the group self assessment https rwdkent com assignments assessment please email me if you have any questions and i ll see everyone on tuesday for the final class '),(123,'field',124,1,' please feel free to stop by at any time there will likely be several people there at the same time also here s what is due for finals week '),(123,'slug',0,1,''),(122,'slug',0,1,' test announcement '),(122,'title',0,1,' test announcement '),(76,'field',74,1,' challahan ideabasekent com '),(74,'slug',0,1,''),(74,'title',0,1,' hallahan headshot '),(75,'field',72,1,' hallahan headshot '),(75,'field',73,1,' chris s headshot '),(75,'slug',0,1,''),(76,'field',70,1,''),(76,'field',71,1,''),(76,'slug',0,1,''),(13,'field',59,1,' kent state logo kent state logo white '),(78,'field',75,1,' 330 672 3031 '),(78,'slug',0,1,''),(12,'field',59,1,''),(80,'field',76,1,' twitter '),(80,'field',77,1,' challahan '),(80,'slug',0,1,''),(12,'field',80,1,' rwd '),(80,'field',78,1,' link '),(80,'field',79,1,' https twitter com challahan '),(12,'field',81,1,' courses courses announcements announcements about about '),(81,'field',82,1,' courses '),(81,'field',83,1,' courses '),(81,'slug',0,1,''),(82,'field',82,1,' announcements '),(82,'field',83,1,' announcements '),(82,'slug',0,1,''),(83,'field',82,1,' about '),(83,'field',83,1,' about '),(83,'slug',0,1,''),(12,'field',84,1,' responsive web design logo rwd '),(84,'field',85,1,' rwd '),(84,'field',86,1,' responsive web design logo '),(84,'slug',0,1,''),(85,'field',72,1,' kent state logo white '),(85,'field',73,1,' kent state logo '),(85,'slug',0,1,''),(13,'field',66,1,' college of communication information ideabase powered by kent state students '),(13,'field',61,1,' follow rwdkent on twitter http www twitter com rwdkent view this site on github https github com ideabase responsivewebdesign '),(86,'field',62,1,' follow rwdkent on twitter '),(86,'field',63,1,' http www twitter com rwdkent '),(86,'slug',0,1,''),(87,'field',62,1,' view this site on github '),(87,'field',63,1,' https github com ideabase responsivewebdesign '),(87,'slug',0,1,''),(97,'field',59,1,' chris s headshot hallahan headshot '),(89,'field',74,1,' challahan ideabasekent com '),(89,'slug',0,1,''),(90,'field',75,1,' 330 672 3031 '),(90,'slug',0,1,''),(91,'field',76,1,' twitter '),(91,'field',77,1,' challahan '),(91,'field',79,1,' https twitter com challahan '),(91,'slug',0,1,''),(97,'field',66,1,' i work full time for kent state s college of communication information cci as a user experience designer at the college and ideabase a collaborative student run agency located in downtown kent where we conduct research design and development work for real world clients both inside and outside the university my degrees are both from kent state university a bachelor s degree 2008 in electronic media school of journalism and mass communication and master s degree 2010 in user experience design school of library information science you can learn more about me at my personal website www chrishallahan com '),(96,'slug',0,1,' fall 2018 '),(96,'title',0,1,' fall 2018 '),(94,'field',95,1,' challahan ideabasekent com '),(94,'slug',0,1,''),(98,'field',74,1,' challahan ideabasekent com '),(98,'slug',0,1,''),(99,'field',75,1,' 330 672 3031 '),(99,'slug',0,1,''),(100,'field',76,1,' twitter '),(100,'field',77,1,' challahan '),(100,'field',79,1,' https twitter com challahan '),(100,'slug',0,1,''),(101,'field',72,1,' hallahan headshot '),(101,'field',73,1,' chris s headshot '),(101,'slug',0,1,''),(97,'slug',0,1,' chris hallahan '),(97,'title',0,1,' chris hallahan '),(102,'field',100,1,' basic class '),(102,'field',101,1,' chris hallahan '),(102,'field',102,1,' fall 2018 '),(102,'field',92,1,' tuesday thursday 11 a m 12 25 p m '),(102,'field',93,1,' ideabase '),(102,'field',66,1,' in kent state university s basic responsive web design course you will learn the fundamental principles for developing standards based web sites from a mobile first and content first perspective and ensure its functionality for users in terms of both usability and performance '),(102,'slug',0,1,' test course '),(102,'title',0,1,' test course '),(103,'field',103,1,' test course '),(103,'field',66,1,' about this course responsive web design isn t just a technical solution for web design it s an entire process that brings multiple disciplines together to form one product that works across multiple devices the responsive design process includes user experience content strategy information architecture visual design development usability testing and technical testing students who will succeed in this field will need to be familiar with not just one but all of these processes while working in a team based environment in this course you will learn the fundamental principles for developing standards based web sites from a mobile first and content first perspective we will explore each aspect of an agile inspired process during which you ll learn each step of what it takes to build a website and ensure its functionality for its users in terms of both usability and performance topics just a few of the topics planned to be covered in the responsive web design course include atomic design pattern libraries and style guides sketching user research techniques rapid prototyping html css javascript modern web design workflows mobile content strategy browser testing version control paired and team coding mobile first design style tiles and web design techniques modern web layout tools prerequisites sophomore standing this course has no other prerequisites however you must be proficient in basic web and computer applications you will be expected to write html css and light javascript code familiarity with these will be helpful but is not necessary you will also be working in vector based editing tools to help prototype visual designs success in this course will depend on your willingness to try learn new skills and collaborate with others from different backgrounds to solve complex problems subject to change statement the syllabus and course schedule may be subject to change changes will be communicated via email it is the responsibility of students to check email messages and course announcements to stay current in the course course goals in this course students will apply a modern workflow to a responsive web design including competitive research techniques content development information architecture design and development gather and architect content for the web with a focus on prioritizing content for use on multiple devices rapidly prototype web design modules developing style tiles and reusable patterns for colors typography layout and user interface elements create interactive prototypes and wireframes in html css using standards compliant html and css media queries and responsive layouts test prototypes for common performance usability and web browser issues use version control to create a staging server on which websites will be hosted and updated work in a team environment collaborating with students from a variety of disciplines solve common web design problems both independently and as a group through the use of online resources books videos and fellow students learning outcomes most importantly by the end of this course students will be able to identify and write the most common html css properties with proper indentation and comments and understand how to use these properties efficiently organize and prioritize website content to fit information architecture best practices including a mobile first methodology use media queries to create a responsive html css javascript prototype that accommodates multiple screen sizes and device types speak intelligently about responsive web design and describe why it s important to future clients colleagues or employers analyze predefined requirements and constraints that a client or employer may ask of a web designer and creatively apply these to the solution critique and speak intelligently about web design in terms of content colors typography user interface elements and layout coordinate a web design project and work with other team members to build deliverables along the way understand the various roles that are essential to the web design process and appreciate the skills required for each discipline see themselves as capable and confident when working in code even if they are not primarily developers be willing to cross organizational lines and take chances be motivated to expand their knowledge of web design by following influential web designers and businesses that are currently implementing responsive design understand how the student and their current area of study fits into a web design role and their role as a communicator and expand on their current background to be able to take on future roles in interactive media understand how html css prototypes integrate into large dynamic content management systems and complex organizations develop test plans and iterate on future design and content systems after identifying usability or technical issues identify solutions to complex design development problems and use online resources to expand knowledge of html css processes course textbook and materials there are 2 required textbooks for the course one provides detailed examples and instructions for html css and the other provides more practical knowledge on web design topics html and css design and build websites by jon duckett november 2011 wiley $18 51 on amazon responsive web design by ethan marcotte second edition december 2014 a book apart $9 00 ebook or $18 00 paperback shipping this course will also make use of video tutorials from lynda com available at no charge to students taking this course as well as free online readings and videos class structure this class will be held once a week and will have both a lecture discussion and studio lab component students will be assigned readings from a variety disciplines authors and topics which will be discussed during the first half of class all students will have the opportunity to pair with a student from a different background to work on hands on examples in class each week as well as a long term project that will span the semester short homework assignments will be given throughout the semester in order to master key topics preparing for class students are expected to come to class prepared this means familiarization with the required readings or videos readiness to participate in class discussions and activities participating in class discussions and hands on activities completing assignments on time and submitting them properly to github each week course schedule this course will be divided into two parts readings lecture notes and information on preparing for class will be posted to the class website please see the detailed course schedule for specific dates times and assignments part 1 principles of responsive web design students explore the concept of responsive web design learn why it matters and will begin implementing simple html css and javascript in the browser students will read responsive web design by ethan marcotte as part of this section and will refer to the html css textbook frequently part 2 responsive design in practice students will apply competitive research findings to a content prototype collecting organizing and prioritizing the most important information students will begin an iterative design process using css where they ll begin by mocking up design components in digital style tiles and then turning those components into reusable html css pattern libraries students will learn the importance of designing a visual language for their websites using web typography colors user interface elements and layouts finally the content and design will begin to come together in the form of prototypes students will learn how prototypes are tested with usability technical and accessibility testing part 2 will end with the presentation and class critique of a website prototype and pattern library assignments student learning will be assessed through three types of work in class participation in class quizzes short assignments and a multi stage small group individual project graduate students graduate student assignments may include a more challenging component than undergraduate assignments to support advanced mastery of the subject when working in collaboration with an undergraduate student only the graduate student is required to complete this component of the assignment there are 100 total possible points for the semester in class assignments quizzes assignment points explore rwd 4 html css mini exam 10 in class participation attendance 4 in class quizzes 4 total 22 codepen challenges assignment points html basics 1 4 html basics 2 4 css basics 1 4 css basics 2 4 fonts and media queries 5 flexible boxes and layout 6 css grids 6 total 33 semester project assignments assignment points research and competitive analysis 5 content architecture and sketching 5 style prototype and mockups 6 usability and technical testing 5 html css templates patterns 15 project hub pattern library review session 5 group and self assessment 4 total 45 attendance policy we ll be covering many topics during class as well as working in groups on exercises to help you master web design techniques therefore attending each of the 15 classes is crucial i will allow two missed classes for the semester all subsequent absences will only be accepted for the following reasons sickness with medical note only athletic event with coach s note religious observation military responsibility with documentation and death in the family with documentation students who miss more than two classes without proper documentation will receive a 0 for their class participation grade for the semester if you miss class you are still responsible for contacting the instructor to see what was assigned that day as well as meeting all assignment deadlines some assignments such as in class presentations testing and quizzes require attendance in order to receive full credit for the assignment late submissions the assignments deadlines are to help you manage the workload and stay on track with the course if an assignment will be late students must contact the instructor and explain kent state accepts the following reasons for late assignments sickness with medical note athletic event with coach s note religious observation military responsibility with documentation death in the family with documentation my policy for late assignments has 3 rules late assignments will be accepted so long as you contact the instructor to indicate that it will be late and provide an explanation late assignments must be submitted within 1 week of the original due date without penalty so long as the student meets the first rule after 1 week the assignment will be marked as 0 an additional extension may be possible in exceptional circumstances with documentation this requires a face to face conversation between the student and the instructor group work this class uses team based learning for part or all of the semester students must agree to follow the group rules expectations throughout the course of the project grading final letter grades will be assigned on the basis of the following table graduate student assignments will take into account additional advanced components described within the assignment differing from undergraduate assignments letter percentage a 93% or higher a 90 92% b 87 89% b 83 86% b 80 82% c 70 79% d 60 69% f 60% hardware software although a laptop is not required if you have a laptop you are encouraged to bring it to class as it may be helpful for following along in class you ll also be viewing and testing your work on multiple devices so phones and tablets are encouraged computers will be provided for in class work but you may be asked to share with another student students will also be permitted to work on these computers outside of class when needed we will be using a variety of free and paid software programs and tools paid software may only be used on university owned computers and will be provided at no charge if you would like to use paid software on your personal computer you will need to purchase a license software programs and tools to be used in the course include sketch illustrator atom github web browsers and google drive communicating with the instructor my office hours for this semester are tuesdays 4 30 5 30 p m thursdays 4 00 5 00 p m email my email address is email protected here is my email policy i will usually respond within 24 hours during the week mon fri do not expect an immediate response i typically check email in the afternoons or evenings not in the mornings i may not respond to email on weekends university policies and procedures the following policies and procedures apply to students enrolled at kent state university for a complete listing of university policies please visit the policy register page on the kent state university website course enrollment and withdrawal university policy requires all students to be officially registered in each class they are attending students who are not officially registered for a course by published deadlines should not be attending classes and will not receive credit or a grade for the course each student must confirm enrollment by checking his her class schedule using student tools in flashfast prior to the deadline indicated registration errors must be corrected prior to the deadline every class has its own schedule of deadlines and considerations to view the add drop schedule and other important dates for this class click the crn link next to each course on view or print course schedule and purchase textbooks or click the green clock from add or drop a course from the student category resources page courses and registration section in flashline to access course deadlines incomplete grades the administrative mark of in incomplete may be given to students who are unable to complete the work due to extenuating circumstances to be eligible undergraduate students must be currently passing and have completed at least 12 weeks of the semester graduate students must be currently earning a c or better grade and are unable to complete the required work between the course withdrawal deadline and the end of classes the time line shall be adjusted appropriate for summer sessions and flexibly scheduled courses appropriate documentation is generally required to support the extenuating circumstance the student must initiate the request for the incomplete mark from the instructor and it is the responsibility of the student to arrange to make up the incomplete work incomplete grades must be made up within one semester not including summer sessions for undergraduate students and one calendar year for graduate students unless the course is completed or an extension is granted incomplete grades will automatically lapse to the grade designated on the incomplete mark form at the end of one semester for undergraduate students and at the end of one year for graduate students university use of electronic mail a university assigned student email account shall be an official university means of communication with all students at kent state university students are responsible for all information sent to them via their university assigned email account if a student chooses to forward information in their university email account he or she is responsible for all information including attachments sent to any other email account to stay current with university information students are expected to check their official university email account and other electronic communications on a frequent and consistent basis recognizing that some communications may be time critical the university recommends that electronic communications be checked minimally twice a week plagiarism and academic integrity students enrolled in the university at all its campuses are to perform their academic work according to standards set by faculty members departments schools and colleges of the university and cheating and plagiarism constitute fraudulent misrepresentation for which no credit can be given and for which appropriate sanctions are warranted and will be applied for more information http www kent edu plagiarism students with disabilities university policy 3342 3 01 3 requires that students with disabilities be provided reasonable accommodations to ensure their equal access to course content if you have a documented disability and require accommodations please contact the instructor at the beginning of the semester to make arrangements for necessary classroom adjustments please note you must first verify your eligibility for these through student accessibility services contact 330 672 3391 or visit www kent edu sas for more information on registration procedures student survey of instruction evaluation it is a standard practice of kent state university to distribute and administer to the learners a confidential and anonymous questionnaire at the completion of the course the results will be forwarded to the instructor only at the completion of the class and the submission of all grades the instructor will then incorporate the feedback received in future course offerings and in his continual improvement of the course please candidly and honestly describe your opinions of the strengths and weakness you experienced as a learner in the course notice of my copyright and intellectual property rights any intellectual property displayed or distributed to students during this course including but not limited to powerpoints notes quizzes examinations by the professor lecturer instructor remains the intellectual property of the professor lecturer instructor this means that the student may not distribute publish or provide such intellectual property to any other person or entity for any reason commercial or otherwise without the express written permission of the professor lecturer instructor '),(103,'slug',0,1,' test syllabus '),(103,'title',0,1,' syllabus test course '),(103,'field',104,1,' responsive web design isn t just a technical solution for web design it s an entire process that brings multiple disciplines together to form one product that works across multiple devices the responsive design process includes user experience content strategy information architecture visual design development usability testing and technical testing students who will succeed in this field will need to be familiar with not just one but all of these processes while working in a team based environment in this course you will learn the fundamental principles for developing standards based web sites from a mobile first and content first perspective we will explore each aspect of an agile inspired process during which you ll learn each step of what it takes to build a website and ensure its functionality for its users in terms of both usability and performance just a few of the topics planned to be covered in the responsive web design course include topics atomic design pattern libraries and style guides sketching user research techniques rapid prototyping html css javascript modern web design workflows mobile content strategy browser testing version control paired and team coding mobile first design style tiles and web design techniques modern web layout tools sophomore standing this course has no other prerequisites however you must be proficient in basic web and computer applications you will be expected to write html css and light javascript code familiarity with these will be helpful but is not necessary you will also be working in vector based editing tools to help prototype visual designs success in this course will depend on your willingness to try learn new skills and collaborate with others from different backgrounds to solve complex problems the syllabus and course schedule may be subject to change changes will be communicated via email it is the responsibility of students to check email messages and course announcements to stay current in the course in this course students will apply a modern workflow to a responsive web design including competitive research techniques content development information architecture design and development gather and architect content for the web with a focus on prioritizing content for use on multiple devices rapidly prototype web design modules developing style tiles and reusable patterns for colors typography layout and user interface elements create interactive prototypes and wireframes in html css using standards compliant html and css media queries and responsive layouts test prototypes for common performance usability and web browser issues use version control to create a staging server on which websites will be hosted and updated work in a team environment collaborating with students from a variety of disciplines solve common web design problems both independently and as a group through the use of online resources books videos and fellow students most importantly by the end of this course students will be able to identify and write the most common html css properties with proper indentation and comments and understand how to use these properties efficiently organize and prioritize website content to fit information architecture best practices including a mobile first methodology use media queries to create a responsive html css javascript prototype that accommodates multiple screen sizes and device types speak intelligently about responsive web design and describe why it s important to future clients colleagues or employers analyze predefined requirements and constraints that a client or employer may ask of a web designer and creatively apply these to the solution critique and speak intelligently about web design in terms of content colors typography user interface elements and layout coordinate a web design project and work with other team members to build deliverables along the way understand the various roles that are essential to the web design process and appreciate the skills required for each discipline see themselves as capable and confident when working in code even if they are not primarily developers be willing to cross organizational lines and take chances be motivated to expand their knowledge of web design by following influential web designers and businesses that are currently implementing responsive design understand how the student and their current area of study fits into a web design role and their role as a communicator and expand on their current background to be able to take on future roles in interactive media understand how html css prototypes integrate into large dynamic content management systems and complex organizations develop test plans and iterate on future design and content systems after identifying usability or technical issues identify solutions to complex design development problems and use online resources to expand knowledge of html css processes there are 2 required textbooks for the course one provides detailed examples and instructions for html css and the other provides more practical knowledge on web design topics html and css design and build websites by jon duckett november 2011 wiley $18 51 on amazon responsive web design by ethan marcotte second edition december 2014 a book apart $9 00 ebook or $18 00 paperback shipping this course will also make use of video tutorials from lynda com available at no charge to students taking this course as well as free online readings and videos this class will be held once a week and will have both a lecture discussion and studio lab component students will be assigned readings from a variety disciplines authors and topics which will be discussed during the first half of class all students will have the opportunity to pair with a student from a different background to work on hands on examples in class each week as well as a long term project that will span the semester short homework assignments will be given throughout the semester in order to master key topics students are expected to come to class prepared this means familiarization with the required readings or videos readiness to participate in class discussions and activities participating in class discussions and hands on activities completing assignments on time and submitting them properly to github each week this course will be divided into two parts readings lecture notes and information on preparing for class will be posted to the class website please see the detailed course schedule for specific dates times and assignments part 1 principles of responsive web design students explore the concept of responsive web design learn why it matters and will begin implementing simple html css and javascript in the browser students will read responsive web design by ethan marcotte as part of this section and will refer to the html css textbook frequently part 2 responsive design in practice students will apply competitive research findings to a content prototype collecting organizing and prioritizing the most important information students will begin an iterative design process using css where they ll begin by mocking up design components in digital style tiles and then turning those components into reusable html css pattern libraries students will learn the importance of designing a visual language for their websites using web typography colors user interface elements and layouts finally the content and design will begin to come together in the form of prototypes students will learn how prototypes are tested with usability technical and accessibility testing part 2 will end with the presentation and class critique of a website prototype and pattern library we ll be covering many topics during class as well as working in groups on exercises to help you master web design techniques therefore attending each of the 15 classes is crucial i will allow two missed classes for the semester all subsequent absences will only be accepted for the following reasons sickness with medical note only athletic event with coach s note religious observation military responsibility with documentation and death in the family with documentation students who miss more than two classes without proper documentation will receive a 0 for their class participation grade for the semester if you miss class you are still responsible for contacting the instructor to see what was assigned that day as well as meeting all assignment deadlines some assignments such as in class presentations testing and quizzes require attendance in order to receive full credit for the assignment the assignments deadlines are to help you manage the workload and stay on track with the course if an assignment will be late students must contact the instructor and explain kent state accepts the following reasons for late assignments sickness with medical note athletic event with coach s note religious observation military responsibility with documentation death in the family with documentation my policy for late assignments has 3 rules late assignments will be accepted so long as you contact the instructor to indicate that it will be late and provide an explanation late assignments must be submitted within 1 week of the original due date without penalty so long as the student meets the first rule after 1 week the assignment will be marked as 0 an additional extension may be possible in exceptional circumstances with documentation this requires a face to face conversation between the student and the instructor this class uses team based learning for part or all of the semester students must agree to follow the group rules expectations throughout the course of the project final letter grades will be assigned on the basis of the following table graduate student assignments will take into account additional advanced components described within the assignment differing from undergraduate assignments letter percentage a 93% or higher a 90 92% b 87 89% b 83 86% b 80 82% c 70 79% d 60 69% f 60% although a laptop is not required if you have a laptop you are encouraged to bring it to class as it may be helpful for following along in class you ll also be viewing and testing your work on multiple devices so phones and tablets are encouraged computers will be provided for in class work but you may be asked to share with another student students will also be permitted to work on these computers outside of class when needed we will be using a variety of free and paid software programs and tools paid software may only be used on university owned computers and will be provided at no charge if you would like to use paid software on your personal computer you will need to purchase a license software programs and tools to be used in the course include sketch illustrator atom github web browsers and google drive my office hours for this semester are tuesdays 4 30 5 30 p m thursdays 4 00 5 00 p m email my email address is challahan ideabasekent com here is my email policy i will usually respond within 24 hours during the week mon fri do not expect an immediate response i typically check email in the afternoons or evenings not in the mornings i may not respond to email on weekends the following policies and procedures apply to students enrolled at kent state university for a complete listing of university policies please visit the policy register page on the kent state university website course enrollment and withdrawal university policy requires all students to be officially registered in each class they are attending students who are not officially registered for a course by published deadlines should not be attending classes and will not receive credit or a grade for the course each student must confirm enrollment by checking his her class schedule using student tools in flashfast prior to the deadline indicated registration errors must be corrected prior to the deadline every class has its own schedule of deadlines and considerations to view the add drop schedule and other important dates for this class click the crn link next to each course on view or print course schedule and purchase textbooks or click the green clock from add or drop a course from the student category resources page courses and registration section in flashline to access course deadlines incomplete grades the administrative mark of in incomplete may be given to students who are unable to complete the work due to extenuating circumstances to be eligible undergraduate students must be currently passing and have completed at least 12 weeks of the semester graduate students must be currently earning a c or better grade and are unable to complete the required work between the course withdrawal deadline and the end of classes the time line shall be adjusted appropriate for summer sessions and flexibly scheduled courses appropriate documentation is generally required to support the extenuating circumstance the student must initiate the request for the incomplete mark from the instructor and it is the responsibility of the student to arrange to make up the incomplete work incomplete grades must be made up within one semester not including summer sessions for undergraduate students and one calendar year for graduate students unless the course is completed or an extension is granted incomplete grades will automatically lapse to the grade designated on the incomplete mark form at the end of one semester for undergraduate students and at the end of one year for graduate students university use of electronic mail a university assigned student email account shall be an official university means of communication with all students at kent state university students are responsible for all information sent to them via their university assigned email account if a student chooses to forward information in their university email account he or she is responsible for all information including attachments sent to any other email account to stay current with university information students are expected to check their official university email account and other electronic communications on a frequent and consistent basis recognizing that some communications may be time critical the university recommends that electronic communications be checked minimally twice a week plagiarism and academic integrity students enrolled in the university at all its campuses are to perform their academic work according to standards set by faculty members departments schools and colleges of the university and cheating and plagiarism constitute fraudulent misrepresentation for which no credit can be given and for which appropriate sanctions are warranted and will be applied for more information http www kent edu plagiarism students with disabilities university policy 3342 3 01 3 requires that students with disabilities be provided reasonable accommodations to ensure their equal access to course content if you have a documented disability and require accommodations please contact the instructor at the beginning of the semester to make arrangements for necessary classroom adjustments please note you must first verify your eligibility for these through student accessibility services contact 330 672 3391 or visit www kent edu sas for more information on registration procedures student survey of instruction evaluation it is a standard practice of kent state university to distribute and administer to the learners a confidential and anonymous questionnaire at the completion of the course the results will be forwarded to the instructor only at the completion of the class and the submission of all grades the instructor will then incorporate the feedback received in future course offerings and in his continual improvement of the course please candidly and honestly describe your opinions of the strengths and weakness you experienced as a learner in the course notice of my copyright and intellectual property rights any intellectual property displayed or distributed to students during this course including but not limited to powerpoints notes quizzes examinations by the professor lecturer instructor remains the intellectual property of the professor lecturer instructor this means that the student may not distribute publish or provide such intellectual property to any other person or entity for any reason commercial or otherwise without the express written permission of the professor lecturer instructor '),(104,'field',105,1,' responsive web design isn t just a technical solution for web design it s an entire process that brings multiple disciplines together to form one product that works across multiple devices the responsive design process includes user experience content strategy information architecture visual design development usability testing and technical testing students who will succeed in this field will need to be familiar with not just one but all of these processes while working in a team based environment in this course you will learn the fundamental principles for developing standards based web sites from a mobile first and content first perspective we will explore each aspect of an agile inspired process during which you ll learn each step of what it takes to build a website and ensure its functionality for its users in terms of both usability and performance just a few of the topics planned to be covered in the responsive web design course include topics atomic design pattern libraries and style guides sketching user research techniques rapid prototyping html css javascript modern web design workflows mobile content strategy browser testing version control paired and team coding mobile first design style tiles and web design techniques modern web layout tools '),(104,'slug',0,1,''),(105,'field',106,1,' sophomore standing this course has no other prerequisites however you must be proficient in basic web and computer applications you will be expected to write html css and light javascript code familiarity with these will be helpful but is not necessary you will also be working in vector based editing tools to help prototype visual designs success in this course will depend on your willingness to try learn new skills and collaborate with others from different backgrounds to solve complex problems '),(105,'slug',0,1,''),(106,'field',107,1,' the syllabus and course schedule may be subject to change changes will be communicated via email it is the responsibility of students to check email messages and course announcements to stay current in the course '),(106,'slug',0,1,''),(107,'field',108,1,' in this course students will apply a modern workflow to a responsive web design including competitive research techniques content development information architecture design and development gather and architect content for the web with a focus on prioritizing content for use on multiple devices rapidly prototype web design modules developing style tiles and reusable patterns for colors typography layout and user interface elements create interactive prototypes and wireframes in html css using standards compliant html and css media queries and responsive layouts test prototypes for common performance usability and web browser issues use version control to create a staging server on which websites will be hosted and updated work in a team environment collaborating with students from a variety of disciplines solve common web design problems both independently and as a group through the use of online resources books videos and fellow students '),(107,'slug',0,1,''),(108,'field',109,1,' most importantly by the end of this course students will be able to identify and write the most common html css properties with proper indentation and comments and understand how to use these properties efficiently organize and prioritize website content to fit information architecture best practices including a mobile first methodology use media queries to create a responsive html css javascript prototype that accommodates multiple screen sizes and device types speak intelligently about responsive web design and describe why it s important to future clients colleagues or employers analyze predefined requirements and constraints that a client or employer may ask of a web designer and creatively apply these to the solution critique and speak intelligently about web design in terms of content colors typography user interface elements and layout coordinate a web design project and work with other team members to build deliverables along the way understand the various roles that are essential to the web design process and appreciate the skills required for each discipline see themselves as capable and confident when working in code even if they are not primarily developers be willing to cross organizational lines and take chances be motivated to expand their knowledge of web design by following influential web designers and businesses that are currently implementing responsive design understand how the student and their current area of study fits into a web design role and their role as a communicator and expand on their current background to be able to take on future roles in interactive media understand how html css prototypes integrate into large dynamic content management systems and complex organizations develop test plans and iterate on future design and content systems after identifying usability or technical issues identify solutions to complex design development problems and use online resources to expand knowledge of html css processes '),(108,'slug',0,1,''),(109,'field',110,1,' there are 2 required textbooks for the course one provides detailed examples and instructions for html css and the other provides more practical knowledge on web design topics html and css design and build websites by jon duckett november 2011 wiley $18 51 on amazon responsive web design by ethan marcotte second edition december 2014 a book apart $9 00 ebook or $18 00 paperback shipping this course will also make use of video tutorials from lynda com available at no charge to students taking this course as well as free online readings and videos '),(109,'slug',0,1,''),(110,'field',111,1,' this class will be held once a week and will have both a lecture discussion and studio lab component students will be assigned readings from a variety disciplines authors and topics which will be discussed during the first half of class all students will have the opportunity to pair with a student from a different background to work on hands on examples in class each week as well as a long term project that will span the semester short homework assignments will be given throughout the semester in order to master key topics '),(110,'slug',0,1,''),(111,'field',112,1,' students are expected to come to class prepared this means familiarization with the required readings or videos readiness to participate in class discussions and activities participating in class discussions and hands on activities completing assignments on time and submitting them properly to github each week '),(111,'slug',0,1,''),(112,'field',113,1,' this course will be divided into two parts readings lecture notes and information on preparing for class will be posted to the class website please see the detailed course schedule for specific dates times and assignments part 1 principles of responsive web design students explore the concept of responsive web design learn why it matters and will begin implementing simple html css and javascript in the browser students will read responsive web design by ethan marcotte as part of this section and will refer to the html css textbook frequently part 2 responsive design in practice students will apply competitive research findings to a content prototype collecting organizing and prioritizing the most important information students will begin an iterative design process using css where they ll begin by mocking up design components in digital style tiles and then turning those components into reusable html css pattern libraries students will learn the importance of designing a visual language for their websites using web typography colors user interface elements and layouts finally the content and design will begin to come together in the form of prototypes students will learn how prototypes are tested with usability technical and accessibility testing part 2 will end with the presentation and class critique of a website prototype and pattern library '),(112,'slug',0,1,''),(113,'slug',0,1,''),(114,'field',114,1,' we ll be covering many topics during class as well as working in groups on exercises to help you master web design techniques therefore attending each of the 15 classes is crucial i will allow two missed classes for the semester all subsequent absences will only be accepted for the following reasons sickness with medical note only athletic event with coach s note religious observation military responsibility with documentation and death in the family with documentation students who miss more than two classes without proper documentation will receive a 0 for their class participation grade for the semester if you miss class you are still responsible for contacting the instructor to see what was assigned that day as well as meeting all assignment deadlines some assignments such as in class presentations testing and quizzes require attendance in order to receive full credit for the assignment '),(114,'slug',0,1,''),(115,'field',115,1,' the assignments deadlines are to help you manage the workload and stay on track with the course if an assignment will be late students must contact the instructor and explain kent state accepts the following reasons for late assignments sickness with medical note athletic event with coach s note religious observation military responsibility with documentation death in the family with documentation my policy for late assignments has 3 rules late assignments will be accepted so long as you contact the instructor to indicate that it will be late and provide an explanation late assignments must be submitted within 1 week of the original due date without penalty so long as the student meets the first rule after 1 week the assignment will be marked as 0 an additional extension may be possible in exceptional circumstances with documentation this requires a face to face conversation between the student and the instructor '),(115,'slug',0,1,''),(116,'field',116,1,' this class uses team based learning for part or all of the semester students must agree to follow the group rules expectations throughout the course of the project '),(116,'slug',0,1,''),(117,'field',117,1,' final letter grades will be assigned on the basis of the following table graduate student assignments will take into account additional advanced components described within the assignment differing from undergraduate assignments letter percentage a 93% or higher a 90 92% b 87 89% b 83 86% b 80 82% c 70 79% d 60 69% f 60% '),(117,'slug',0,1,''),(119,'field',118,1,' although a laptop is not required if you have a laptop you are encouraged to bring it to class as it may be helpful for following along in class you ll also be viewing and testing your work on multiple devices so phones and tablets are encouraged computers will be provided for in class work but you may be asked to share with another student students will also be permitted to work on these computers outside of class when needed we will be using a variety of free and paid software programs and tools paid software may only be used on university owned computers and will be provided at no charge if you would like to use paid software on your personal computer you will need to purchase a license software programs and tools to be used in the course include sketch illustrator atom github web browsers and google drive '),(119,'slug',0,1,''),(120,'field',119,1,' my office hours for this semester are tuesdays 4 30 5 30 p m thursdays 4 00 5 00 p m email my email address is challahan ideabasekent com here is my email policy i will usually respond within 24 hours during the week mon fri do not expect an immediate response i typically check email in the afternoons or evenings not in the mornings i may not respond to email on weekends '),(120,'slug',0,1,''),(121,'field',120,1,' the following policies and procedures apply to students enrolled at kent state university for a complete listing of university policies please visit the policy register page on the kent state university website course enrollment and withdrawal university policy requires all students to be officially registered in each class they are attending students who are not officially registered for a course by published deadlines should not be attending classes and will not receive credit or a grade for the course each student must confirm enrollment by checking his her class schedule using student tools in flashfast prior to the deadline indicated registration errors must be corrected prior to the deadline every class has its own schedule of deadlines and considerations to view the add drop schedule and other important dates for this class click the crn link next to each course on view or print course schedule and purchase textbooks or click the green clock from add or drop a course from the student category resources page courses and registration section in flashline to access course deadlines incomplete grades the administrative mark of in incomplete may be given to students who are unable to complete the work due to extenuating circumstances to be eligible undergraduate students must be currently passing and have completed at least 12 weeks of the semester graduate students must be currently earning a c or better grade and are unable to complete the required work between the course withdrawal deadline and the end of classes the time line shall be adjusted appropriate for summer sessions and flexibly scheduled courses appropriate documentation is generally required to support the extenuating circumstance the student must initiate the request for the incomplete mark from the instructor and it is the responsibility of the student to arrange to make up the incomplete work incomplete grades must be made up within one semester not including summer sessions for undergraduate students and one calendar year for graduate students unless the course is completed or an extension is granted incomplete grades will automatically lapse to the grade designated on the incomplete mark form at the end of one semester for undergraduate students and at the end of one year for graduate students university use of electronic mail a university assigned student email account shall be an official university means of communication with all students at kent state university students are responsible for all information sent to them via their university assigned email account if a student chooses to forward information in their university email account he or she is responsible for all information including attachments sent to any other email account to stay current with university information students are expected to check their official university email account and other electronic communications on a frequent and consistent basis recognizing that some communications may be time critical the university recommends that electronic communications be checked minimally twice a week plagiarism and academic integrity students enrolled in the university at all its campuses are to perform their academic work according to standards set by faculty members departments schools and colleges of the university and cheating and plagiarism constitute fraudulent misrepresentation for which no credit can be given and for which appropriate sanctions are warranted and will be applied for more information http www kent edu plagiarism students with disabilities university policy 3342 3 01 3 requires that students with disabilities be provided reasonable accommodations to ensure their equal access to course content if you have a documented disability and require accommodations please contact the instructor at the beginning of the semester to make arrangements for necessary classroom adjustments please note you must first verify your eligibility for these through student accessibility services contact 330 672 3391 or visit www kent edu sas for more information on registration procedures student survey of instruction evaluation it is a standard practice of kent state university to distribute and administer to the learners a confidential and anonymous questionnaire at the completion of the course the results will be forwarded to the instructor only at the completion of the class and the submission of all grades the instructor will then incorporate the feedback received in future course offerings and in his continual improvement of the course please candidly and honestly describe your opinions of the strengths and weakness you experienced as a learner in the course notice of my copyright and intellectual property rights any intellectual property displayed or distributed to students during this course including but not limited to powerpoints notes quizzes examinations by the professor lecturer instructor remains the intellectual property of the professor lecturer instructor this means that the student may not distribute publish or provide such intellectual property to any other person or entity for any reason commercial or otherwise without the express written permission of the professor lecturer instructor '),(121,'slug',0,1,''),(32,'field',122,1,' ideabase east main street kent oh '),(69,'field',101,1,' chris hallahan '),(138,'field',58,1,' latest posts '),(122,'field',128,1,' all hope you all had a great weekend i wanted to remind you that i m offering 1 1 help and open office hours today monday from 3 p m 5 p m at ideabase '),(124,'slug',0,1,''),(125,'field',124,1,' remaining assignments deliverables here are the remaining items you ll need to turn in for the semester testing and testing results 5 pts we did technical accessibility and usability testing in class last week you should have turned in the link to the google sheet via blackboard '),(125,'slug',0,1,''),(126,'field',125,1,' view testing assignment '),(126,'field',126,1,' https rwdkent com assignments testing '),(126,'slug',0,1,''),(127,'slug',0,1,''),(128,'field',124,1,' dec 12 at 5 30 p m final templates prototypes 15 pts your 3 final prototypes should be completed and online via github before the final class your prototypes should be linked together so we can navigate them like a real site but also linked from your project hub page you ll turn in the link to your final prototype via blackboard for grading on dec 12 '),(128,'slug',0,1,''),(129,'field',125,1,' view templates prototypes assignment '),(129,'field',126,1,' https rwdkent com assignments templates '),(129,'slug',0,1,''),(130,'slug',0,1,''),(131,'field',124,1,' dec 12 at 5 30 p m project hub pattern library review session 5 pts this is the final 10 15 minute presentation that you ll conduct on tuesday of finals week same as class time 5 30 p m during this time you ll demo all of your deliverables via your project hub page the class will also use your website on multiple devices and give you feedback by completing a short survey for each presentation this also includes a demo of a small pattern library showing 5 of your most common patterns used on the site please follow the instructions on the website there is nothing to turn in on blackboard for this part here are some guidelines for your sharing sessions should last about 10 15 minutes these can be fairly informal bring up prototypes on multiple devices to pass around bring up your project hub brief history of project goals process etc show templates and implementation at different breakpoints show main components in pattern library discuss next steps get feedback and questions from class client during each presentation each class member and instructor will use their own devices to submit an evaluation of the final project '),(131,'slug',0,1,''),(132,'field',125,1,' view project hub review session assignment '),(132,'field',126,1,' https rwdkent com assignments timeline presentation '),(132,'slug',0,1,''),(133,'slug',0,1,''),(134,'field',124,1,' self group assessment after tuesday you ll still need to submit a separate survey that evaluates your individual and team performance please wait until you ve submitted your projects before taking the survey this is the last assignment you ll submit for rwd '),(134,'slug',0,1,''),(135,'field',125,1,' access the group self assessment '),(135,'field',126,1,' https rwdkent com assignments assessment '),(135,'slug',0,1,''),(136,'slug',0,1,''),(137,'field',124,1,' please email me if you have any questions and i ll see everyone on tuesday for the final class '),(137,'slug',0,1,''),(138,'slug',0,1,' announcements homepage '),(138,'title',0,1,' announcements homepage '),(138,'field',66,1,' in our announcements we talk about the process of creating a new responsive web design course announcements will also contain recaps of our individual class sessions you can get more updates by following rwdkent on twitter '),(138,'field',57,1,' announcements '),(139,'slug',0,1,' courses homepage '),(139,'title',0,1,' courses homepage '),(139,'field',57,1,' courses '),(122,'field',103,1,' test course '),(140,'slug',0,1,' test course '),(140,'title',0,1,' calendar test course '),(140,'field',103,1,' test course '),(141,'slug',0,1,' calendar homepage '),(141,'title',0,1,' calendars homepage '),(141,'field',66,1,''),(141,'field',58,1,' course calendars are listed below the dates and plans are subject to change i ll notify you of any modifications during class or via email '),(141,'field',57,1,' calendars '),(142,'field',57,1,''),(142,'slug',0,1,' part 1 principles of responsive web design '),(142,'title',0,1,' part 1 principles of responsive web design '),(143,'slug',0,1,' part 2 responsive design in practice '),(143,'title',0,1,' part 2 responsive design in practice '),(144,'slug',0,1,' final projects '),(144,'title',0,1,' final projects '),(145,'field',103,1,' test course '),(145,'field',132,1,' part 1 principles of responsive web design '),(145,'field',129,1,''),(145,'field',66,1,' brief history of web design video web standards and why responsive design is important mac boot camp introductory class survey '),(145,'field',130,1,''),(145,'field',131,1,''),(145,'slug',0,1,' class 1 introduction and rwd principles '),(145,'title',0,1,' class 1 introduction and rwd principles '),(142,'field',133,1,' calendar test course '),(143,'field',133,1,' calendar test course '),(144,'field',133,1,' calendar test course ');
/*!40000 ALTER TABLE `craft_searchindex` ENABLE KEYS */;
UNLOCK TABLES;
commit;

--
-- Dumping data for table `craft_sections`
--

LOCK TABLES `craft_sections` WRITE;
/*!40000 ALTER TABLE `craft_sections` DISABLE KEYS */;
set autocommit=0;
INSERT INTO `craft_sections` VALUES (1,NULL,'Homepage','home','single',1,1,'2018-05-02 20:42:28','2018-08-07 15:48:24','aac398bd-73a6-415d-ac5b-b04babbd68c5'),(22,NULL,'About','about','single',1,1,'2018-08-07 15:54:41','2018-08-07 15:54:41','32913675-665f-47fc-98f0-00b6bcac279f'),(27,NULL,'Syllabi','syllabi','channel',1,1,'2018-08-13 16:47:59','2018-08-13 16:47:59','6affde11-8faf-471a-aa09-f3780e4afc7a'),(28,NULL,'Announcements','announcements','channel',1,1,'2018-08-13 16:48:20','2018-08-13 16:48:20','033c2a04-a8b0-49b7-b44b-a9ebd82ea06b'),(29,NULL,'Courses','courses','channel',1,1,'2018-08-13 16:48:45','2018-08-13 16:48:45','b98344e5-500d-4807-8f40-ab8a511685c4'),(30,NULL,'Assignments','assignments','channel',1,1,'2018-08-13 16:49:10','2018-08-13 16:49:10','18e08c21-0377-4115-b0ce-2b41c11b82cb'),(31,NULL,'Calendars','calendars','channel',1,1,'2018-08-13 16:50:27','2018-08-20 17:51:25','e35f4fc2-9391-4807-aa59-c39b3c4a0301'),(32,NULL,'Teams','teams','channel',1,1,'2018-08-13 16:50:35','2018-08-13 16:50:35','cf83633b-4940-4ced-9a89-d08e13a22725'),(33,NULL,'Instructors','instructors','channel',1,1,'2018-08-13 16:50:46','2018-08-13 16:50:46','378c787c-076a-4671-a12f-d543a6578a71'),(34,NULL,'Team Projects','teamProjects','channel',1,1,'2018-08-13 16:54:15','2018-08-13 16:54:15','e11679a8-7428-436f-b6ae-a6aedecf90cb'),(35,NULL,'Announcements Homepage','announcementsHomepage','single',1,1,'2018-08-14 20:02:58','2018-08-14 20:02:58','a3dcf767-81c4-4856-b101-c7c6bd26718f'),(36,NULL,'Courses Homepage','coursesHomepage','single',1,1,'2018-08-14 20:06:32','2018-08-14 20:06:32','dcbd3839-24c7-4f82-9461-8928736fc81c'),(37,NULL,'Calendars Homepage','calendarsHomepage','single',1,1,'2018-08-20 16:26:54','2018-08-20 17:51:41','c54b57fd-ad2d-41d6-82d0-259dd46cde29'),(38,NULL,'Calendar Events','calendarEvents','channel',1,1,'2018-08-20 17:56:33','2018-08-20 17:56:33','263c5456-e33c-47e1-8f70-509ec1e5dcbc');
/*!40000 ALTER TABLE `craft_sections` ENABLE KEYS */;
UNLOCK TABLES;
commit;

--
-- Dumping data for table `craft_sections_sites`
--

LOCK TABLES `craft_sections_sites` WRITE;
/*!40000 ALTER TABLE `craft_sections_sites` DISABLE KEYS */;
set autocommit=0;
INSERT INTO `craft_sections_sites` VALUES (1,1,1,1,'__home__','index',1,'2018-05-02 20:42:28','2018-08-07 15:48:24','decee477-7061-404c-a54e-e1100b3772c4'),(22,22,1,1,'about','about',1,'2018-08-07 15:54:41','2018-08-07 15:54:41','ff581cff-c2a7-410b-b6a0-7c69bcbeb2e7'),(27,27,1,1,'syllabi/{slug}','syllabi/_entry',1,'2018-08-13 16:47:59','2018-08-13 16:47:59','d185cc3d-a874-4816-8536-e9884e946ecd'),(28,28,1,1,'announcements/{slug}','announcements/_entry',1,'2018-08-13 16:48:20','2018-08-13 16:48:20','9b5f5bfb-f6b1-4e6a-ba36-2ded906abca5'),(29,29,1,1,'courses/{slug}','courses/_entry',1,'2018-08-13 16:48:45','2018-08-13 16:48:45','c65fe3f0-0348-41a2-b4d2-b33d97cf8047'),(30,30,1,1,'assignments/{slug}','assignments/_entry',1,'2018-08-13 16:49:10','2018-08-13 16:49:10','c43f8a32-8c60-4cf0-baa9-8276eaa80f84'),(31,31,1,1,'calendars/{slug}','calendars/_entry',1,'2018-08-13 16:50:27','2018-08-20 17:51:25','468b970d-57ba-4625-8f0a-2c7fe449517f'),(32,32,1,1,'teams/{slug}','teams/_entry',1,'2018-08-13 16:50:35','2018-08-13 16:50:35','91e0bac2-d8ae-4b9f-b3bd-a50ddecf45fd'),(33,33,1,1,'instructors/{slug}','instructors/_entry',1,'2018-08-13 16:50:46','2018-08-13 16:50:46','8f58a27a-f33e-4439-ad32-f5fd2f8863b6'),(34,34,1,1,'team-projects/{slug}','team-projects/_entry',1,'2018-08-13 16:54:15','2018-08-13 16:54:15','26c80d93-f755-444c-a70b-14f953423625'),(35,35,1,1,'announcements','announcements/index',1,'2018-08-14 20:02:58','2018-08-14 20:02:58','f3ec92df-9e62-4c10-802c-0c5dcb16f49d'),(36,36,1,1,'courses','courses/index',1,'2018-08-14 20:06:32','2018-08-14 20:06:32','b039f9e2-1a2d-4694-a47c-a461dabf571c'),(37,37,1,1,'calendars','calendars/index',1,'2018-08-20 16:26:54','2018-08-20 17:51:41','0e762115-7db9-48d3-a31b-61b58f0bdbbd'),(38,38,1,1,'calendar-events/{slug}','calendar-events/_entry',1,'2018-08-20 17:56:33','2018-08-20 17:56:33','207e8808-0c63-4d2c-8979-eb40f61e23ac');
/*!40000 ALTER TABLE `craft_sections_sites` ENABLE KEYS */;
UNLOCK TABLES;
commit;

--
-- Dumping data for table `craft_shunnedmessages`
--

LOCK TABLES `craft_shunnedmessages` WRITE;
/*!40000 ALTER TABLE `craft_shunnedmessages` DISABLE KEYS */;
set autocommit=0;
/*!40000 ALTER TABLE `craft_shunnedmessages` ENABLE KEYS */;
UNLOCK TABLES;
commit;

--
-- Dumping data for table `craft_sitegroups`
--

LOCK TABLES `craft_sitegroups` WRITE;
/*!40000 ALTER TABLE `craft_sitegroups` DISABLE KEYS */;
set autocommit=0;
INSERT INTO `craft_sitegroups` VALUES (1,'IdeaBase Starter Kit','2018-05-02 20:31:26','2018-05-02 20:31:26','5f0f2a75-84ba-4564-8fdc-fe4b334a264f');
/*!40000 ALTER TABLE `craft_sitegroups` ENABLE KEYS */;
UNLOCK TABLES;
commit;

--
-- Dumping data for table `craft_sites`
--

LOCK TABLES `craft_sites` WRITE;
/*!40000 ALTER TABLE `craft_sites` DISABLE KEYS */;
set autocommit=0;
INSERT INTO `craft_sites` VALUES (1,1,1,'IdeaBase Starter Kit','default','en-US',1,'@web/',1,'2018-05-02 20:31:26','2018-05-02 20:31:26','8d38eac1-e5ec-4b1e-8816-dbec410c110d');
/*!40000 ALTER TABLE `craft_sites` ENABLE KEYS */;
UNLOCK TABLES;
commit;

--
-- Dumping data for table `craft_structureelements`
--

LOCK TABLES `craft_structureelements` WRITE;
/*!40000 ALTER TABLE `craft_structureelements` DISABLE KEYS */;
set autocommit=0;
INSERT INTO `craft_structureelements` VALUES (1,4,NULL,1,1,8,0,'2018-07-19 17:43:54','2018-08-13 16:55:59','6d8a5655-6c84-4831-b2d9-d2e99cd096fa'),(2,4,26,1,2,3,1,'2018-07-19 17:43:54','2018-07-19 17:43:54','e2adebf5-360b-4de2-b62c-f719bbbdc628'),(3,4,27,1,4,5,1,'2018-07-19 17:44:07','2018-07-19 17:44:07','e7045d30-15b2-4724-92ce-4660422eb962'),(4,4,28,1,6,7,1,'2018-07-19 17:44:29','2018-07-19 17:44:29','0503658f-502b-4848-aeed-6e2d1f214de5'),(6,1,NULL,6,1,6,0,'2018-07-19 17:45:12','2018-07-19 17:45:22','02651000-6ed5-4dd7-9056-2aa109e15e79'),(7,1,30,6,2,3,1,'2018-07-19 17:45:12','2018-07-19 17:45:12','56f42176-1af0-48bf-9c87-c4eca7ca437a'),(8,1,31,6,4,5,1,'2018-07-19 17:45:22','2018-07-19 17:45:22','63596b67-85bb-408c-a487-8a3d775c7082'),(9,2,NULL,9,1,4,0,'2018-07-19 17:45:41','2018-07-19 17:45:41','08f2a36f-139f-4238-b501-9016bd76ff7c'),(10,2,32,9,2,3,1,'2018-07-19 17:45:41','2018-07-19 17:45:41','ba8e9685-d4f0-482c-b386-108ef8340f1e'),(11,3,NULL,11,1,4,0,'2018-08-13 16:54:41','2018-08-13 16:54:41','1539cfc9-52ae-4e7e-9ffb-95fba435a298'),(12,3,96,11,2,3,1,'2018-08-13 16:54:41','2018-08-13 16:54:41','ff5889a2-8bd0-4f05-b9d9-070d29c387e0'),(13,5,NULL,13,1,8,0,'2018-08-23 13:36:04','2018-08-23 13:37:07','ec721f3e-e8a6-46dc-91ea-3a0aa853f1d5'),(14,5,142,13,2,3,1,'2018-08-23 13:36:04','2018-08-23 13:36:04','e4fa6ad2-5b04-4b08-80ba-110639e6ee00'),(15,5,143,13,4,5,1,'2018-08-23 13:36:50','2018-08-23 13:36:50','05fceb64-bdbe-4085-afa0-3359e56a03f6'),(16,5,144,13,6,7,1,'2018-08-23 13:37:07','2018-08-23 13:37:07','68db07c6-aee5-4e93-a3b6-4c89bd644d10');
/*!40000 ALTER TABLE `craft_structureelements` ENABLE KEYS */;
UNLOCK TABLES;
commit;

--
-- Dumping data for table `craft_structures`
--

LOCK TABLES `craft_structures` WRITE;
/*!40000 ALTER TABLE `craft_structures` DISABLE KEYS */;
set autocommit=0;
INSERT INTO `craft_structures` VALUES (1,NULL,'2018-07-19 17:41:24','2018-07-19 17:42:43','11497434-c5d6-49c5-b567-432513eac524'),(2,NULL,'2018-07-19 17:43:06','2018-08-13 20:10:40','0d60d211-6df0-4725-9980-9853bdb8463f'),(3,NULL,'2018-07-19 17:43:15','2018-07-19 17:43:15','6fe162c3-34bb-44a0-b6b9-0569ed327492'),(4,NULL,'2018-07-19 17:43:26','2018-07-19 17:43:26','0b7d9af9-d777-48d3-81ac-5876b66f32f8'),(5,1,'2018-08-23 13:35:40','2018-08-23 14:15:15','638b6187-ce8a-4e3b-b29e-abf396990683');
/*!40000 ALTER TABLE `craft_structures` ENABLE KEYS */;
UNLOCK TABLES;
commit;

--
-- Dumping data for table `craft_systemmessages`
--

LOCK TABLES `craft_systemmessages` WRITE;
/*!40000 ALTER TABLE `craft_systemmessages` DISABLE KEYS */;
set autocommit=0;
/*!40000 ALTER TABLE `craft_systemmessages` ENABLE KEYS */;
UNLOCK TABLES;
commit;

--
-- Dumping data for table `craft_systemsettings`
--

LOCK TABLES `craft_systemsettings` WRITE;
/*!40000 ALTER TABLE `craft_systemsettings` DISABLE KEYS */;
set autocommit=0;
INSERT INTO `craft_systemsettings` VALUES (1,'email','{\"fromEmail\":\"info@ideabasekent.com\",\"fromName\":\"IdeaBase Starter Kit\",\"transportType\":\"craft\\\\mail\\\\transportadapters\\\\Sendmail\"}','2018-05-02 20:31:27','2018-05-02 20:31:27','7779fb43-cfee-4cc5-94e2-cd44081bf036');
/*!40000 ALTER TABLE `craft_systemsettings` ENABLE KEYS */;
UNLOCK TABLES;
commit;

--
-- Dumping data for table `craft_taggroups`
--

LOCK TABLES `craft_taggroups` WRITE;
/*!40000 ALTER TABLE `craft_taggroups` DISABLE KEYS */;
set autocommit=0;
/*!40000 ALTER TABLE `craft_taggroups` ENABLE KEYS */;
UNLOCK TABLES;
commit;

--
-- Dumping data for table `craft_tags`
--

LOCK TABLES `craft_tags` WRITE;
/*!40000 ALTER TABLE `craft_tags` DISABLE KEYS */;
set autocommit=0;
/*!40000 ALTER TABLE `craft_tags` ENABLE KEYS */;
UNLOCK TABLES;
commit;

--
-- Dumping data for table `craft_templatecachequeries`
--

LOCK TABLES `craft_templatecachequeries` WRITE;
/*!40000 ALTER TABLE `craft_templatecachequeries` DISABLE KEYS */;
set autocommit=0;
/*!40000 ALTER TABLE `craft_templatecachequeries` ENABLE KEYS */;
UNLOCK TABLES;
commit;

--
-- Dumping data for table `craft_tokens`
--

LOCK TABLES `craft_tokens` WRITE;
/*!40000 ALTER TABLE `craft_tokens` DISABLE KEYS */;
set autocommit=0;
/*!40000 ALTER TABLE `craft_tokens` ENABLE KEYS */;
UNLOCK TABLES;
commit;

--
-- Dumping data for table `craft_usergroups`
--

LOCK TABLES `craft_usergroups` WRITE;
/*!40000 ALTER TABLE `craft_usergroups` DISABLE KEYS */;
set autocommit=0;
/*!40000 ALTER TABLE `craft_usergroups` ENABLE KEYS */;
UNLOCK TABLES;
commit;

--
-- Dumping data for table `craft_usergroups_users`
--

LOCK TABLES `craft_usergroups_users` WRITE;
/*!40000 ALTER TABLE `craft_usergroups_users` DISABLE KEYS */;
set autocommit=0;
/*!40000 ALTER TABLE `craft_usergroups_users` ENABLE KEYS */;
UNLOCK TABLES;
commit;

--
-- Dumping data for table `craft_userpermissions`
--

LOCK TABLES `craft_userpermissions` WRITE;
/*!40000 ALTER TABLE `craft_userpermissions` DISABLE KEYS */;
set autocommit=0;
/*!40000 ALTER TABLE `craft_userpermissions` ENABLE KEYS */;
UNLOCK TABLES;
commit;

--
-- Dumping data for table `craft_userpermissions_usergroups`
--

LOCK TABLES `craft_userpermissions_usergroups` WRITE;
/*!40000 ALTER TABLE `craft_userpermissions_usergroups` DISABLE KEYS */;
set autocommit=0;
/*!40000 ALTER TABLE `craft_userpermissions_usergroups` ENABLE KEYS */;
UNLOCK TABLES;
commit;

--
-- Dumping data for table `craft_userpermissions_users`
--

LOCK TABLES `craft_userpermissions_users` WRITE;
/*!40000 ALTER TABLE `craft_userpermissions_users` DISABLE KEYS */;
set autocommit=0;
/*!40000 ALTER TABLE `craft_userpermissions_users` ENABLE KEYS */;
UNLOCK TABLES;
commit;

--
-- Dumping data for table `craft_userpreferences`
--

LOCK TABLES `craft_userpreferences` WRITE;
/*!40000 ALTER TABLE `craft_userpreferences` DISABLE KEYS */;
set autocommit=0;
INSERT INTO `craft_userpreferences` VALUES (1,'{\"language\":\"en-US\"}');
/*!40000 ALTER TABLE `craft_userpreferences` ENABLE KEYS */;
UNLOCK TABLES;
commit;

--
-- Dumping data for table `craft_users`
--

LOCK TABLES `craft_users` WRITE;
/*!40000 ALTER TABLE `craft_users` DISABLE KEYS */;
set autocommit=0;
INSERT INTO `craft_users` VALUES (1,'ideabase',NULL,NULL,NULL,'info@ideabasekent.com','$2y$13$5T6BIgvlnAVqKK4rDrY/3urxYSaEsVCHl24zJvtUTDsH6DThE4mnO',1,0,0,0,'2018-08-24 18:11:54','::1',NULL,NULL,'2018-08-13 14:38:33',NULL,1,NULL,NULL,NULL,0,'2018-05-02 20:31:27','2018-05-02 20:31:27','2018-08-24 18:11:54','36ed8153-4670-400d-8540-d2f926079c0e');
/*!40000 ALTER TABLE `craft_users` ENABLE KEYS */;
UNLOCK TABLES;
commit;

--
-- Dumping data for table `craft_volumefolders`
--

LOCK TABLES `craft_volumefolders` WRITE;
/*!40000 ALTER TABLE `craft_volumefolders` DISABLE KEYS */;
set autocommit=0;
INSERT INTO `craft_volumefolders` VALUES (1,NULL,1,'Assets','','2018-05-07 19:45:09','2018-05-07 19:45:09','919ceac1-f7ec-42d4-9d53-bd08636acb0d'),(2,NULL,NULL,'Temporary source',NULL,'2018-05-07 19:45:44','2018-05-07 19:45:44','8d8a4731-8c76-47c7-ae0a-50c63527502b'),(3,2,NULL,'user_1','user_1/','2018-05-07 19:45:44','2018-05-07 19:45:44','610ec81c-b724-4c93-b951-a5d5f13e861f');
/*!40000 ALTER TABLE `craft_volumefolders` ENABLE KEYS */;
UNLOCK TABLES;
commit;

--
-- Dumping data for table `craft_volumes`
--

LOCK TABLES `craft_volumes` WRITE;
/*!40000 ALTER TABLE `craft_volumes` DISABLE KEYS */;
set autocommit=0;
INSERT INTO `craft_volumes` VALUES (1,9,'Assets','assets','craft\\volumes\\Local',1,'@baseUrl/assets/img/uploads','{\"path\":\"assets/img/uploads/\"}',1,'2018-05-07 19:45:09','2018-05-09 19:25:10','0f18705a-a007-42c9-ab24-1dee9a7d2c8e');
/*!40000 ALTER TABLE `craft_volumes` ENABLE KEYS */;
UNLOCK TABLES;
commit;

--
-- Dumping data for table `craft_widgets`
--

LOCK TABLES `craft_widgets` WRITE;
/*!40000 ALTER TABLE `craft_widgets` DISABLE KEYS */;
set autocommit=0;
INSERT INTO `craft_widgets` VALUES (1,1,'craft\\widgets\\RecentEntries',1,0,'{\"section\":\"*\",\"siteId\":\"1\",\"limit\":10}',1,'2018-05-02 20:31:29','2018-05-02 20:31:29','38cc3888-b2dc-4b5e-9d96-3c62ea59ae10'),(2,1,'craft\\widgets\\CraftSupport',2,0,'[]',1,'2018-05-02 20:31:29','2018-05-02 20:31:29','c4573e93-ab40-4276-bf0a-7725de48a741'),(3,1,'craft\\widgets\\Updates',3,0,'[]',1,'2018-05-02 20:31:29','2018-05-02 20:31:29','138c2926-45e7-4cb4-a9ff-11ed28a77e79');
/*!40000 ALTER TABLE `craft_widgets` ENABLE KEYS */;
UNLOCK TABLES;
commit;

--
-- Dumping routines for database 'rwdkent'
--
/*!40103 SET TIME_ZONE=@OLD_TIME_ZONE */;

/*!40101 SET SQL_MODE=@OLD_SQL_MODE */;
/*!40014 SET FOREIGN_KEY_CHECKS=@OLD_FOREIGN_KEY_CHECKS */;
/*!40014 SET UNIQUE_CHECKS=@OLD_UNIQUE_CHECKS */;
/*!40101 SET CHARACTER_SET_CLIENT=@OLD_CHARACTER_SET_CLIENT */;
/*!40101 SET CHARACTER_SET_RESULTS=@OLD_CHARACTER_SET_RESULTS */;
/*!40101 SET COLLATION_CONNECTION=@OLD_COLLATION_CONNECTION */;
/*!40111 SET SQL_NOTES=@OLD_SQL_NOTES */;

-- Dump completed on 2018-08-24 14:12:42
